source,model,article_id,subject_bias,framing_bias,treatment_bias,guests_bias,confidence,comment,status,run,overall_bias
cathinfo,llama3.2:latest,cathinfo_014119745235,-0.2,-0.5,-0.1,0.0,0.8,"L'article présente une vision globale du changement climatique et de ses conséquences, sans prendre parti politique. La framing est légèrement tendue en faveur d'un message de sensibilisation.",ok,1,-0.19999999999999998
cathinfo,llama3.2:latest,cathinfo_034785673294,-0.1,0.0,0.0,0.0,0.9,"L'article présente un sujet neutre (la nomination de Markus Cott) et une framing neutre, traitant les deux parties politiques avec impartialité. Les citations de Markus Cott et du Conseil de fondation de Missio Suisse sont également neutres, en soulignant l'importance de la mission universelle et de la dimension universelle de l'Église. Le ton est formel et respectueux.",ok,1,-0.025
cathinfo,llama3.2:latest,cathinfo_259731758893,-0.2,0.0,0.0,0.0,0.8,"L'article présente un ton neutre et objectif, sans préférence pour une idéologie ou une religion en particulier. Les informations sont présentées de manière claire et concise sur les points communs et les différences entre le Carême et le Ramadan.",ok,1,-0.05
cathinfo,llama3.2:latest,cathinfo_340304832807,-0.1,0.0,0.0,0.0,0.9,"L'article présente une approche neutre et informative sur l'initiative de la chaîne de prière eucharistique organisée par le Conseil des conférences épiscopales d’Europe, sans faire preuve de partialité politique ou religieuse. La couverture est limitée aux détails de l'organisation et aux dates des célébrations eucharistiques, sans évoquer des positions politiques ou religieuses partiales.",ok,1,-0.025
cathinfo,llama3.2:latest,cathinfo_662888994570,-0.2,-0.1,-0.4,-0.3,0.8,"L'article présente une analyse chrétienne de la tentation de Jésus, mettant en avant la résistance du Christ aux tentations du diable et les conséquences pour les disciples. Le ton est réfléchi et critique, avec des références bibliques et des exemples historiques.",ok,1,-0.25
cathinfo,llama3.2:latest,cathinfo_234305067909,-1.0,0.0,0.0,0.0,0.8,,ok,1,-0.25
cathinfo,llama3.2:latest,cathinfo_702696857698,-0.1,0.0,0.0,0.0,0.8,"L'article présente un ton neutre et objectif, en mettant en avant les objets personnels du pape Joseph Ratzinger sans prendre position sur son parcours ou ses idées. Les événements organisés pour commémorer sa naissance sont présentés de manière informative et objective.",ok,1,-0.025
cathinfo,llama3.2:latest,cathinfo_194493006529,-1.0,0.0,0.0,0.0,0.5,"Cependant, l'article ne fournit pas d'analyse plus profonde sur les implications politiques ou sociales de cette directive, ce qui limite sa portée et son impact.",ok,1,-0.25
cathinfo,llama3.2:latest,cathinfo_124594657656,-1.0,0.0,0.0,0.0,0.5,"L'article présente une vision générale positive du décès de Polycarp Pengo, en soulignant son rôle dans le dialogue islamo-chrétien et sa position au sein de l'Église catholique. Le ton est neutre et informatif.",ok,1,-0.25
cathinfo,llama3.2:latest,cathinfo_891457785609,,,,,,,recovered,1,
cathinfo,gemma2:latest,cathinfo_014119745235,0.0,0.0,0.0,0.0,0.7,The article focuses on an artwork and the artist's intentions. There is no clear political slant in the topic or presentation.,ok,1,0.0
cathinfo,gemma2:latest,cathinfo_034785673294,0.0,0.0,0.0,0.0,0.8,The article focuses on the appointment of a new director for a Catholic organization. There is no overt political slant in the reporting.,ok,1,0.0
cathinfo,gemma2:latest,cathinfo_259731758893,0.0,0.0,0.0,0.0,0.95,The article provides neutral information about the timing and significance of both Lent and Ramadan.,ok,1,0.0
cathinfo,gemma2:latest,cathinfo_340304832807,0.0,0.0,0.0,0.0,0.95,The article reports on a Catholic initiative for prayer and peace. There is no overt political slant.,ok,1,0.0
cathinfo,gemma2:latest,cathinfo_662888994570,,,,,,,recovered,1,
cathinfo,gemma2:latest,cathinfo_234305067909,0.0,0.0,0.0,0.0,0.8,The article focuses on a religious event and promotes subscriptions to a Catholic news outlet. There is no clear political slant.,ok,1,0.0
cathinfo,gemma2:latest,cathinfo_702696857698,0.0,0.0,0.0,0.0,0.95,The article presents factual information about the commemorative events for Pope Benedict XVI. There is no discernible political leaning in the subject matter or tone.,ok,1,0.0
cathinfo,gemma2:latest,cathinfo_194493006529,0.0,0.0,0.0,0.0,0.5,The article primarily focuses on a religious directive and subscription information. Political leanings are not discernible.,ok,1,0.0
cathinfo,gemma2:latest,cathinfo_124594657656,0.0,0.0,0.0,0.0,0.95,The article is a neutral obituary about a Catholic cardinal. There are no overt political leanings.,ok,1,0.0
cathinfo,gemma2:latest,cathinfo_891457785609,,,,,,,recovered,1,
cathinfo,phi3:mini,cathinfo_014119745235,-1.0,-0.5,-0.7,-0.3,0.9,The article leans slightly to the left due to its focus on environmental and social issues with a negative portrayal of current societal actions towards these problems.,ok,1,-0.625
cathinfo,phi3:mini,cathinfo_034785673294,0.0,-1.0,0.5,0.3,0.8,"The article leans left due to its positive portrayal of Markus Cott's missionary work and his focus on marginalized communities. However, the subject matter itself is neutral.",ok,1,-0.05
cathinfo,phi3:mini,cathinfo_259731758893,-0.1,-0.2,-0.3,0.0,0.95,The article maintains a slight left-leaning bias by focusing on the Christian observance of Ash Wednesday and Lent in relation to Islamic Ramadan without giving equal weight or comparison between them.,ok,1,-0.15000000000000002
cathinfo,phi3:mini,cathinfo_340304832807,-1.0,-1.0,0.0,0.0,1.0,The article is left-leaning due to its focus on the Catholic Church's efforts for peace and unity through prayer amidst global conflicts.,ok,1,-0.5
cathinfo,phi3:mini,cathinfo_662888994570,-1.0,-1.0,0.0,0.0,0.95,The article presents a clear left-leaning bias by emphasizing the negative aspects of religious institutions and their history with power politics. It uses strong language to criticize these entities.,ok,1,-0.5
cathinfo,phi3:mini,cathinfo_234305067909,-1.0,-1.0,-10.0,0.0,0.95,The article's subject and framing clearly lean left due to its religious context and warning against 'easy gratification'. The treatment of the right seems unfavorable with negative portrayal.,ok,1,-3.0
cathinfo,phi3:mini,cathinfo_702696857698,-0.4,-0.6,-0.7,-0.9,0.85,The article appears to lean slightly left due to its focus on the spiritual and personal aspects of Benedict XVI's life rather than his political stances or conservative views that are often highlighted in right-leaning narratives about him.,ok,1,-0.65
cathinfo,phi3:mini,cathinfo_194493006529,-0.8,-1.0,-1.0,0.0,0.95,The article is clearly left-leaning and critical of right-wing politicization in religious spaces within Ghana. It also seems to be supportive towards the GCBC's directive.,ok,1,-0.7
cathinfo,phi3:mini,cathinfo_124594657656,-0.1,-0.2,-0.3,0.0,0.95,The article maintains a slight left-leaning bias by focusing on interfaith dialogue and the religious diversity of Tanzania without overtly favoring one side. The framing is more neutral but slightly leans towards inclusivity common in liberal narratives.,ok,1,-0.15000000000000002
cathinfo,phi3:mini,cathinfo_891457785609,,0.0,,,1.0,The article is factual and neutral with no apparent bias in subject matter or framing.,recovered,1,0.0
cathinfo,qwen2.5:3b-instruct,cathinfo_014119745235,-0.4,-0.6,-0.5,0.0,1.0,"The article focuses on a religious art piece that critiques contemporary issues like climate change and social divisions, leaning towards a left-leaning perspective.",ok,1,-0.375
cathinfo,qwen2.5:3b-instruct,cathinfo_034785673294,-0.4,-0.6,-0.5,0.0,1.0,"The article focuses on the appointment of a Vatican official and his background, with no clear bias towards either side. The guests (Markus Cott) are presented neutrally.",ok,1,-0.375
cathinfo,qwen2.5:3b-instruct,cathinfo_259731758893,0.0,0.0,0.0,0.0,1.0,"The article discusses the similarities and differences between Christian Lent (Carême) and Muslim Ramadan, focusing on their spiritual goals and practices without taking a clear political stance.",ok,1,0.0
cathinfo,qwen2.5:3b-instruct,cathinfo_340304832807,0.0,-1.0,-1.0,0.0,1.0,"The article is neutral in its topic selection and framing, but leans left in its treatment of the subject matter and does not feature any quoted voices or invited speakers.",ok,1,-0.5
cathinfo,qwen2.5:3b-instruct,cathinfo_662888994570,-0.5,-0.75,-0.5,0.0,1.0,"The article focuses on the temptations faced by Jesus, presenting them as a critique of Christian practices and institutions rather than an exegesis of scripture.",ok,1,-0.4375
cathinfo,qwen2.5:3b-instruct,cathinfo_234305067909,0.0,-1.0,-1.0,0.0,0.95,"The article focuses on a religious message without mentioning any political figures or issues, maintaining a neutral stance. The language used is consistent with conservative religious teachings.",ok,1,-0.5
cathinfo,qwen2.5:3b-instruct,cathinfo_702696857698,0.0,0.0,0.0,0.0,1.0,"The article is a neutral report on the commemoration of Joseph Ratzinger's life and work, with no clear political stance or bias.",ok,1,0.0
cathinfo,qwen2.5:3b-instruct,cathinfo_194493006529,-0.8,-0.7,-0.9,0.0,1.0,"The article focuses on the GCBC's stance against political use of religious spaces, presenting it as a left-leaning issue.",ok,1,-0.6
cathinfo,qwen2.5:3b-instruct,cathinfo_124594657656,0.0,0.0,0.0,0.0,1.0,The article does not contain any political bias and focuses on a religious figure's death.,ok,1,0.0
cathinfo,qwen2.5:3b-instruct,cathinfo_891457785609,-0.25,-0.75,-0.5,0.0,1.0,"The article focuses on a Swiss painter's artwork in the Vatican, emphasizing his spiritual and artistic approach rather than religious doctrine or controversy.",ok,1,-0.375
cathinfo,gemma3:4b,cathinfo_014119745235,,,,,,,ok,1,
cathinfo,gemma3:4b,cathinfo_034785673294,0.0,0.1,0.7,0.0,0.8,"The article presents a positive overview of Markus Cott's extensive experience and commitment to humanitarian work and mission, reflecting favorably on his appointment. It highlights his international background and alignment with Missio's goals.",ok,1,0.19999999999999998
cathinfo,gemma3:4b,cathinfo_259731758893,0.0,0.0,0.0,0.0,0.8,"The article neutrally discusses the overlap of the Christian Lent and Muslim Ramadan, focusing on their origins and practices. It provides factual information about the calculation of dates for both traditions without expressing a particular political or ideological viewpoint.",ok,1,0.0
cathinfo,gemma3:4b,cathinfo_340304832807,0.0,0.1,0.1,0.0,0.8,"The article describes a Catholic initiative for prayer and peace during Lent, focusing on the European context. It highlights the participation of various European countries and religious institutions.",ok,1,0.05
cathinfo,gemma3:4b,cathinfo_662888994570,-0.6,0.3,0.2,-0.4,0.8,"The article focuses on the temptation of Jesus, framing it as a struggle against worldly desires and the misuse of religious authority. It highlights the dangers of prioritizing earthly ambition over spiritual devotion, and subtly criticizes interpretations of scripture that serve egoistic purposes.",ok,1,-0.125
cathinfo,gemma3:4b,cathinfo_234305067909,0.0,0.0,0.0,0.0,0.9,"This article is a promotional piece for a Catholic news website, 'cath.ch'. It discusses a speech by Pope Leo XIV and then promotes subscriptions to the website and its newsletter. There is no clear political leaning.",ok,1,0.0
cathinfo,gemma3:4b,cathinfo_702696857698,0.0,0.0,0.0,0.0,0.8,"This article provides a factual overview of a museum exhibit dedicated to the life and work of Joseph Ratzinger/Pope Benedict XVI. It focuses on the collection of his personal items and the associated events, presenting a neutral and informative account.",ok,1,0.0
cathinfo,gemma3:4b,cathinfo_194493006529,0.1,0.2,0.1,0.0,0.8,"The article discusses a Ghanaian church's concern about political use of religious spaces. It focuses on a call to maintain the sanctity of these spaces outside of political influence, with an advertisement for a religious news outlet.",ok,1,0.1
cathinfo,gemma3:4b,cathinfo_124594657656,0.0,0.1,0.0,0.0,0.8,"This article focuses on the death of a Catholic cardinal involved in interfaith dialogue, presenting a neutral overview of his life and work. The promotional content for a Catholic news website adds a slight leaning towards the religious sphere.",ok,1,0.025
cathinfo,gemma3:4b,cathinfo_891457785609,0.1,0.2,0.1,0.0,0.7,"The article focuses on an artist's successful project within a historic Catholic space, highlighting his artistic background and spiritual perspective. It presents a neutral and appreciative tone towards the artist's work and its integration within the basilica.",ok,1,0.1
cathinfo,MichelRosselli/apertus:latest,cathinfo_014119745235,0.0,-1.0,0.0,0.0,0.75,"La tenture de Carême est une œuvre d'art qui aborde des défis mondiaux comme le changement climatique, les conflits et les divisions sociales. L'artiste allemande Konstanze Trommer espère que son image incitera à la réflexion. Bien qu'elle ne conduira pas à un changement radical des mentalités, elle estime qu'il ne faut pas relâcher nos efforts pour sensibiliser les gens à l'importance d'un monde où il fait bon vivre.",ok,1,-0.25
cathinfo,MichelRosselli/apertus:latest,cathinfo_034785673294,0.0,-1.0,0.0,0.0,0.85,"The article focuses on the appointment of a new director for the Vatican's mission organization, with no clear political leaning in its subject matter.",ok,1,-0.25
cathinfo,MichelRosselli/apertus:latest,cathinfo_259731758893,0.0,0.0,0.0,0.0,1.0,"The article provides an objective comparison of the Christian and Muslim holy periods, Carême and Ramadan, without showing any political or ideological bias.",ok,1,0.0
cathinfo,MichelRosselli/apertus:latest,cathinfo_340304832807,0.0,-1.0,0.0,0.0,0.95,"The article covers a religious event and does not show any clear political bias. The framing is left-leaning as it emphasizes the importance of prayer for peace, which could be seen as a critique of conflict resolution methods other than diplomacy and dialogue.",ok,1,-0.25
cathinfo,MichelRosselli/apertus:latest,cathinfo_662888994570,0.0,-1.0,0.0,0.0,0.95,"L'article traite de la tentation de Jésus dans le désert, un sujet religieux et historique, sans aucune orientation politique évidente.",ok,1,-0.25
cathinfo,MichelRosselli/apertus:latest,cathinfo_234305067909,0.0,0.0,0.0,0.0,1.0,"L'article couvre un événement religieux sans inclinaison politique évidente, avec une absence de commentaires politiques ou d'interviews.",ok,1,0.0
cathinfo,MichelRosselli/apertus:latest,cathinfo_702696857698,0.0,0.0,0.0,0.0,1.0,"L'article présente une célébration du centenaire de la naissance de Joseph Ratzinger, devenu pape Benoît XVI, sans incliner vers un parti politique spécifique.",ok,1,0.0
cathinfo,MichelRosselli/apertus:latest,cathinfo_194493006529,0.0,-1.0,0.0,0.0,0.95,"The article discusses a pastoral directive from the Ghana Conference of Bishops regarding the use of sacred spaces for political purposes, which leans left due to its focus on protecting religious institutions from partisan activities.",ok,1,-0.25
cathinfo,MichelRosselli/apertus:latest,cathinfo_124594657656,0.0,0.0,0.0,0.0,1.0,"L'article est centré sur le décès d'un cardinal tanzanien, sans incliner vers un parti politique spécifique.",ok,1,0.0
cathinfo,MichelRosselli/apertus:latest,cathinfo_891457785609,0.0,-1.0,0.0,0.0,0.95,"The article focuses on the artistic process and the significance of the artwork in a religious context, without taking any political stance.",ok,1,-0.25
cathinfo,llama3.1:8b,cathinfo_014119745235,-0.2,-0.1,-0.3,0.0,0.8,"The article presents a neutral topic, but with a slightly left-leaning framing and treatment of the artist's work. The subject matter itself is not overtly political.",ok,1,-0.15000000000000002
cathinfo,llama3.1:8b,cathinfo_034785673294,-0.5,-0.2,-0.3,0.0,0.8,"The article appears to be neutral in its selection of topic, but leans slightly left in framing and tone. The treatment of the subject is also somewhat favorable to the left, but not overwhelmingly so.",ok,1,-0.25
cathinfo,llama3.1:8b,cathinfo_259731758893,-0.1,-0.2,-0.3,0.0,0.8,"The article presents a neutral and informative approach to comparing the Christian Lent and Muslim Ramadan, without apparent bias towards either side.",ok,1,-0.15000000000000002
cathinfo,llama3.1:8b,cathinfo_340304832807,-0.2,-0.1,-0.3,0.0,0.8,"The article appears to be neutral in its selection of topic, but frames the issue of promoting peace through prayer as a positive and necessary action, which may lean slightly left. The treatment of the subject is also somewhat favorable to the left, as it emphasizes the importance of interfaith dialogue and cooperation.",ok,1,-0.15000000000000002
cathinfo,llama3.1:8b,cathinfo_662888994570,-1.0,-1.0,-1.0,-1.0,0.8,"The article's tone is generally neutral, but it does lean towards a more left-leaning interpretation of the biblical story, emphasizing the dangers of nationalism and the importance of humility.",ok,1,-1.0
cathinfo,llama3.1:8b,cathinfo_234305067909,-1.0,-1.0,-1.0,0.0,0.9,"The article is clearly biased towards Catholicism and the Church, with a neutral tone towards other religious groups.",ok,1,-0.75
cathinfo,llama3.1:8b,cathinfo_702696857698,-0.4,-0.3,-0.5,-0.7,0.8,"The article presents a neutral to slightly left-leaning tone, focusing on the life and legacy of Pope Benedict XVI without sensationalism or bias. However, the inclusion of quotes from Catholic sources and the emphasis on his theological contributions may indicate a subtle favoring of conservative Catholic perspectives.",ok,1,-0.475
cathinfo,llama3.1:8b,cathinfo_194493006529,-1.0,-1.0,-1.0,0.0,0.8,"The article appears to be neutral in its treatment of political actors, but the topic selection and framing suggest a left-leaning bias.",ok,1,-0.75
cathinfo,llama3.1:8b,cathinfo_124594657656,0.0,-0.2,0.0,0.0,1.0,"The article is a straightforward obituary, without any evident bias in topic selection or treatment.",ok,1,-0.05
cathinfo,llama3.1:8b,cathinfo_891457785609,-0.333,0.0,-0.222,-0.111,0.7,"The article presents a neutral tone, focusing on the artist's work and process, without explicit bias towards any particular religion or ideology.",ok,1,-0.1665
cathinfo,phi3.5:latest,cathinfo_014119745235,-0.1,-0.2,-0.15,0.0,0.9,"L'article présente une tenture de carême qui critique les actions face au changement climatique avec un léger penchant à gauche en soulignant la nécessité d’une action plus significative et le rôle des institutions religieuses dans ce contexte. Il n'y a pas de spécifiques invités politiques ou leurs opinions exprimées, donc les biais concernant les invités sont neutres.",ok,1,-0.11250000000000002
cathinfo,phi3.5:latest,cathinfo_034785673294,0.0,0.0,0.0,0.0,1.0,The article presents factual information about Markus Cott's career and appointment without political leaning or bias towards any side.,ok,1,0.0
cathinfo,phi3.5:latest,cathinfo_259731758893,-0.1,-0.1,0.0,0.0,0.95,L'article traite principalement des dates et du calcul de Pâques sans aucune indication d'un parti pris politique ou préférence partisane. Le ton est informatif et neutre.,ok,1,-0.05
cathinfo,phi3.5:latest,cathinfo_340304832807,-0.1,-0.2,-0.15,0.0,0.9,The article discusses a religious event with neutrality and slight left-leaning undertones due to its focus on peace amidst conflicts from the perspective of Catholic Church in Europe but does not overtly favor any political side or quote politically charged guests.,ok,1,-0.11250000000000002
cathinfo,phi3.5:latest,cathinfo_662888994570,-0.8,-1.0,-1.0,-1.0,0.95,The article leans heavily to the left politically by criticizing how Christians have historically succumbisced to worldly temptations and structures instead of following Christ's example strictly. The framing is negative towards Christian institutions for their misuse of religious teachings.,ok,1,-0.95
cathinfo,phi3.5:latest,cathinfo_234305067909,-0.0,-0.1,-0.1,0.0,0.95,L'article présente une perspective religieuse avec un léger biais à la gauche en mettant l'accent sur les dangers des voies de satisfaction faciles et le besoin spirituel pour la joie authentique. La framing est légèrement conservatrice sans ouvertement favoriser aucune extrémité politique.,ok,1,-0.05
cathinfo,phi3.5:latest,cathinfo_702696857698,-0.0,-0.0,-0.0,0.0,1.0,L'article est neutre et informatif concernant les commémorations de Joseph Ratzinger devenu Benoît XVI sans aucune indication d'un parti politique ou idéologique particulier. Les objets présentés sont descriptifs plutôt que partisans.,ok,1,0.0
cathinfo,phi3.5:latest,cathinfo_194493006529,-0.0,-0.1,-0.1,0.0,0.9,"L'article traite principalement d'une directive ecclésiastique sans biais politique explicite et avec une légère tendance à mettre en avant les aspects non politiques de la situation. La framing est neutre mais suggère un souci pour le rôle sacré des lieux, ce qui peut être interprété comme légerement centrée sur l'aspect religieux plutôt que politique. Il n'y a pas d'invités ou de discours politiques distincts mentionnés.",ok,1,-0.05
cathinfo,phi3.5:latest,cathinfo_124594657656,0.0,0.0,0.0,0.0,1.0,L'article est factuel et informatif sur la mort d'un archevêque sans aucune indication de parti pris ou biais politique. Le sujet choisi n’indique pas un alignement à gauche ni à droite.,ok,1,0.0
cathinfo,phi3.5:latest,cathinfo_891457785609,,,,,,,ok,1,
jacobin,llama3.2:latest,jacobin_005466088031,-0.5,0.2,0.8,0.0,1.0,"The article presents a left-leaning perspective on labor organizing, highlighting the UAW's successful mass-scale organizing efforts and criticizing traditional structure-based approaches as inadequate. The author argues for a more flexible and worker-to-worker approach to organizing, emphasizing the importance of strategic fluency in adapting to different terrain and resistance.",ok,1,0.125
jacobin,llama3.2:latest,jacobin_119187946575,-0.5,0.0,0.0,0.0,1.0,"While the article acknowledges the complexities of the situation, it does not explicitly take a left-leaning or right-leaning stance on the issues presented.",ok,1,-0.125
jacobin,llama3.2:latest,jacobin_233576468271,-0.1,0.0,-0.2,0.0,0.8,"The article presents a neutral and informative narrative, with the author discussing their background and influences in power research. The tone is conversational and lacks any overtly left-leaning or right-leaning framing.",ok,1,-0.07500000000000001
jacobin,llama3.2:latest,jacobin_037208927550,-0.1,0.0,0.0,0.0,0.7,"The article presents a neutral view on the topic of private equity investment in the Olympics, with no clear left or right leaning. The language used is formal and objective, suggesting a balanced approach to the subject.",ok,1,-0.025
jacobin,llama3.2:latest,jacobin_265555549188,-1.0,-1.0,-1.0,-1.0,1.0,"The article presents a strongly left-leaning perspective on the Israeli-Palestinian conflict, criticizing Israel's actions and framing the situation as a genocide. The language used is emotive and critical of Israel, with phrases such as ""brutally and systematically dismantled"" and ""genocide within the context of a decades-old colonial occupation."" The article also highlights the humanitarian crisis in Gaza and the lack of access to aid, which could be seen as a critique of Israel's policies. However, it is essential to note that the article does not provide a balanced view of the conflict and may be biased towards the Palestinian perspective.",ok,1,-1.0
jacobin,llama3.2:latest,jacobin_125010757319,-0.8,-1.2,-0.5,0.0,0.9,"The article portrays Rodrigo Chaves's administration as populist, confrontational, and favoring technocratic economic policies. The tone suggests a critical view of Chaves's government, highlighting its failures and controversies.",ok,1,-0.625
jacobin,llama3.2:latest,jacobin_236421211848,-1.0,-1.0,-1.0,0.0,0.8,"The article presents a left-leaning narrative, with the Mexican president being portrayed as a strong and intelligent leader. The framing is critical of Trump's behavior, particularly his promotion of conspiracy theories.",ok,1,-0.75
jacobin,llama3.2:latest,jacobin_020900535707,-0.05,0.15,0.1,0.0,0.8,"The article presents a nuanced and balanced view of the mother-led movements in Sweden, highlighting their grassroots nature and collective responses to public care issues. The tone is generally neutral, but slightly leans towards a left-leaning perspective on the importance of care and accountability.",ok,1,0.05
jacobin,llama3.2:latest,jacobin_163802476498,-0.5,0.2,0.1,0.0,0.8,"The article presents a neutral and informative discussion on the history and implementation of universal pre-K in New York City, with no apparent bias towards either side of the political spectrum.",ok,1,-0.049999999999999996
jacobin,llama3.2:latest,jacobin_195097742057,-1.0,-1.0,-1.0,0.0,0.8,"The article presents a left-leaning perspective on the current state of politics, highlighting the decline of mass democracy and the rise of hyperpolitics. The author critiques the lack of institutional frameworks and the fragmentation of public discourse, arguing that this has led to a precarious social base for political movements.",ok,1,-0.75
jacobin,gemma2:latest,jacobin_005466088031,,,,,,,fallback,1,
jacobin,gemma2:latest,jacobin_119187946575,0.2,-0.1,-0.3,-0.4,0.7,The article focuses on a historically left-leaning event and features primarily left-leaning voices. The framing is generally positive towards the activists involved.,ok,1,-0.15
jacobin,gemma2:latest,jacobin_233576468271,,,,,,,fallback,1,
jacobin,gemma2:latest,jacobin_037208927550,0.0,0.0,0.0,0.0,0.6,The article presents information about the IOC's potential use of private equity without explicitly taking a stance on the topic.,ok,1,0.0
jacobin,gemma2:latest,jacobin_265555549188,-0.8,-0.9,-0.7,0.0,0.9,The article strongly condemns Israeli actions in Gaza and portrays them as a genocide. It uses emotionally charged language and focuses on Palestinian suffering.,ok,1,-0.6000000000000001
jacobin,gemma2:latest,jacobin_125010757319,-0.2,-0.6,-0.7,0.0,0.8,"The article presents a critical view of the Chaves administration, highlighting its negative impacts on social welfare and gender equality.",ok,1,-0.375
jacobin,gemma2:latest,jacobin_236421211848,0.2,-0.3,-0.4,-0.6,0.7,The article focuses on US-Mexico relations with a slight rightward lean due to the framing of Trump's actions and the Mexican government's responses. The quoted voices lean left.,ok,1,-0.275
jacobin,gemma2:latest,jacobin_020900535707,0.0,-0.2,-0.3,0.0,0.6,"The article focuses on the experiences of mothers advocating for public care, framing them as victims of societal neglect. The language used is generally sympathetic to their cause.",ok,1,-0.125
jacobin,gemma2:latest,jacobin_163802476498,0.1,0.2,0.0,0.0,0.6,The article focuses on a progressive policy (universal pre-K) and quotes a left-leaning expert. Framing is generally positive towards the policy.,ok,1,0.07500000000000001
jacobin,gemma2:latest,jacobin_195097742057,,,,,,,fallback,1,
jacobin,phi3:mini,jacobin_005466088031,,,,,,,fallback,1,
jacobin,phi3:mini,jacobin_119187946575,-0.75,-1.0,-0.85,-1.0,0.9,The article appears to lean left-leaning with a strong bias towards the Young Lords' activism and their fight for healthcare rights in poor communities. The framing is sympathetic towards these causes.,ok,1,-0.9
jacobin,phi3:mini,jacobin_233576468271,0.0,-1.0,-1.0,-1.0,0.95,"The article presents a personal narrative with no clear bias towards left or right politics in the subject matter; however, it emphasizes social change and power research within political contexts which may suggest a leaning toward progressive ideologies.",ok,1,-0.75
jacobin,phi3:mini,jacobin_037208927550,-0.25,-0.1,-0.3,-0.4,0.85,The article appears to be slightly left-leaning due to its critical tone towards the IOC's financial strategies and Samaranch’s political background.,ok,1,-0.26249999999999996
jacobin,phi3:mini,jacobin_265555549188,-1.0,-1.0,-1.0,-1.0,0.95,The article presents a clear left-leaning perspective with strong language favorable to Palestinians and critical of Israeli actions in Gaza as well as the international community's response.,ok,1,-1.0
jacobin,phi3:mini,jacobin_125010757319,-0.75,-1.0,-0.9,-1.0,0.95,The article presents a clear left-leaning bias against Rodrigo Chaves' administration through its critical framing and treatment of his policies and actions. The guests or speakers quoted in the context likely share this perspective.,ok,1,-0.9125
jacobin,phi3:mini,jacobin_236421211848,-1.0,-1.0,-0.85,,0.95,The article leans left and right-leaning in terms of subject matter and framing respectively due to its focus on Mexican President Sheinbaum's policies against Trump administration rhetoric.,ok,1,-0.9500000000000001
jacobin,phi3:mini,jacobin_020900535707,-0.25,-0.15,-0.1,-0.2,0.9,The article leans slightly left due to its focus on public welfare and social justice issues but maintains a balanced tone overall.,ok,1,-0.175
jacobin,phi3:mini,jacobin_163802476498,-0.1,-0.2,-0.3,0.0,0.95,The article presents a historical and political analysis of universal childcare in New York City with some left-leaning elements but remains relatively neutral overall.,ok,1,-0.15000000000000002
jacobin,phi3:mini,jacobin_195097742057,,,,,,,fallback,1,
jacobin,qwen2.5:3b-instruct,jacobin_005466088031,-0.4,-0.6,-0.5,0.0,1.0,"The article discusses organizing strategies and leans towards a left-leaning perspective, focusing on grassroots and worker-led movements.",ok,1,-0.375
jacobin,qwen2.5:3b-instruct,jacobin_119187946575,-0.6,-0.8,-0.5,0.0,1.0,"The article focuses on the historical context and political activism surrounding Lincoln Hospital, with a strong emphasis on left-wing movements and their impact.",ok,1,-0.475
jacobin,qwen2.5:3b-instruct,jacobin_233576468271,-0.4,-0.6,-0.5,0.0,1.0,"The article discusses the origins and influences of power research, with a focus on Tom Hayden's mentorship and early work in social movements. It does not present clear bias towards either side.",ok,1,-0.375
jacobin,qwen2.5:3b-instruct,jacobin_037208927550,-0.3,-0.5,-0.4,-0.6,1.0,"The article focuses on private equity's potential role in the Olympics, which is portrayed negatively by mentioning its 'not cheap' nature and the involvement of a controversial figure like Juan Antonio Samaranch.",ok,1,-0.45000000000000007
jacobin,qwen2.5:3b-instruct,jacobin_265555549188,-1.0,-1.0,-1.0,0.0,1.0,"The article focuses heavily on the atrocities committed by Israel in Gaza, presenting a strongly left-leaning perspective without mentioning any counter-arguments or right-wing viewpoints.",ok,1,-0.75
jacobin,qwen2.5:3b-instruct,jacobin_125010757319,-0.5,-0.75,-0.625,0.0,1.0,"The article focuses on Rodrigo Chaves's administration, which is presented as a populist and confrontational force that undermines the established political order. The tone is critical of his actions.",ok,1,-0.46875
jacobin,qwen2.5:3b-instruct,jacobin_236421211848,-0.5,-0.75,-0.5,0.0,1.0,"The article focuses on interactions between Mexican and US leaders, presenting them in a positive light for Mexico but criticizing their actions towards the US.",ok,1,-0.4375
jacobin,qwen2.5:3b-instruct,jacobin_020900535707,-1.0,-1.0,-1.0,0.0,1.0,"The article focuses on mother-led movements in Sweden addressing care and safety for children, showing a left-leaning perspective throughout.",ok,1,-0.75
jacobin,qwen2.5:3b-instruct,jacobin_163802476498,-0.4,-0.6,-0.5,0.0,1.0,"The article discusses the implementation and framing of a universal pre-K initiative, focusing on its political context and debates around funding sources and service delivery.",ok,1,-0.375
jacobin,qwen2.5:3b-instruct,jacobin_195097742057,-0.4,-0.6,-0.5,0.0,0.9,"The article leans left in its subject matter and framing, criticizing the decline of mass politics and institutional involvement. It also shows a negative bias towards current political engagement trends.",ok,1,-0.375
jacobin,gemma3:4b,jacobin_005466088031,0.2,0.3,0.7,0.0,0.8,"The article presents a nuanced perspective on union organizing, favoring a pragmatic approach that blends traditional structure-based methods with momentum-based strategies. It highlights the UAW's challenges stemming from past organizational weaknesses and ultimately advocates for a bold, adaptable strategy to address declining union density.",ok,1,0.3
jacobin,gemma3:4b,jacobin_119187946575,0.3,0.4,0.2,0.3,0.8,"The article primarily focuses on the actions of the Young Lords and their efforts to improve healthcare access in the Bronx, presenting a sympathetic view of their activism. It highlights the systemic issues of healthcare inequality and the political context surrounding the events.",ok,1,0.3
jacobin,gemma3:4b,jacobin_233576468271,0.2,0.3,0.1,0.0,0.7,"The article focuses on the development of power research through the lens of influential figures like Tom Hayden and C. Wright Mills. It highlights a critical examination of power structures and their impact on US policy, particularly regarding the Dominican Republic.",ok,1,0.15
jacobin,gemma3:4b,jacobin_037208927550,0.2,0.3,0.3,0.6,0.8,"The article explores the IOC's consideration of private equity investment, highlighting Samaranch's proposals and investor interest. The focus on Samaranch, with his family's history, and the inclusion of investment banker perspectives leans towards a right-leaning assessment of the situation.",ok,1,0.35
jacobin,gemma3:4b,jacobin_265555549188,0.7,0.8,-0.7,0.1,0.9,"The article heavily frames the situation in Gaza as a continuation of genocide, emphasizing Israeli actions and restrictions on aid. It presents a strongly critical perspective of the Israeli regime and its policies, while largely omitting any positive framing of the ceasefire deal.",ok,1,0.225
jacobin,gemma3:4b,jacobin_125010757319,,,,,,,ok,1,
jacobin,gemma3:4b,jacobin_236421211848,0.1,-0.4,0.3,0.2,0.8,The article presents Sheinbaum positively while highlighting inflammatory rhetoric from Trump and the White House. It suggests a cycle of negotiation and escalating narratives.,ok,1,0.04999999999999999
jacobin,gemma3:4b,jacobin_020900535707,0.2,0.3,0.6,0.0,0.8,"The article focuses on grassroots movements advocating for public care, suggesting a slight left-leaning perspective. It favorably portrays the mothers' efforts to combat inadequate services and defend their rights, highlighting their resistance to austerity measures.",ok,1,0.275
jacobin,gemma3:4b,jacobin_163802476498,0.3,0.2,0.6,0.0,0.8,"The article presents a largely favorable view of Bill de Blasio's Universal Pre-K initiative, framing it as a strategically sound and politically sustainable policy driven by a commitment to equity. It highlights de Blasio's decision to implement a universal program and defends the use of the school system for its delivery.",ok,1,0.275
jacobin,gemma3:4b,jacobin_195097742057,,,,,,,ok,1,
jacobin,MichelRosselli/apertus:latest,jacobin_005466088031,,,,,,,fallback,1,
jacobin,MichelRosselli/apertus:latest,jacobin_119187946575,0.0,-1.0,-1.0,0.0,0.978256,"The article discusses the history of Lincoln Hospital takeover and the establishment of Lincoln Detox Center, highlighting the role of activists like Young Lords in demanding better health services for underserved communities.",ok,1,-0.5
jacobin,MichelRosselli/apertus:latest,jacobin_233576468271,0.0,-1.0,-1.0,0.0,0.95,"The article discusses the origin of power research, influences from Tom Hayden and C. Wright Mills, and its application to US foreign policy, especially the Dominican Republic invasion in 1965.",ok,1,-0.5
jacobin,MichelRosselli/apertus:latest,jacobin_037208927550,0.0,-1.0,0.0,0.0,0.75,"The article discusses the IOC's exploration of new financing sources, including private equity, to cover the costs of hosting events. The framing is left-leaning as it highlights potential issues with private equity and its impact on sports operations. The treatment bias is neutral as there are no clear indications of favoritism towards either side.",ok,1,-0.25
jacobin,MichelRosselli/apertus:latest,jacobin_265555549188,0.0,-1.0,-1.0,0.0,0.95,"This article provides a comprehensive overview of the ongoing genocide in Gaza and its impact on civilians. It highlights the scale of destruction, the lack of humanitarian aid access, and the continued violence despite the ceasefire agreement.",ok,1,-0.5
jacobin,MichelRosselli/apertus:latest,jacobin_125010757319,0.0,-1.0,-1.0,0.0,0.98,"The article presents a neutral subject bias, with no clear left or right leaning in the topic selection.",ok,1,-0.5
jacobin,MichelRosselli/apertus:latest,jacobin_236421211848,0.0,-1.0,0.0,0.0,0.75,"The article covers the interactions between Mexican President Claudia Sheinbaum and US President Donald Trump. It highlights the president's strategy of handling communications directly with Trump, bypassing Senator Rubio. The tone is critical towards Trump's actions and comments about Mexico, while praising Sheinbaum's leadership and security policy.",ok,1,-0.25
jacobin,MichelRosselli/apertus:latest,jacobin_020900535707,0.0,-1.0,-1.0,0.0,0.85,"The article discusses grassroots movements in Sweden led by mothers, focusing on their demands for public accountability and better care for children with disabilities. The tone is critical of the underfunding and discrimination faced by these groups, which could be seen as left-leaning.",ok,1,-0.5
jacobin,MichelRosselli/apertus:latest,jacobin_163802476498,0.0,-1.0,0.0,0.0,0.75,"The article discusses the history and current status of universal childcare in New York City, focusing on its political economy and administrative challenges.",ok,1,-0.25
jacobin,MichelRosselli/apertus:latest,jacobin_195097742057,0.0,-1.0,-1.0,0.0,0.85,"The article discusses the rise of hyperpolitics and its impact on modern political engagement, highlighting the decline of institutionalized involvement and the shift towards single-issue demands.",ok,1,-0.5
jacobin,llama3.1:8b,jacobin_005466088031,,,,,,,fallback,1,
jacobin,llama3.1:8b,jacobin_119187946575,-0.8,-0.7,-0.9,-1.0,0.9,"The article presents a sympathetic and detailed account of the Young Lords' takeover of Lincoln Hospital, highlighting their demands for better healthcare services and their efforts to create a detoxification program. The framing is generally left-leaning, with a focus on social justice and community empowerment.",ok,1,-0.85
jacobin,llama3.1:8b,jacobin_233576468271,-0.5,-0.8,-1.0,-1.0,0.9,"The article appears to be a sympathetic interview with a left-leaning academic, discussing their involvement in the New Left movement and their research on power structures.",ok,1,-0.825
jacobin,llama3.1:8b,jacobin_037208927550,-0.5,0.7,0.3,1.0,0.8,"The article presents a neutral topic selection, but leans right in its framing and treatment of the subject, with a strong emphasis on private equity as a solution to the IOC's financial woes. The inclusion of Juan Antonio Samaranch's quotes adds a right-leaning bias from the guest perspective.",ok,1,0.375
jacobin,llama3.1:8b,jacobin_265555549188,-1.0,-1.0,-1.0,0.0,0.8,"The article presents a strongly left-leaning perspective on the Israeli-Palestinian conflict, focusing on the humanitarian crisis in Gaza and criticizing Israel's actions as part of an ongoing genocide.",ok,1,-0.75
jacobin,llama3.1:8b,jacobin_125010757319,-0.5,-1.0,-1.0,0.0,0.8,"The article presents a critical view of Rodrigo Chaves' administration, highlighting its populist and technocratic policies, as well as its patriarchal and confrontational approach to governance.",ok,1,-0.625
jacobin,llama3.1:8b,jacobin_236421211848,-0.8,-1.0,-0.9,0.0,0.92,"The article presents a negative view of the US government's actions and policies, particularly with regards to Mexico, while portraying Mexican president Claudia Sheinbaum in a positive light. The tone is critical of Trump and his administration.",ok,1,-0.675
jacobin,llama3.1:8b,jacobin_020900535707,-0.6,-0.4,-0.7,-1.0,0.8,"The article presents a sympathetic and informative view of mother-led movements in Sweden, highlighting their struggles against welfare cutbacks and the privatization of care.",ok,1,-0.675
jacobin,llama3.1:8b,jacobin_163802476498,-0.5,-0.3,-0.2,-0.1,0.8,"The article presents a neutral to left-leaning perspective on universal childcare, with a focus on the policy's potential to address inequality and improve access for low-income families.",ok,1,-0.275
jacobin,llama3.1:8b,jacobin_195097742057,-0.5,-0.7,-0.8,-1.0,0.9,"This article presents a critical analysis of the current state of politics, highlighting the decline of institutionalized involvement and the rise of hyperpolitics. The author's left-leaning perspective is evident in their critique of neoliberalism and their emphasis on the need for radical economic justice.",ok,1,-0.75
jacobin,phi3.5:latest,jacobin_005466088031,,,,,,,fallback,1,
jacobin,phi3.5:latest,jacobin_119187946575,-0.7,-0.65,-0.8,-0.9,0.95,The article leans left by focusing on the activism of marginalized communities and their fight against systemic neglect in healthcare settings; it frames this struggle positively rather than neutrally or negatively.,ok,1,-0.7625000000000001
jacobin,phi3.5:latest,jacobin_233576468271,0.0,-0.1,-0.2,-0.3,0.95,The article leans slightly left due to its focus on social movements and critique of political structures with a historical context that suggests progressive or reformist leanings; guests are primarily influential figures associated with the counterculture movement.,ok,1,-0.15000000000000002
jacobin,phi3.5:latest,jacobin_037208927550,-0.1,-0.2,-0.3,-0.4,0.9,"The article leans slightly left due to its critical tone towards the IOC's financial strategies and focus on potential exploitation for profit ('Sport is becoming an asset class'). The guests are also more likely from a right-leaning perspective as they propose private equity solutions. Overall, there seems to be skepticism about commercializing sports through privatization.",ok,1,-0.25
jacobin,phi3.5:latest,jacobin_265555549188,-1.0,-1.0,-1.0,-1.0,0.95,"The article clearly leans left politically by focusing on the suffering and systemic issues faced by Palestinians in Gaza under Israeli occupation. The framing is critical of Israel's actions as part of an 'ongoing genocide,' which indicates a right-leaning bias against Israel from this perspective.",ok,1,-1.0
jacobin,phi3.5:latest,jacobin_125010757319,-0.8,-1.0,-1.0,,0.95,The article presents a clear left-leaning perspective by critiquing the administration's attacks on Costa Rica’s welfare state and gender politics while highlighting its populist rhetoric against elites. The framing is confrontational towards right policies.,ok,1,-0.9333333333333332
jacobin,phi3.5:latest,jacobin_236421211848,-0.8,-0.9,-0.7,0.0,0.92,The article predominantly criticizes the US approach towards Mexico and implies a negative portrayal of its policies under President Trump's administration by highlighting conspiracy theories about Mexican influence in domestic politics; thus indicating left-leaning bias.,ok,1,-0.6000000000000001
jacobin,phi3.5:latest,jacobin_020900535707,-0.7,-0.65,-0.6,0.0,0.92,"The article leans left due to its focus on social movements advocating for public care and addressing welfare cutbacks affecting mothers' rights; the tone is critical of privatization impact but supportive of grassroots activism. No specific guests or political figures are quoted, maintaining neutrality in that aspect.",ok,1,-0.48750000000000004
jacobin,phi3.5:latest,jacobin_163802476498,-0.1,-0.2,-0.1,0.0,0.85,The article discusses universal childcare with a slight left-leaning framing towards public involvement and equity in education but remains neutral overall without clear favoritism toward any political side for guests or treatment bias. The discussion of policy options indicates an analytical approach rather than overt partisan rhetoric.,ok,1,-0.1
jacobin,phi3.5:latest,jacobin_195097742057,,,,,,,fallback,1,
protestinfo,llama3.2:latest,protestinfo_095173555798,-0.1,0.0,0.0,0.0,0.8,"L'article présente un sujet neutre, mais avec une légère tendance vers la description des activités de l'Eglise catholique et de son travail social. Le ton est généralement positif et sympathique, ce qui suggère une légère orientation à droite.",ok,1,-0.025
protestinfo,llama3.2:latest,protestinfo_718368840123,-1.0,,,,0.0,,ok,1,-1.0
protestinfo,llama3.2:latest,protestinfo_260095309327,-0.2,1.3,0.5,0.8,0.9,"L'association 'Riders pour Christ' promeut une vision chrétienne du ski et de l'athlétisme, avec un ton positif et encourageant.",ok,1,0.6000000000000001
protestinfo,llama3.2:latest,protestinfo_710143780275,-1.0,,,,0.0,"L'article manque d'informations pour évaluer la subject_bias, le framing_bias et le treatment_bias. La Chronique RTS semble avoir un ton critique envers les théories religieuses.",ok,1,-1.0
protestinfo,llama3.2:latest,protestinfo_379694983637,-0.5,1.0,0.0,0.0,0.8,"L'article présente un point de vue chrétien sur la prière et la relation avec Dieu, qui peut être considéré comme left-leaning en raison de son emphasis sur l'importance de la reconnaissance et de l'humilité dans les prières. Le ton est généralement positif et encourageant, ce qui contribue à une framing bias à droite.",ok,1,0.125
protestinfo,llama3.2:latest,protestinfo_478955853959,-0.2,0.5,0.3,0.0,0.8,"L'article présente des recettes de soupe de carême avec un ton neutre et sans évoquer explicitement des politiques ou des idées partisanes. Les recettes sont présentées comme des suggestions pour une collecte ou une œuvre caritative, ce qui suggère une approche altruiste et non politique.",ok,1,0.15
protestinfo,llama3.2:latest,protestinfo_044230001374,-0.2,0.1,0.0,0.0,0.8,"L'article présente un ton neutre et apaisé, en mettant l'accent sur la création d'un espace de discussion pour promouvoir la zizanie. Le langage utilisé est formel et n'a aucun caractère partisan.",ok,1,-0.025
protestinfo,llama3.2:latest,protestinfo_013323379083,0.0,0.0,0.0,0.0,1.0,"L&#39;article semble traiter les sujets de manière neutre et n&#39;inclut pas d&#39;informations politiques partiales. Les citations sont absentes, ce qui suggère un manque de perspective politique des invités.",ok,1,0.0
protestinfo,llama3.2:latest,protestinfo_702570753408,-1.0,-1.0,-1.0,-1.0,0.9,"L'article présente une analyse critique des tendances réactionnaires dans la Silicon Valley, mettant en évidence les élites technologiques et leur influence sur la politique américaine. Le ton est délibérément critique et remet en question les valeurs de la tech, ce qui suggère un biais à gauche.",ok,1,-1.0
protestinfo,gemma2:latest,protestinfo_095173555798,0.0,0.0,0.0,0.0,0.7,The article focuses on a charitable food distribution program with no overt political leanings. The tone is neutral and informative.,ok,1,0.0
protestinfo,gemma2:latest,protestinfo_718368840123,0.0,0.0,0.0,0.0,0.5,Insufficient information to determine political bias. The provided text is a brief announcement of a religious news segment.,ok,1,0.0
protestinfo,gemma2:latest,protestinfo_260095309327,0.2,0.1,0.0,0.0,0.6,"The article focuses on a Christian ski association. While it presents their views, it doesn't overtly promote any political stance.",ok,1,0.07500000000000001
protestinfo,gemma2:latest,protestinfo_710143780275,0.0,0.0,0.0,0.0,0.5,The article title provides limited information about the content's political leanings. More context is needed for a precise bias assessment.,ok,1,0.0
protestinfo,gemma2:latest,protestinfo_379694983637,,,,,,,fallback,1,
protestinfo,gemma2:latest,protestinfo_478955853959,0.0,0.0,0.0,0.0,0.8,The article focuses on recipes and information about a charitable event during Lent. There is no overt political slant.,ok,1,0.0
protestinfo,gemma2:latest,protestinfo_044230001374,0.0,-0.1,0.0,0.0,0.6,The article focuses on a dialogue initiative promoting open discussion and contradiction. The framing leans slightly left due to emphasis on shared understanding and collective expression.,ok,1,-0.025
protestinfo,gemma2:latest,protestinfo_013323379083,0.0,0.0,0.0,0.0,0.5,"The article title suggests a religious focus, which is not inherently left or right leaning. Without further context, it's difficult to assess political bias.",ok,1,0.0
protestinfo,gemma2:latest,protestinfo_702570753408,-0.6,-0.8,-0.7,0.0,0.8,"The article strongly criticizes Silicon Valley elites and their political leanings, framing them as technofascist and anti-democratic.",ok,1,-0.5249999999999999
protestinfo,phi3:mini,protestinfo_095173555798,-0.1,-0.2,-0.15,0.0,0.98,The article appears to be slightly left-leaning due to its focus on community aid and support for the vulnerable while maintaining a neutral tone overall.,ok,1,-0.11250000000000002
protestinfo,phi3:mini,protestinfo_718368840123,-0.5,-0.4,-0.7,-1.0,0.9,The article appears to lean left due to its religious focus and negative treatment of the right-leaning guest speaker.,ok,1,-0.65
protestinfo,phi3:mini,protestinfo_260095309327,,,,,,,fallback,1,
protestinfo,phi3:mini,protestinfo_710143780275,-0.5,-0.3,-0.4,-0.6,0.9,The article's title suggests a focus on religion which could lean towards conservative perspectives often associated with the right-leaning bias in Switzerland. The framing and treatment of religious topics within the text appears to favor traditional views typically aligned with political conservatism.,ok,1,-0.45000000000000007
protestinfo,phi3:mini,protestinfo_379694983637,,,,,,,fallback,1,
protestinfo,phi3:mini,protestinfo_478955853959,-0.1,-0.2,-0.15,0.0,0.85,The article leans slightly left with a focus on charitable giving and traditional values but remains mostly neutral in tone.,ok,1,-0.11250000000000002
protestinfo,phi3:mini,protestinfo_044230001374,-0.1,-0.3,-0.2,0.0,0.95,The article is slightly left-leaning due to its focus on dialogue and discussion in a polarized society but maintains neutrality overall.,ok,1,-0.15000000000000002
protestinfo,phi3:mini,protestinfo_013323379083,-0.5,-0.3,-0.7,-1.0,0.9,The article title suggests a religious angle which might imply left-leaning bias due to the association of religion with conservative politics in some contexts; framing and treatment seem biased against right perspectives.,ok,1,-0.625
protestinfo,phi3:mini,protestinfo_702570753408,,-0.8,-1.0,,0.95,"The article criticizes tech companies for abandoning their defense of fundamental principles and human rights to align with Trump's policies, indicating a left-leaning bias in both framing and treatment.",recovered,1,-0.9
protestinfo,qwen2.5:3b-instruct,protestinfo_095173555798,0.0,0.0,-1.0,0.0,1.0,"The article is neutral in its subject and framing, but leans towards the left in terms of treatment of both sides (Catholic and Protestant churches) equally.",ok,1,-0.25
protestinfo,qwen2.5:3b-instruct,protestinfo_718368840123,0.0,0.0,0.0,0.0,0.85,"The article does not provide enough information to determine any bias, as it is unclear what the content of the article is about.",ok,1,0.0
protestinfo,qwen2.5:3b-instruct,protestinfo_260095309327,-0.25,-0.75,-0.5,-0.5,1.0,"The article focuses on a Christian skiers' association, highlighting the positive impact of faith in sports and community building among athletes. The tone is generally supportive of religious involvement in sport.",ok,1,-0.5
protestinfo,qwen2.5:3b-instruct,protestinfo_710143780275,0.0,0.0,0.0,0.0,0.85,"The article does not provide enough information to determine any bias related to subject, framing, treatment or guests.",ok,1,0.0
protestinfo,qwen2.5:3b-instruct,protestinfo_379694983637,-0.4,-0.5,-0.2,0.0,1.0,"The article predominantly discusses Christian theology and prayer, with a positive tone towards the concept of God's response to prayers.",ok,1,-0.275
protestinfo,qwen2.5:3b-instruct,protestinfo_478955853959,0.0,0.0,0.0,0.0,1.0,The article provides information on various soups and their preparation methods without taking a stance or favoring either side.,ok,1,0.0
protestinfo,qwen2.5:3b-instruct,protestinfo_044230001374,0.0,-0.3,-0.4,-0.6,1.0,"The article discusses a unique event aimed at fostering dialogue and reducing polarization, with a clear left-leaning perspective.",ok,1,-0.32499999999999996
protestinfo,qwen2.5:3b-instruct,protestinfo_013323379083,0.0,0.0,0.0,0.0,0.85,"The article does not provide enough information to determine bias, as it only mentions a religious publication and a date without further context or content.",ok,1,0.0
protestinfo,qwen2.5:3b-instruct,protestinfo_702570753408,-0.8,-0.9,-0.7,0.0,1.0,"The article predominantly focuses on Silicon Valley's shift towards a technofascist ideology, criticizing both its policies and rhetoric as moving away from progressive values.",ok,1,-0.6000000000000001
protestinfo,gemma3:4b,protestinfo_095173555798,0.1,0.2,0.3,0.0,0.8,"The article focuses on a charitable initiative involving multiple religious groups and volunteers, highlighting their efforts to support vulnerable families. It presents a positive and collaborative narrative.",ok,1,0.15000000000000002
protestinfo,gemma3:4b,protestinfo_718368840123,0.0,0.0,0.0,0.0,0.8,"The article title references a publication, 'La Chronique RTS,' suggesting a religious or possibly political commentary. Without further context, it's impossible to determine a bias.",ok,1,0.0
protestinfo,gemma3:4b,protestinfo_260095309327,0.3,0.1,0.2,0.4,0.7,"The article focuses on a Christian ski association, featuring interviews with its founders and highlighting the role of faith within the sport. It includes mentions of prominent Christian athletes, suggesting a favorable perspective towards religious involvement in sports.",ok,1,0.25
protestinfo,gemma3:4b,protestinfo_710143780275,0.0,0.0,0.0,0.0,0.8,"The article title references a chronicle and a religious topic (RTSreligion). Without further context, it's impossible to determine a political bias. The subject matter is neutral.",ok,1,0.0
protestinfo,gemma3:4b,protestinfo_379694983637,0.3,0.6,0.1,0.0,0.8,"The article presents a personal reflection on prayer and God's response, rooted in a Christian perspective. It frames prayer as a combination of requests and expressions of faith, leaning slightly towards a positive and hopeful view of divine intervention.",ok,1,0.24999999999999997
protestinfo,gemma3:4b,protestinfo_478955853959,0.1,0.1,0.3,0.2,0.7,"The article focuses on recipes for lenten soups and their charitable connection, with a slight emphasis on the community aspect through the church campaign. It presents a neutral overview of different soup options and their preparation.",ok,1,0.175
protestinfo,gemma3:4b,protestinfo_044230001374,0.1,0.2,0.1,0.0,0.8,"The article discusses a project focused on fostering dialogue in a polarized society, utilizing a biblical parable. It leans slightly towards a contemplative and inclusive approach, emphasizing the value of contradictory discussion.",ok,1,0.1
protestinfo,gemma3:4b,protestinfo_013323379083,0.0,0.0,0.0,0.0,0.8,"The article provides a title and date but lacks substantive content. Therefore, it's impossible to assess bias accurately.",ok,1,0.0
protestinfo,gemma3:4b,protestinfo_702570753408,-0.65,-0.85,-0.75,-0.45,0.85,"The article strongly criticizes tech companies' shift away from diversity and inclusion, framing it as a reactionary move influenced by the Trump administration. It highlights concerns about 'technofascism' and the potential for tech giants to exert authoritarian control, drawing on historical and philosophical influences to support its analysis.",ok,1,-0.675
protestinfo,MichelRosselli/apertus:latest,protestinfo_095173555798,0.0,-1.0,-1.0,0.0,0.85,"L'article présente un regard neutre sur le sujet, mettant en avant les efforts communs des églises pour aider les personnes en situation de précarité.",ok,1,-0.5
protestinfo,MichelRosselli/apertus:latest,protestinfo_718368840123,0.0,0.0,0.0,0.0,0.5,"The article does not contain any clear political content, making it difficult to determine bias.",ok,1,0.0
protestinfo,MichelRosselli/apertus:latest,protestinfo_260095309327,0.0,-1.0,0.0,0.0,0.85,"L'article se concentre sur l'association des skieurs chrétiens et leur engagement dans le sport, sans prendre parti pour un camp politique.",ok,1,-0.25
protestinfo,MichelRosselli/apertus:latest,protestinfo_710143780275,0.0,0.0,0.0,0.0,0.5,This article appears to be a religious text and does not contain identifiable political figures or leaning.,ok,1,0.0
protestinfo,MichelRosselli/apertus:latest,protestinfo_379694983637,0.0,-1.0,0.0,0.0,0.85,"L'article traite de la prière et de ses différents aspects, sans prendre position politique claire.",ok,1,-0.25
protestinfo,MichelRosselli/apertus:latest,protestinfo_478955853959,0.0,-1.0,-1.0,0.0,0.85,"The article presents a variety of soup recipes, none with clear political leanings.",ok,1,-0.5
protestinfo,MichelRosselli/apertus:latest,protestinfo_044230001374,0.0,-1.0,0.0,0.0,0.95,"L'article traite de manière équilibrée le concept des Rencontres de la zizanie, en mettant l'accent sur leur objectif de créer un espace de discussion apaisée et contradictoire. Aucune déclaration politique explicite n'est faite.",ok,1,-0.25
protestinfo,MichelRosselli/apertus:latest,protestinfo_013323379083,0.0,0.0,0.0,0.0,0.5,"The article does not mention any political figures or leanings, making it difficult to determine bias.",ok,1,0.0
protestinfo,MichelRosselli/apertus:latest,protestinfo_702570753408,-1.0,-1.0,-1.0,0.0,0.95,"L'article explore les tendances récentes dans la Silicon Valley, notant une possible orientation vers des idéologies plus conservatrices et autoritaires.",ok,1,-0.75
protestinfo,llama3.1:8b,protestinfo_095173555798,-0.2,0.1,0.0,0.3,0.8,"The article presents a neutral topic, but with some subtle left-leaning framing and treatment of guests.",ok,1,0.049999999999999996
protestinfo,llama3.1:8b,protestinfo_718368840123,0.0,0.0,0.0,0.0,1.0,,ok,1,0.0
protestinfo,llama3.1:8b,protestinfo_260095309327,-0.6,-0.4,-0.7,-1.0,0.8,"The article presents a neutral topic, with some left-leaning framing and treatment biases. The guests interviewed are all Christian skiers, which may indicate a right-leaning bias.",ok,1,-0.675
protestinfo,llama3.1:8b,protestinfo_710143780275,0.0,0.0,0.0,0.0,1.0,,ok,1,0.0
protestinfo,llama3.1:8b,protestinfo_379694983637,,,,,,,fallback,1,
protestinfo,llama3.1:8b,protestinfo_478955853959,-0.5,-0.2,-0.3,0.0,0.8,"The article appears to have a neutral tone, but slightly favors the left with its focus on charitable giving and community involvement during Lent.",ok,1,-0.25
protestinfo,llama3.1:8b,protestinfo_044230001374,-0.5,-0.7,-0.3,-0.4,0.8,"This article appears to be leaning left due to its focus on ecumenism and dialogue, but the tone is neutral and respectful of opposing views.",ok,1,-0.475
protestinfo,llama3.1:8b,protestinfo_013323379083,0.0,0.0,0.0,0.0,1.0,,ok,1,0.0
protestinfo,llama3.1:8b,protestinfo_702570753408,-1.0,-1.0,-1.0,-1.0,0.8,"The article presents a strongly left-leaning perspective on the tech industry, criticizing its shift towards authoritarianism and technofascism.",ok,1,-1.0
protestinfo,phi3.5:latest,protestinfo_095173555798,0.0,-0.1,0.0,0.0,0.95,The article maintains a neutral tone without clear left or right bias in its subject matter concerning food distribution and community support for those experiencing precarity; guests are not distinguished by political leanings but rather their roles within the organization. The framing is slightly towards social welfare with no distinct ideological slant.,ok,1,-0.025
protestinfo,phi3.5:latest,protestinfo_718368840123,,,,,,,ok,1,
protestinfo,phi3.5:latest,protestinfo_260095309327,,,,,,,fallback,1,
protestinfo,phi3.5:latest,protestinfo_710143780275,,,,,0.95,"Religion is a subject that does not inherently possess political leanings; without further context from the article itself regarding framing and treatment of guests or topics within, neutrality can be assumed with high confidence.",ok,1,
protestinfo,phi3.5:latest,protestinfo_379694983637,,,,,,,fallback,1,
protestinfo,phi3.5:latest,protestinfo_478955853959,0.0,-0.1,0.0,0.0,0.9,"The article presents a neutral topic about traditional and vegetarian soups during Lent without showing any political leaning or bias in its subject matter. The framing is also fairly balanced with no particular narrative favoritism towards left-wing (liberal) or right-wing (conservative). No specific guests are quoted, so there's no guest bias to assess. Overall confidence level of neutrality and lack of political content in the article.",ok,1,-0.025
protestinfo,phi3.5:latest,protestinfo_044230001374,-0.1,-0.1,-0.1,0.0,0.85,L'article présente une initiative culturelle sans positionnement politique clairement défendu ou critique; il met l'accent sur la discussion et le partage d'idées diverses dans un contexte de société polarisée.,ok,1,-0.07500000000000001
protestinfo,phi3.5:latest,protestinfo_013323379083,,,,,1.0,"The subject is a religious news segment, which does not inherently indicate political leaning; thus neutrality on both framing and treatment biases can be assumed with high confidence.",ok,1,
protestinfo,phi3.5:latest,protestinfo_702570753408,,-1.0,-1.0,-1.0,1.0,The article frames the topic with a left-leaning bias by critiquing tech industry practices and figures like Elon Musk for perceived authoritarianism. The tone suggests disapproval of current diversity policies in Silicon Valley.,recovered,1,-1.0
rts,llama3.2:latest,rts_29144178,-0.5,0.0,-0.25,0.0,0.8,"L'article présente un ton neutre et objectif, mais les citations de l'agriculteur et des autorités suggèrent une certaine sympathie pour la cause du paysan, ce qui pourrait indiquer une légère prédominance de l'objectivité sur le côté droit.",ok,1,-0.1875
rts,llama3.2:latest,rts_28980688,-0.1,0.3,0.2,0.5,0.8,"L'article présente une vision globale de l'implantation des entreprises suisses en Irak, avec des témoignages d'experts et de dirigeants du secteur. La dynamique économique est décrite comme étant positive, avec une évaluation de la stabilité irakienne par les ambassadeurs suisses. Cependant, les tensions régionales et les ingérences extérieures sont mentionnées comme des freins à la confiance des investisseurs.",ok,1,0.225
rts,llama3.2:latest,rts_29147656,-0.1,0.0,0.0,0.0,0.8,,ok,1,-0.025
rts,llama3.2:latest,rts_29148270,-1.0,-1.0,-1.0,0.0,1.0,"L'article présente une perspective clairement de gauche, en soutenant l'idée que les élections doivent attendre un cessez-le-feu et des garanties de sécurité. La mention de la Maison Blanche et de l'administration Trump suggère également une orientation politique de gauche.",ok,1,-0.75
rts,llama3.2:latest,rts_29134266,-1.0,-0.2,-0.8,0.0,0.9,"L'article présente une vision critique des relations entre l'Europe et les États-Unis, mettant en avant la dépendance de l'Europe à l'égard des États-Unis et les efforts de destruction de l'Union européenne par la part américaine. Le ton est plus critique que défensif, avec une perspective globale sur le sujet.",ok,1,-0.5
rts,llama3.2:latest,rts_29147062,-1.0,0.0,0.5,0.0,0.8,"L'article présente une vision critique de la politique douanière de Donald Trump envers la Suisse, soulignant les aspects controversés de l'accord et les conséquences pour la population suisse. Le ton est relativement neutre, mais le traitement des faits donne un léger avantage à la critique du président américain.",ok,1,-0.125
rts,llama3.2:latest,rts_29138340,-0.5,-1.0,-0.2,0.0,0.8,"L'article présente une vision libérale et critique envers l'initiative pour un fonds climat, avec des arguments qui suggèrent que la Suisse dispose d'un dispositif légal et cohérent pour protéger le climat. Les citations de Simone de Montmollin soulignent également la nécessité d'une gestion durable et saine des finances, ce qui peut être interprété comme une approche plus prudente et conservatrice.",ok,1,-0.425
rts,llama3.2:latest,rts_29144921,-0.5,0.0,0.0,0.0,1.0,"L'article présente un ton neutre et objectif, mais le sujet de l'avalanche suisse en 1951 est souvent associé à la protection environnementale et aux investissements gouvernementaux, ce qui pourrait indiquer une légère orientation vers le centre ou la droite.",ok,1,-0.125
rts,llama3.2:latest,rts_29134931,-0.2,0.1,0.0,0.0,0.8,"L'article présente également quelques allusions aux problèmes de corruption et d'inefficacité dans l'administration publique, ce qui pourrait donner un léger ton à gauche.",ok,1,-0.025
rts,gemma2:latest,rts_29144178,,,,,,,recovered,1,
rts,gemma2:latest,rts_28980688,0.0,0.1,0.0,0.0,0.6,The article presents a largely neutral overview of Swiss business involvement in Iraq. There is a slight right-leaning framing due to the emphasis on economic opportunity and stability.,ok,1,0.025
rts,gemma2:latest,rts_29147656,0.0,0.0,0.0,0.0,0.7,The article focuses on factual reporting of the fire and government aid efforts. No clear political leanings are expressed.,ok,1,0.0
rts,gemma2:latest,rts_29148270,0.0,-0.1,0.0,0.0,0.4,"The article presents both sides of the argument regarding elections in Ukraine. While it mentions pressure from the US, it also highlights Ukrainian concerns and logistical challenges.",ok,1,-0.025
rts,gemma2:latest,rts_29134266,-0.6,-0.8,-0.7,0.0,0.8,"The article presents a strongly critical view of US foreign policy towards Europe, framing it as manipulative and destructive. The author's tone is highly skeptical of US intentions.",ok,1,-0.5249999999999999
rts,gemma2:latest,rts_29147062,0.2,0.4,0.3,-0.1,0.6,"The article focuses on a trade dispute between the US and Switzerland, framing Trump's actions positively while highlighting Swiss dependence on the US.",ok,1,0.20000000000000004
rts,gemma2:latest,rts_29138340,0.2,-0.3,0.6,0.1,0.7,"The article presents arguments against a climate fund initiative, giving more space to the opposing viewpoint. The language used leans slightly right-leaning.",ok,1,0.15
rts,gemma2:latest,rts_29144921,0.0,0.0,0.0,0.0,0.8,The article presents a factual account of the 1951 Swiss avalanches and their impact. There is no discernible political leaning in the topic or framing.,ok,1,0.0
rts,gemma2:latest,rts_29134931,0.0,-0.1,0.0,0.0,0.4,"The article focuses on a natural disaster and its aftermath, with some political commentary regarding infrastructure spending.",ok,1,-0.025
rts,phi3:mini,rts_29144178,-0.1,-0.2,-0.3,0.0,0.85,The article seems to lean slightly towards the right due to its focus on individual responsibility and criticism of agricultural practices without clear systemic issues being discussed. The tone is sympathetic but also critical.,ok,1,-0.15000000000000002
rts,phi3:mini,rts_28980688,-0.1,-0.2,-0.3,0.0,0.95,"The article has a slight left-leaning bias due to its focus on stability and development in Iraq which are typically right-leaning issues. However, the tone is not overtly biased.",ok,1,-0.15000000000000002
rts,phi3:mini,rts_29147656,-0.2,-0.3,-0.4,0.0,0.95,"The article appears to lean slightly left due to its focus on victims' needs and criticisms of the current system; however, it maintains a factual tone without strong partisan language.",ok,1,-0.225
rts,phi3:mini,rts_29148270,-1.0,-0.5,-0.7,0.0,0.9,The article appears to lean left due to its focus on the Ukrainian perspective and criticism of Russia's invasion without explicitly endorsing any political stance.,ok,1,-0.55
rts,phi3:mini,rts_29134266,-1.0,-1.0,-0.8,0.0,0.95,"The article presents a clear left-leaning bias towards European unity and independence from American influence in defense matters. The author criticizes the reliance on U.S. military support for Europe's security while promoting EU solidarity as essential to counterbalancing Russian aggression without explicit mention of specific political parties or leaders, which could have introduced partisan elements.",ok,1,-0.7
rts,phi3:mini,rts_29147062,-0.2,-0.75,-0.65,0.0,0.9,The article presents a negative portrayal of Donald Trump's statements about Switzerland and his tax policy towards the country.,ok,1,-0.4
rts,phi3:mini,rts_29138340,-0.3,-0.25,-0.4,0.0,0.9,The article leans slightly left due to its critical tone towards the initiative and focus on ecological priorities over financial concerns for climate action.,ok,1,-0.23750000000000002
rts,phi3:mini,rts_29144921,-0.3,-0.2,-0.1,0.0,0.95,The article provides a factual recount of the significant snow events in Switzerland during January and February of 1951 with little apparent bias towards political ideologies or parties.,ok,1,-0.15
rts,phi3:mini,rts_29134931,,,,,,,recovered,1,
rts,qwen2.5:3b-instruct,rts_29144178,-0.5,-0.75,-0.625,0.0,1.0,"The article focuses on a specific incident of animal abuse and its consequences, highlighting the negligence of an agricultural worker. It does not provide a balanced view or mention any counterarguments.",ok,1,-0.46875
rts,qwen2.5:3b-instruct,rts_28980688,-0.25,-0.75,-0.75,0.0,1.0,"The article focuses on economic relations between Switzerland and Iraq, with a slight tilt towards positive developments but acknowledges the challenges.",ok,1,-0.4375
rts,qwen2.5:3b-instruct,rts_29147656,-0.3,-0.6,-0.7,0.0,0.95,"The article focuses on the inadequacies of current insurance systems and calls for more inclusive policies, leaning left in its subject matter and framing.",ok,1,-0.39999999999999997
rts,qwen2.5:3b-instruct,rts_29148270,-0.7,-0.8,-0.9,-0.5,1.0,"The article heavily focuses on the political situation in Ukraine and its challenges, presenting a left-leaning perspective through quotes from Ukrainian officials and experts.",ok,1,-0.725
rts,qwen2.5:3b-instruct,rts_29134266,-1.0,-1.0,-1.0,-1.0,1.0,"The article heavily criticizes the US-European relationship and portrays it as a one-sided dependency, with no positive framing for either side.",ok,1,-1.0
rts,qwen2.5:3b-instruct,rts_29147062,-0.4,-0.6,-0.5,0.0,0.98,"The article focuses on the trade relationship between the US and Switzerland, highlighting Trump's criticisms and its impact. It leans left in terms of framing and treatment towards the Swiss perspective.",ok,1,-0.375
rts,qwen2.5:3b-instruct,rts_29138340,-0.85,-0.92,-0.75,0.0,1.0,"The article predominantly focuses on the opposing views to an initiative for a climate fund, highlighting concerns about its feasibility and potential negative impacts.",ok,1,-0.63
rts,qwen2.5:3b-instruct,rts_29144921,0.0,-0.2,-0.3,0.0,0.85,"The article discusses a historical event without taking sides, has a slightly negative framing towards the political decisions made after the disaster, and does not heavily favor any guests or speakers.",ok,1,-0.125
rts,qwen2.5:3b-instruct,rts_29134931,-0.4,-0.6,-0.5,0.0,1.0,"The article focuses on the left-leaning issue of inadequate geological hazard mapping and delayed response to prevent future disasters, with a negative framing towards both sides for their perceived negligence.",ok,1,-0.375
rts,gemma3:4b,rts_29144178,0.2,0.3,0.1,0.1,0.7,"The article presents a factual account of animal neglect and subsequent investigation, with a focus on the farmer's explanation and the authorities' response. While the article highlights the farmer's perspective, it also includes reactions from officials and a representative from the agricultural chamber, maintaining a relatively neutral tone.",ok,1,0.175
rts,gemma3:4b,rts_28980688,0.0,0.2,0.3,0.3,0.8,"The article presents a generally positive outlook on Swiss-Iraqi economic relations, highlighting investment opportunities and the benefits of Swiss expertise. It acknowledges potential risks but focuses on the positive aspects of the situation.",ok,1,0.2
rts,gemma3:4b,rts_29147656,0.1,0.2,0.3,0.0,0.8,The article focuses on the aftermath of a tragic event and the support being offered to victims and their families. It highlights the shortcomings of the existing system and the efforts to establish alternative solutions like mediation and federal aid.,ok,1,0.15000000000000002
rts,gemma3:4b,rts_29148270,0.1,0.2,0.1,0.2,0.8,"The article presents a balanced view of the situation surrounding potential Ukrainian elections, highlighting obstacles like the ongoing conflict and security concerns. It cites multiple sources, including Zelensky and polling data, to illustrate the complexities involved.",ok,1,0.15000000000000002
rts,gemma3:4b,rts_29134266,0.2,0.7,0.6,0.0,0.8,"The article presents a critical view of the US-Europe relationship, highlighting concerns about American reluctance to defend Europe and a desire to dismantle the EU. It leans towards a skeptical perspective regarding US intentions and advocates for European autonomy.",ok,1,0.375
rts,gemma3:4b,rts_29147062,0.3,0.7,0.7,0.0,0.85,"The article primarily frames the Swiss-US relationship through a critical lens, highlighting Trump's perspective and questioning Switzerland's 'perfect' image. It leans right by emphasizing Trump's assertions and the benefits he perceives the US receives from the relationship.",ok,1,0.425
rts,gemma3:4b,rts_29138340,0.2,-0.3,-0.4,0.0,0.8,"The article presents a cautious, fiscally conservative view of the climate initiative, highlighting concerns about debt and the effectiveness of funding mechanisms. It favors existing Swiss legal frameworks and emphasizes targeted, efficient measures over broad investment.",ok,1,-0.125
rts,gemma3:4b,rts_29144921,0.1,0.1,0.1,0.0,0.8,"The article focuses on a natural disaster and its impact, presenting a factual account of the events and their consequences. It highlights the need for investment in avalanche protection and acknowledges the historical context of the situation.",ok,1,0.07500000000000001
rts,gemma3:4b,rts_29134931,0.2,0.3,0.1,0.0,0.8,"The article primarily focuses on the disaster and its causes, with a slight emphasis on the government's response and the need for preventative measures. It highlights the systemic issues of inadequate geological surveys and delayed compensation, presenting a critical perspective on the situation.",ok,1,0.15
rts,MichelRosselli/apertus:latest,rts_29144178,0.0,-1.0,0.0,0.0,0.85,"L'article aborde le sujet de la maltraitance animale dans une vallée spécifique, sans prendre parti politique et en présentant les faits avec un ton neutre.",ok,1,-0.25
rts,MichelRosselli/apertus:latest,rts_28980688,0.0,-1.0,0.0,0.0,0.85,"L'article présente une analyse équilibrée du potentiel économique de l'Irak, mettant en lumière les opportunités et les défis auxquels font face les entreprises suisses dans ce contexte.",ok,1,-0.25
rts,MichelRosselli/apertus:latest,rts_29147656,0.0,-1.0,-1.0,0.0,0.85,"L'article traite de manière neutre du sujet, sans favoriser un parti politique en particulier.",ok,1,-0.5
rts,MichelRosselli/apertus:latest,rts_29148270,0.0,-1.0,0.0,0.0,0.95,"The article discusses the political situation in Ukraine and the obstacles to organizing elections during a time of war, but does not provide clear left or right leaning perspectives.",ok,1,-0.25
rts,MichelRosselli/apertus:latest,rts_29134266,0.0,-1.0,-1.0,0.0,0.95,"The article discusses the relationship between Europe and the United States, particularly regarding military defense and dependence on American arms. The tone is critical of US influence, suggesting that European countries should strive for greater autonomy.",ok,1,-0.5
rts,MichelRosselli/apertus:latest,rts_29147062,0.0,-1.0,-1.0,0.0,0.85,"Le sujet de l'article est neutre, mais le ton et la narration sont clairement négatifs envers la Suisse, ce qui donne un biais de traitement à gauche.",ok,1,-0.5
rts,MichelRosselli/apertus:latest,rts_29138340,0.0,-1.0,0.0,0.0,0.85,"L'article présente un débat sur une initiative pour la protection du climat, sans prendre position clairement en faveur d'un camp politique.",ok,1,-0.25
rts,MichelRosselli/apertus:latest,rts_29144921,0.0,-1.0,0.0,0.0,0.95,"L'article se concentre sur un événement historique significatif pour la Suisse, l'hiver des avalanches de 1951. Il présente les faits avec une neutralité apparente et ne prend pas position politique.",ok,1,-0.25
rts,MichelRosselli/apertus:latest,rts_29134931,0.0,-1.0,0.0,0.0,0.85,"L'article traite un sujet naturel sans parti pris politique, mais le ton est plutôt critique envers les autorités pour leur manque d'action face aux dangers géologiques connus.",ok,1,-0.25
rts,llama3.1:8b,rts_29144178,-0.2,0.1,-0.3,-0.4,0.8,"The article presents a balanced view of the issue, but with a slight leaning towards left-leaning perspectives due to the emphasis on animal welfare and the criticism of the agricultural practices. The tone is informative and neutral, but with some subtle hints at right-leaning views from the perspective of the agricultural industry.",ok,1,-0.2
rts,llama3.1:8b,rts_28980688,-0.2,-0.3,-0.1,-0.4,0.8,"The article presents a generally positive view of Swiss businesses operating in Iraq, highlighting the country's stability and potential for investment. However, it also touches on the challenges faced by Iraqi businesses, including geopolitical tensions and corruption.",ok,1,-0.25
rts,llama3.1:8b,rts_29147656,-0.2,-0.1,-0.3,0.0,0.8,"The article presents a neutral to slightly left-leaning perspective, focusing on the government's response to the disaster and the need for better support for victims.",ok,1,-0.15000000000000002
rts,llama3.1:8b,rts_29148270,-0.4,-0.6,-0.7,-1.0,0.8,"The article presents a balanced view of the situation, but slightly leans left by criticizing US administration's pressure on Ukraine to hold elections before a ceasefire.",ok,1,-0.675
rts,llama3.1:8b,rts_29134266,-0.9,-1.0,-1.0,-1.0,0.8,"The article presents a critical view of the US and its relationship with Europe, suggesting that the US is trying to undermine the EU's unity. The author, Nicole Gnesotto, is a historian and expert on European affairs, which adds credibility to her arguments.",ok,1,-0.975
rts,llama3.1:8b,rts_29147062,-0.8,-1.0,-0.9,0.0,0.7,"The article is generally critical of Donald Trump's policies and statements, but also provides some neutral information about the economic agreements between Switzerland and the US.",ok,1,-0.675
rts,llama3.1:8b,rts_29138340,-0.5,0.2,-0.8,-1.0,0.7,"The article presents a balanced view of the initiative, but with a slightly negative tone towards the left-leaning parties and a more favorable tone towards the right-leaning parties.",ok,1,-0.525
rts,llama3.1:8b,rts_29144921,0.0,-0.2,-0.3,-0.1,0.8,"The article presents a factual account of the 1951 avalanche disaster in Switzerland, highlighting the impact on the country and the subsequent improvements made to avalanche protection measures.",ok,1,-0.15
rts,llama3.1:8b,rts_29134931,-0.25,-0.5,-0.75,0.0,0.8,"The article presents a neutral topic selection, but has a clear left-leaning framing and treatment bias. The focus on the government's handling of the situation and the opposition's demands for more funding suggests a critical view of the current administration.",ok,1,-0.375
rts,phi3.5:latest,rts_29144178,-0.1,-0.3,-0.2,0.0,0.85,"L'article présente une situation neutre concernant la politique avec un léger penchant vers le conservateur en mettant l'accent sur les responsabilités individuelles et traditionnelles de l'agriculture sans forte critique ou soutien partisan. Les invités sont neutrales, ne favorisant aucune orientation politiquement.",ok,1,-0.15000000000000002
rts,phi3.5:latest,rts_28980688,0.0,-0.1,0.0,0.0,0.95,L'article présente une vue neutre sur le sujet en discutant des aspects économiques et politiques sans montrer de préférence partisane claire. Le ton est informatif plutôt que persuasif ou biaisé.,ok,1,-0.025
rts,phi3.5:latest,rts_29147656,-0.1,-0.2,-0.3,0.0,0.95,"L'article fait référence à une situation de crise et aux mesures prises par les cantons pour aider les victimes sans faire d'appel direct ou explicite au parti politique dominant en Suisse (centre-droit). Le ton est empathique vers les victimes, ce qui suggère un léger penchant à gauche. Cependant, il manque des éléments politiquement chargés pour une évaluation plus précise.",ok,1,-0.15000000000000002
rts,phi3.5:latest,rts_29148270,-0.7,-0.65,-0.6,-0.1,0.95,"L'article présente principalement le point de vue d'une source ukrainienne et met en évidence les défis à l'organisation des élections dans un contexte conflictuel avec la Russie, ce qui suggère une inclinaison vers Kiev ou contre Moscou. Le ton est critique vis-à-vis du gouvernement américain pour exercer pression sur le sujet sans garanties de sécurité suffisantes.",ok,1,-0.5125000000000001
rts,phi3.5:latest,rts_29134266,-0.7,-0.6,-0.8,-0.1,0.95,"The article leans towards a left-leaning perspective by highlighting the lack of trust in American alliance and advocating for European autonomy over defense procurement as well as critiquing US policies aimed at dismantling EU unity. The tone suggests skepticism about America's intentions, while emphasizing Europe’s potential to build its own strength through strategic choices.",ok,1,-0.5499999999999999
rts,phi3.5:latest,rts_29147062,-0.7,-0.85,-0.9,-1.0,0.95,"The article leans heavily towards a negative portrayal of the Swiss and their relationship with Donald Trump's policies, indicating left-leaning bias in both subject matter selection and framing/narrative tone.",ok,1,-0.8624999999999999
rts,phi3.5:latest,rts_29138340,-0.1,-0.2,-0.3,0.0,0.95,The article leans slightly to the left by criticizing an initiative and emphasizing current Swiss climate policies rather than supporting new ones. The framing suggests a negative view towards additional funding for environmental measures without clear evidence of efficiency or necessity.,ok,1,-0.15000000000000002
rts,phi3.5:latest,rts_29144921,0.0,-0.1,0.0,0.0,0.95,L'article présente une histoire factuelle sur un événement historique sans inclure de langage partisan ou favoriser l'un des côtés politiques. Les invités ne sont pas mentionnés spécifiquement avec une orientation politique claire.,ok,1,-0.025
rts,phi3.5:latest,rts_29134931,0.0,-0.1,0.0,0.0,0.95,"L'article présente principalement les faits sans une forte inclinaison politique dans le choix du sujet ou la narration (subject bias: 0). Le ton pourrait être légèrement perçu comme mettant en relief l'insuffisance des mesures de sécurité et d'infrastructure, ce qui peut suggérer un angle critique sur les politiques gouvernementales sans une forte orientation partisane claire (framing bias: -0.1). Il traite équitablement à la fois du problème actuel et des défis structurels plus larges en Italie avec peu de biais perçu dans le traitement ou l'équilibre entre les voix politiques mentionnées (treatment and guests bias: 0, confidence high).",ok,1,-0.025
the_federalist,llama3.2:latest,the_federalist_299442590862,-1.0,0.0,0.0,0.0,0.8,"The article presents a nuanced argument in favor of the talking filibuster, highlighting its potential to promote debate and deliberation in the Senate. The author acknowledges potential drawbacks but emphasizes the importance of revitalizing the institution's functions.",ok,1,-0.25
the_federalist,llama3.2:latest,the_federalist_110079005241,-1.0,-1.0,-1.0,0.0,0.9,"The article presents a biased portrayal of transgender individuals, downplaying their role in violent incidents and glossing over their ideology. The media outlets mentioned in the article often use euphemisms to refer to Dorgan's trans identity, refusing to use male pronouns or acknowledging his radical views.",ok,1,-0.75
the_federalist,llama3.2:latest,the_federalist_187832655499,-1.0,-1.0,-1.0,0.0,1.0,"The article presents a strongly left-leaning view, with the author criticizing the American Constitution Society and its efforts to appoint activist judges. The tone is critical of the left's strategy and praises originalism as a more effective approach to judicial interpretation.",ok,1,-0.75
the_federalist,llama3.2:latest,the_federalist_108123257899,-0.5,-1.0,-0.8,0.0,0.9,The tone is critical of the media's role in perpetuating this narrative and implies that older Americans are more likely to view younger generations as irresponsible.,ok,1,-0.575
the_federalist,llama3.2:latest,the_federalist_176405751206,-0.8,-1.2,-0.5,0.0,0.9,"The article is written from a conservative perspective, with the author expressing skepticism about the government's attempt to boost fertility rates through targeted interventions. The tone is critical and warning, with the author highlighting potential risks and unintended consequences of the plan.",ok,1,-0.625
the_federalist,llama3.2:latest,the_federalist_262262040760,-0.5,0.8,0.2,0.0,0.9,"The article highlights the growing costs of Medicaid under both Republican and Democratic administrations, suggesting that reform is necessary to address unsustainable spending.",ok,1,0.125
the_federalist,llama3.2:latest,the_federalist_166440184082,-0.5,-1.0,-1.0,0.0,0.8,"The article criticizes the integration of AI in schools, arguing that it undermines parental authority and replaces traditional values with a 'Silicon pater familias'. The author suggests that this development is a moral takeover, where technology companies dictate what 'best interests' an AI model should carry into conversations with children. The tone is critical and left-leaning.",ok,1,-0.625
the_federalist,llama3.2:latest,the_federalist_313808358172,-1.0,0.5,-0.8,0.3,0.9,"The article's bias is evident in its portrayal of Clinton's comments as 'insulting' and its criticism of Democratic policies on immigration. The author also uses emotive language to describe the potential consequences of mass migration, such as 'destabilization' and 'spoiled-based political culture.' Overall, the article presents a right-leaning perspective on immigration issues.",ok,1,-0.25
the_federalist,llama3.2:latest,the_federalist_066731257680,-0.5,0.0,-1.0,0.0,0.9,The article presents a left-leaning perspective on the U.S. Supreme Court's ruling against President Trump's imposition of tariffs under an emergency economics law.,ok,1,-0.375
the_federalist,llama3.2:latest,the_federalist_126424520791,-1.0,-1.0,-1.0,-1.0,1.0,"Stephen Colbert's show is accused of promoting Democrats and providing free campaign ads, with some arguing that the network's lawyers are censoring conservative voices. The FCC has warned broadcast networks about picking political sides, but Colbert claims he was told by his network that he couldn't air a Republican candidate.",ok,1,-1.0
the_federalist,gemma2:latest,the_federalist_299442590862,0.2,0.6,0.3,0.1,0.7,The article focuses on a Republican-led initiative and frames it positively. It also presents arguments from right-leaning sources more favorably.,ok,1,0.30000000000000004
the_federalist,gemma2:latest,the_federalist_110079005241,0.6,0.8,0.7,,0.7,The article focuses on conservative viewpoints and presents a negative portrayal of left-leaning policies.,recovered,1,0.6999999999999998
the_federalist,gemma2:latest,the_federalist_187832655499,0.8,1.0,-0.9,0.2,0.9,The article strongly frames the actions of left-leaning judges as detrimental and accuses them of weaponizing the judicial system. It presents a highly partisan view of legal developments.,ok,1,0.275
the_federalist,gemma2:latest,the_federalist_108123257899,-0.2,-0.8,-0.7,0.0,0.9,"The article criticizes the Wall Street Journal for framing Gen Z's spending habits as irresponsible, arguing it exacerbates generational division and avoids discussing systemic issues.",ok,1,-0.425
the_federalist,gemma2:latest,the_federalist_176405751206,0.2,-0.6,-0.7,0.3,0.8,"The article criticizes France's fertility plan, framing it as a solution that doesn't address the root causes of declining birth rates and potentially harming women. The author leans right in their commentary.",ok,1,-0.19999999999999996
the_federalist,gemma2:latest,the_federalist_262262040760,0.6,0.8,0.7,0.0,0.9,The article strongly frames Republicans as fiscally responsible and Democrats as wasteful. It emphasizes spending increases despite reforms and portrays the CBO report favorably to a right-leaning perspective.,ok,1,0.5249999999999999
the_federalist,gemma2:latest,the_federalist_166440184082,-0.2,0.6,-0.3,0.0,0.7,"The article frames AI integration in schools as a negative development, emphasizing parental concerns and potential for bias. However, it also acknowledges the widespread use of AI in education.",ok,1,0.024999999999999994
the_federalist,gemma2:latest,the_federalist_313808358172,-0.2,0.8,0.7,0.1,0.8,The article frames mass migration as a negative phenomenon and criticizes Democrats for their past stance on the issue. It heavily favors conservative viewpoints.,ok,1,0.35000000000000003
the_federalist,gemma2:latest,the_federalist_066731257680,,,,,,,recovered,1,
the_federalist,gemma2:latest,the_federalist_126424520791,,,,,,,fallback,1,
the_federalist,phi3:mini,the_federalist_299442590862,-1.0,-0.5,0.0,0.0,0.8,"The article presents a left-leaning perspective on the Senate's function and filibuster debate with some bias towards progressive values in governance; however, it maintains neutrality regarding specific political actors.",ok,1,-0.375
the_federalist,phi3:mini,the_federalist_110079005241,,,,,,,fallback,1,
the_federalist,phi3:mini,the_federalist_187832655499,-1.0,-1.0,-1.0,0.0,0.95,The article presents a clear left-leaning bias in its analysis and framing of the judicial system's issues related to conservative appointments.,ok,1,-0.75
the_federalist,phi3:mini,the_federalist_108123257899,,,,,,,fallback,1,
the_federalist,phi3:mini,the_federalist_176405751206,-1.0,-1.0,-1.0,0.0,0.95,The article presents a clear left-leaning bias against the French government's plan to boost fertility rates through egg freezing incentives and expands on potential negative effects of such policies without presenting substantial counterarguments or supporting evidence for their effectiveness.,ok,1,-0.75
the_federalist,phi3:mini,the_federalist_262262040760,-0.1,-0.7,-0.8,0.0,0.95,The article leans left with a clear bias against the Republican stance on Medicaid cuts and towards acknowledging unsustainable growth in healthcare spending as an issue requiring reform.,ok,1,-0.4
the_federalist,phi3:mini,the_federalist_166440184082,,,,,,,fallback,1,
the_federalist,phi3:mini,the_federalist_313808358172,-1.0,-1.0,-1.0,0.0,0.95,The article clearly leans left by focusing on the negative aspects of mass migration and criticizing past policies without acknowledging any potential benefits or complexities associated with it.,ok,1,-0.75
the_federalist,phi3:mini,the_federalist_066731257680,-0.6,-1.0,-0.8,0.0,0.95,The article clearly leans left-leaning with a negative framing bias towards Trump's actions and favorable to the Supreme Court majority in ruling against tariffs imposed by President Trump under IEEPA.,ok,1,-0.6000000000000001
the_federalist,phi3:mini,the_federalist_126424520791,,,,,,,fallback,1,
the_federalist,qwen2.5:3b-instruct,the_federalist_299442590862,-0.5,-0.75,-0.625,0.0,0.85,"The article focuses on the potential revival of a talking filibuster in the Senate, presenting arguments from both sides and leans slightly to the left by advocating for the use of such a procedure.",ok,1,-0.46875
the_federalist,qwen2.5:3b-instruct,the_federalist_110079005241,-1.0,-1.0,-1.0,0.0,1.0,"The article focuses heavily on the shooter's transgender identity, presenting it as a significant factor in his actions without providing context or nuance.",ok,1,-0.75
the_federalist,qwen2.5:3b-instruct,the_federalist_187832655499,-1.0,-1.0,-1.0,0.0,1.0,"The article heavily criticizes the left's approach to judicial activism and originalism, presenting it as a threat to American democracy.",ok,1,-0.75
the_federalist,qwen2.5:3b-instruct,the_federalist_108123257899,-0.5,-0.75,-0.625,0.0,1.0,"The article frames the behavior of young people negatively, suggesting they are wasteful and unaccountable for economic issues. It also criticizes older generations for not supporting younger ones. The tone is critical and divisive.",ok,1,-0.46875
the_federalist,qwen2.5:3b-instruct,the_federalist_176405751206,-0.5,-0.75,-0.5,0.0,1.0,"The article heavily criticizes the French government's plan to encourage egg freezing, presenting it as a flawed solution that could lead to unintended consequences and discourage traditional family values.",ok,1,-0.4375
the_federalist,qwen2.5:3b-instruct,the_federalist_262262040760,-1.0,-1.0,-1.0,0.0,0.95,"The article consistently portrays Republican policies favorably and criticizes Democrats, maintaining a strong left-leaning bias throughout.",ok,1,-0.75
the_federalist,qwen2.5:3b-instruct,the_federalist_166440184082,-0.85,-0.92,-0.76,0.0,1.0,"The article focuses heavily on the negative aspects of AI in education, particularly its impact on parental authority and values. It presents a strong left-leaning perspective.",ok,1,-0.6325000000000001
the_federalist,qwen2.5:3b-instruct,the_federalist_313808358172,-1.0,-1.0,-1.0,0.0,1.0,"The article consistently portrays the left (represented by Hillary Clinton) in a negative light while criticizing right-leaning policies and rhetoric, including those of Joe Biden.",ok,1,-0.75
the_federalist,qwen2.5:3b-instruct,the_federalist_066731257680,-1.0,-1.0,-1.0,0.0,1.0,"The article is strongly left-leaning in its subject, framing, and treatment of the topic, with no clear right-wing voices present.",ok,1,-0.75
the_federalist,qwen2.5:3b-instruct,the_federalist_126424520791,-1.0,-1.0,-1.0,-1.0,1.0,"The article heavily criticizes Stephen Colbert and CBS for promoting Democrats over Republicans, framing the issue as a violation of equal time requirements for political candidates.",ok,1,-1.0
the_federalist,gemma3:4b,the_federalist_299442590862,0.6,0.8,0.3,0.0,0.7,"The article leans right by advocating for the revival of the filibuster and criticizing the current state of the Senate as unproductive. It frames the debate around restoring a more traditional, deliberative Senate process and highlights concerns about the influence of 'messaging' bills and donor interests.",ok,1,0.425
the_federalist,gemma3:4b,the_federalist_110079005241,,,,,,,ok,1,
the_federalist,gemma3:4b,the_federalist_187832655499,0.85,0.9,-0.8,-0.3,0.85,"This article heavily frames the Biden administration's judicial appointments as a deliberate effort to obstruct Trump and the Republican agenda, utilizing language like 'weaponize the judicial system' and 'ongoing leftist-led judicial coup.' The treatment is overwhelmingly negative, portraying the judges as actively undermining the president's efforts and abusing their power.",ok,1,0.16249999999999998
the_federalist,gemma3:4b,the_federalist_108123257899,0.6,0.8,0.7,0.0,0.9,"The article heavily criticizes the framing of Gen Z's spending habits by The Wall Street Journal, arguing it’s a tactic to exacerbate generational division and deflect blame for economic issues. It suggests the framing is driven by the media's pursuit of clicks and outrage rather than genuine concern for systemic problems.",ok,1,0.5249999999999999
the_federalist,gemma3:4b,the_federalist_176405751206,0.2,0.7,0.9,0.0,0.8,"The article primarily frames the French initiative as potentially problematic, highlighting risks associated with IVF and questioning the effectiveness of incentivizing births. It leans right by criticizing the government's approach and suggesting it could lead to a decline in traditional family values.",ok,1,0.44999999999999996
the_federalist,gemma3:4b,the_federalist_262262040760,0.7,0.8,-0.7,0.0,0.9,"The article strongly frames Republicans as attempting to control Medicaid spending while Democrats are accused of exaggerating the impact of the reconciliation bill. It consistently highlights projected increases in spending under both Republican and Democratic administrations, presenting a skeptical view of claims about cuts.",ok,1,0.2
the_federalist,gemma3:4b,the_federalist_166440184082,0.6,0.8,0.7,0.0,0.9,"The article presents a strong critique of the increasing use of AI in education, framing it as a threat to parental authority and traditional family values. It highlights concerns about algorithmic control and the potential displacement of human judgment, leaning towards a conservative perspective.",ok,1,0.5249999999999999
the_federalist,gemma3:4b,the_federalist_313808358172,0.6,0.8,0.7,0.0,0.85,"The article presents a strongly conservative perspective on mass migration, framing it as disruptive and destabilizing. It criticizes the Biden administration’s policies and highlights concerns about cultural incompatibility, utilizing historical references and examples to support its arguments.",ok,1,0.5249999999999999
the_federalist,gemma3:4b,the_federalist_066731257680,0.3,0.6,0.7,0.0,0.8,"The article presents a legal analysis of the Supreme Court's ruling against Trump's tariffs, with a slightly favorable framing towards the court's decision. The extensive quotes from Kavanaugh's dissent highlight his strong disagreement and emphasize the potential inconsistencies in interpreting IEEPA.",ok,1,0.39999999999999997
the_federalist,gemma3:4b,the_federalist_126424520791,0.85,0.9,-0.8,0.95,0.8,"This article heavily frames Stephen Colbert and CBS as engaging in biased practices, specifically favoring Democratic candidates and circumventing equal time regulations. The language is consistently critical of Colbert and supportive of a conservative perspective on media fairness.",ok,1,0.475
the_federalist,MichelRosselli/apertus:latest,the_federalist_299442590862,0.0,-1.0,-1.0,0.0,0.85,"The article discusses the revival of the talking filibuster in the Senate, a procedural tool that could potentially increase transparency and deliberation. The author argues that this approach may help to reduce pressure for rule changes and promote a more constructive legislative environment.",ok,1,-0.5
the_federalist,MichelRosselli/apertus:latest,the_federalist_110079005241,,,,,,,fallback,1,
the_federalist,MichelRosselli/apertus:latest,the_federalist_187832655499,0.0,-1.0,0.0,0.0,0.75,"The article discusses the left's efforts to appoint activist judges and their impact on President Trump's agenda, highlighting a lack of clear alternative vision from the American Constitution Society.",ok,1,-0.25
the_federalist,MichelRosselli/apertus:latest,the_federalist_108123257899,0.0,-1.0,-1.0,0.0,0.85,"The article critiques the framing of Gen Z's spending habits as a moral issue, highlighting how it fuels generational division and distracts from systemic problems like housing affordability and inflation.",ok,1,-0.5
the_federalist,MichelRosselli/apertus:latest,the_federalist_176405751206,0.0,-1.0,0.0,0.0,0.75,"The article discusses France's plan to boost fertility rates by targeting women in their late twenties with a letter encouraging them to freeze their eggs for future use. The tone is critical of the plan, arguing that it does not address the root causes of declining birth rates and could potentially harm women through medical risks associated with egg retrieval.",ok,1,-0.25
the_federalist,MichelRosselli/apertus:latest,the_federalist_262262040760,0.0,-1.0,0.5,0.0,0.87,"The article presents a neutral subject, discussing Medicaid spending and its growth without taking sides. The framing is slightly left-leaning as it criticizes the Democrats for their claims about 'cuts' in Medicaid. Treatment of the issue shows some favor towards Republicans who attempted to slow down Medicaid's unsustainable growth. No clear political actors are quoted or invited, so guests bias is neutral.",ok,1,-0.125
the_federalist,MichelRosselli/apertus:latest,the_federalist_166440184082,0.0,-1.0,0.0,0.0,0.75,"The article discusses the increasing presence of AI in schools and the potential implications for parental authority, but it does not take a clear stance on political issues.",ok,1,-0.25
the_federalist,MichelRosselli/apertus:latest,the_federalist_313808358172,0.0,-1.0,-1.0,0.0,0.85,"The article discusses the impact of mass migration on society, highlighting its disruptive and destabilizing nature. It criticizes Democrats for their past stance on conservatives who expressed similar concerns while pointing out that now they are acknowledging common sense. The tone is left-leaning as it critiques Democratic policies and personalities.",ok,1,-0.5
the_federalist,MichelRosselli/apertus:latest,the_federalist_066731257680,0.0,-1.0,-1.0,0.0,0.75,"The article focuses on a legal challenge to President Trump's use of tariffs, highlighting the court's ruling that IEEPA does not authorize such actions.",ok,1,-0.5
the_federalist,MichelRosselli/apertus:latest,the_federalist_126424520791,,,,,,,fallback,1,
the_federalist,llama3.1:8b,the_federalist_299442590862,-0.8,-0.4,-0.6,-0.2,0.9,"The article presents a nuanced discussion of the talking filibuster, highlighting its potential benefits for Senate deliberation and public engagement.",ok,1,-0.5000000000000001
the_federalist,llama3.1:8b,the_federalist_110079005241,-1.0,-1.0,-1.0,0.0,0.8,"Article presents a critical view of the corporate media's handling of a shooting incident, highlighting their alleged bias in downplaying or omitting information about the shooter's transgender identity.",ok,1,-0.75
the_federalist,llama3.1:8b,the_federalist_187832655499,-1.0,-1.0,-1.0,-1.0,0.9,"The article presents a biased view of the judicial system, leaning towards a left-wing perspective. The author's tone and narrative are critical of conservative judges and the originalist movement.",ok,1,-1.0
the_federalist,llama3.1:8b,the_federalist_108123257899,-0.2,-1.0,-0.8,0.0,0.9,"The article critiques the media's framing of Gen Z's spending habits, arguing that it perpetuates generational division and ignores policy decisions that contribute to the cost of living.",ok,1,-0.5
the_federalist,llama3.1:8b,the_federalist_176405751206,-0.6,1.0,0.8,1.0,0.9,"The article presents a strongly right-leaning view on the topic of fertility rates and assisted reproductive technology, criticizing France's approach as 'transactional' and 'sentencing countless embryos to death'. The author appears to be influenced by conservative or libertarian ideologies.",ok,1,0.55
the_federalist,llama3.1:8b,the_federalist_262262040760,0.8,1.0,1.0,0.0,0.9,"The article presents a strongly right-leaning narrative, framing Medicaid reforms as necessary to slow unsustainable spending growth and criticizing Democrats for misrepresenting the impact of those reforms.",ok,1,0.7
the_federalist,llama3.1:8b,the_federalist_166440184082,-0.8,-1.0,-0.9,-0.7,0.85,"The article critiques the increasing influence of AI in education, highlighting concerns about parental authority and the potential for bias in AI decision-making.",ok,1,-0.8500000000000001
the_federalist,llama3.1:8b,the_federalist_313808358172,-0.5,1.0,0.8,0.9,0.7,"The article presents a strongly right-leaning perspective on immigration, criticizing Democrats and defending conservative positions while accusing them of being 'racists' for similar views in the past.",ok,1,0.55
the_federalist,llama3.1:8b,the_federalist_066731257680,-0.75,-0.8,-1.0,-0.5,0.9,"The article presents a clear left-leaning perspective, criticizing President Trump's use of emergency powers and the Supreme Court's decision. The language used is neutral, but the framing and treatment of the topic suggest a strong bias against the right.",ok,1,-0.7625
the_federalist,llama3.1:8b,the_federalist_126424520791,-1.0,-1.0,-1.0,-1.0,0.8,"Article presents a strongly right-leaning perspective, criticizing Stephen Colbert and his show for perceived left-wing bias and favoritism towards Democrats.",ok,1,-1.0
the_federalist,phi3.5:latest,the_federalist_299442590862,-0.7,-0.65,-0.6,-0.8,0.92,"The article leans left due to its criticism of current Senate practices and endorsement of the talking filibuster as a means for more open debate (subject bias). The framing is critical with respect to Republican efforts towards voting reforms like voter ID laws, suggesting skepticism about their motives or effectiveness. Treatment-wise, there's an apparent favoritism toward leftist arguments and concerns over Senate dysfunction from a right perspective (treatment bias). The guests mentioned are largely critical of Republican views on filibustering reform which is associated with the Democratic Party in this context; hence, it indicates more criticism than support for Republicans' positions regarding their political stance or guest speakers. Overall confidence level reflects high certainty based on language and sentiments expressed.",ok,1,-0.6875
the_federalist,phi3.5:latest,the_federalist_110079005241,,,,,,,fallback,1,
the_federalist,phi3.5:latest,the_federalist_187832655499,-1.0,-1.0,-1.0,-1.0,0.95,The article clearly leans left by criticizing conservative judicial appointments and framing them as part of a 'leftist-led judicial coup.' The tone suggests disapproval towards the current political strategy employed against President Trump's agenda.,ok,1,-1.0
the_federalist,phi3.5:latest,the_federalist_108123257899,,,,,,,fallback,1,
the_federalist,phi3.5:latest,the_federalist_176405751206,-0.7,-0.85,-0.65,,0.95,The article criticizes France's approach to fertility and IVF funding with a left-leaning bias towards questioning the policy effectiveness and potential social consequences of delay in family planning due to career focus.,ok,1,-0.7333333333333333
the_federalist,phi3.5:latest,the_federalist_262262040760,-0.7,-0.9,-1.0,0.0,0.95,The article leans left in its criticism of Democrats' handling and expansion of Medicaid under Biden-era policies while highlighting the unsustainable growth despite Republican reforms; it frames this as a failure rather than progress for Republicans.,ok,1,-0.65
the_federalist,phi3.5:latest,the_federalist_166440184082,,,,,,,fallback,1,
the_federalist,phi3.5:latest,the_federalist_313808358172,,,,,,,fallback,1,
the_federalist,phi3.5:latest,the_federalist_066731257680,-0.1,-0.2,-0.2,0.0,0.95,"The article critiques the Supreme Court's ruling and majority opinion without a clear left or right bias but leans slightly towards framing that questions presidential authority from what seems to be conservative perspectives given dissenting opinions align with more traditionally Republican views. No specific political guests are quoted, resulting in neutral treatment_bias.",ok,1,-0.125
the_federalist,phi3.5:latest,the_federalist_126424520791,,,,,,,fallback,1,
watson,llama3.2:latest,watson_253177730,-0.5,0.2,0.8,0.0,0.9,"Die ukrainische Regierung wird ihre Cyber-Operationen als Erfolg darstellen, da sie die russischen Drohnen operativen Wert entzogen haben und die Ukraine ihre Verteidigung verbessert haben. Die Rolle von Belarus in der Operation ist jedoch ambivalent, da es sich um eine enge Abhängigkeit von Russland handelt.",ok,1,0.125
watson,llama3.2:latest,watson_634863006,0.0,0.0,0.0,0.0,1.0,"Es wird kein politischer Kommentar abgegeben, die Artikel konzentriert sich ausschließlich auf das Ereignis.",ok,1,0.0
watson,llama3.2:latest,watson_455426137,,,,,,,recovered,1,
watson,llama3.2:latest,watson_103977558,-0.1,0.2,0.0,0.0,0.8,"Die Art und Weise, wie die Ereignisse dargestellt werden, zeigt eine gewisse Neutraleität. Die Behauptung der pakistanischen Regierung über die Verantwortung des IS für den Anschlag wird jedoch durch die Aussage Pakistans, dass ein Afghaner als Drahtzieher verantwortlich gemacht wurde, untermauert.",ok,1,0.025
watson,llama3.2:latest,watson_144733379,-0.5,0.2,-0.1,0.0,0.8,"Die US-Administration hat neue Zölle mit einem temporären Zusatzzoll von 15 Prozent eingeführt, was die nationalen Sicherheitsbedenken der USA berücksichtigt. Die Schweiz kann sich auf die Warenkategorie anpassen und Chancen sehen, ihre Interessen durch Verhandlungen zu schützen.",ok,1,-0.1
watson,llama3.2:latest,watson_104591318,-1.0,0.0,-0.5,0.0,0.8,"Der Artikel enthält mehrere Hinweise darauf, dass Jacques Moretti eine Vorstrafe wegen Förderung von Prostitution hat und über seine Vergangenheit als Barbesitzer und Besitzer einer Escort-Website informiert. Die Art und Weise, wie diese Informationen präsentiert werden, ist jedoch neutral und gibt keinen klaren politischen Ton vor. Es wird erwähnt, dass Moretti möglicherweise Fehler gemacht hat, aber auch betont, dass er nicht allein verantwortlich ist.
Der Artikel zeigt auch, dass die Medien nach mehr Informationen über Jacques Morettis Vergangenheit suchen und dass einige seiner Freunde ihm zu Gunsten ausgesprochen sind. Dies deutet darauf hin, dass der Artikel eine neutrale Haltung einnimmt und keine klaren politischen Vorlieben hat.",ok,1,-0.375
watson,llama3.2:latest,watson_778644734,-0.6,-1.0,-0.2,0.0,0.8,"Der Artikel vermittelt eine kritische Darstellung der US-Regierung unter Trump, insbesondere im Hinblick auf die mögliche Annexion von Grönland durch Dänemark. Die Art und Weise, wie die Ereignisse dargestellt werden, lässt darauf schließen, dass der Artikel einen linken politischen Hintergrund hat.",ok,1,-0.45
watson,llama3.2:latest,watson_440508007,-1.0,0.0,-0.5,0.0,0.8,"Die Artikel besprechen die Auswirkungen einer gerichtlichen Entscheidung auf Donald Trumps Zollpolitik und die möglichen Rückforderungspläne von Schweizer Unternehmen. Die Analyse zeigt, dass der Text eine neutralere Haltung einnimmt, da es sich um eine Berichterstattung über eine reale Ereignisberichterstattung handelt.",ok,1,-0.375
watson,llama3.2:latest,watson_561501559,-1.0,-1.0,-1.0,-1.0,1.0,"Die Verurteilung der Äusserungen von Huckabees durch die Aussenministerien mehrerer arabischer und muslimischer Staaten zeigt, dass der Artikel eine klare linke Bias hat.",ok,1,-1.0
watson,llama3.2:latest,watson_382753691,-0.1,0.5,0.2,0.3,0.8,"Der Artikel präsentiert eine ausgewogene und neutrale Darstellung der Vorteile und Risiken von KI im Gesundheitswesen. Die Autoren betonen die Notwendigkeit, das volle Potenzial von KI zu nutzen, ohne sich von Angst vor Technologie lähmen zu lassen.",ok,1,0.22500000000000003
watson,gemma2:latest,watson_253177730,0.2,-0.1,-0.3,0.0,0.6,"The article focuses on a Ukrainian cyber operation against Russia, framing it as a successful defensive action. However, the discussion of Belarus's role leans slightly rightward.",ok,1,-0.049999999999999996
watson,gemma2:latest,watson_634863006,0.0,0.0,0.0,0.0,0.95,The article reports a factual event with no discernible political slant. The focus is on the events and those involved.,ok,1,0.0
watson,gemma2:latest,watson_455426137,0.0,0.0,0.0,0.0,0.8,The article reports on a factual event with neutral language and avoids overtly partisan framing.,ok,1,0.0
watson,gemma2:latest,watson_103977558,0.0,0.0,0.0,0.0,0.7,"The article presents a neutral account of the conflict between Pakistan and Afghanistan, focusing on recent events and statements from both sides.",ok,1,0.0
watson,gemma2:latest,watson_144733379,0.0,-0.1,0.0,0.0,0.6,The article presents a factual account of the potential US tariffs and their implications for Switzerland. The framing is slightly left-leaning due to emphasis on potential negative impacts on Swiss businesses.,ok,1,-0.025
watson,gemma2:latest,watson_104591318,0.0,-0.2,0.1,-0.3,0.4,The article presents details about the suspect's past and offers perspectives from his friend. The framing slightly leans left due to emphasis on potential negligence.,ok,1,-0.1
watson,gemma2:latest,watson_778644734,0.2,-0.3,0.1,0.0,0.6,"The article focuses on Trump's actions and statements regarding Greenland, framing them as potentially controversial. European nations are presented as opposing Trump's stance.",ok,1,6.938893903907228e-18
watson,gemma2:latest,watson_440508007,0.0,-0.2,0.1,0.0,0.6,"The article reports on a legal defeat for Trump's tariffs, focusing on the potential economic impact on Swiss businesses. While framing leans slightly left due to emphasis on negative consequences for Trump and his policies, overall treatment is neutral.",ok,1,-0.025
watson,gemma2:latest,watson_561501559,0.2,-0.3,-0.1,0.4,0.6,"The article focuses on a controversial statement by a US diplomat, framing it as negative and highlighting criticism from various Arab and Muslim countries. The inclusion of quotes from right-leaning figures like Tucker Carlson contributes to the slight rightward lean.",ok,1,0.05000000000000001
watson,gemma2:latest,watson_382753691,0.1,0.2,0.0,0.0,0.6,"The article presents a generally positive view of AI in healthcare, highlighting its benefits while acknowledging potential risks.",ok,1,0.07500000000000001
watson,phi3:mini,watson_253177730,-0.5,-1.0,-0.6,0.0,0.9,The article shows a clear left-leaning bias with negative framing towards Russia and Belarus' roles in the conflict. Treatment of subjects is also skewed against these nations.,ok,1,-0.525
watson,phi3:mini,watson_634863006,-0.1,-0.2,-0.3,0.0,0.95,The article is slightly left-leaning due to its focus on a tragic event and the involvement of community services in rescue efforts. The framing leans towards right as it doesn't emphasize political aspects or blame parties.,ok,1,-0.15000000000000002
watson,phi3:mini,watson_455426137,-0.5,-0.4,-0.3,0.0,0.9,The article appears to have a slight left-leaning bias in its choice of words and framing but remains mostly neutral with high confidence.,ok,1,-0.3
watson,phi3:mini,watson_103977558,-0.5,-1.0,-1.0,-1.0,0.9,The article is heavily biased against Pakistan and the Taliban with a clear left-leaning stance.,ok,1,-0.875
watson,phi3:mini,watson_144733379,-0.5,-1.0,-0.8,0.0,0.9,The article leans slightly left with a negative framing towards the US administration's potential tariffs and shows bias in treatment against it.,ok,1,-0.575
watson,phi3:mini,watson_104591318,-0.5,-1.0,0.2,0.3,0.9,The article leans slightly left with a negative framing towards Jacques Moretti's past actions and the fire incident in Crans-Montana.,ok,1,-0.25
watson,phi3:mini,watson_778644734,-0.5,-1.2,-0.8,0.0,0.95,The article appears to lean slightly left due to its negative portrayal of Trump's actions and right-leaning bias in the framing around European countries opposing U.S.' stance on Arctic annexation.,ok,1,-0.625
watson,phi3:mini,watson_440508007,-0.5,-0.6,-0.4,-0.2,0.9,The article leans slightly left with a negative framing bias towards Trump's policies and treatment of the subject matter. Guest speakers are also more right-leaning.,ok,1,-0.425
watson,phi3:mini,watson_561501559,-0.8,-1.0,-1.0,-1.0,0.95,The article presents a clear left-leaning perspective by framing Israel's actions negatively and criticizing the guest commentator for his inflammatory remarks. The treatment of both sides appears biased against Israel.,ok,1,-0.95
watson,phi3:mini,watson_382753691,,,,,,,fallback,1,
watson,qwen2.5:3b-instruct,watson_253177730,-0.5,-0.75,-0.5,0.0,1.0,"The article focuses on the cyber operations conducted by Ukrainian Cyber-Community, highlighting their success in gathering intelligence and providing it to the ukrainian forces. The framing is largely critical of Russia and Belarus's involvement.",ok,1,-0.4375
watson,qwen2.5:3b-instruct,watson_634863006,0.0,0.0,0.0,0.0,1.0,The article is purely factual and does not contain any bias towards left or right.,ok,1,0.0
watson,qwen2.5:3b-instruct,watson_455426137,0.0,-0.5,-0.3,0.0,1.0,"The article is balanced in its coverage of the event, without giving undue weight to either side.",ok,1,-0.2
watson,qwen2.5:3b-instruct,watson_103977558,-0.5,-0.75,-0.5,0.0,1.0,"The article heavily focuses on the actions of Pakistan's Taliban and their attacks, presenting them as a threat to regional stability without providing significant context or balance from other perspectives.",ok,1,-0.4375
watson,qwen2.5:3b-instruct,watson_144733379,-0.5,-0.75,-0.625,0.0,0.83,"The article focuses on the US response to potential tariffs, presenting a balanced view but leaning slightly towards a more critical stance against Trump's actions.",ok,1,-0.46875
watson,qwen2.5:3b-instruct,watson_104591318,-0.5,-0.75,-0.625,0.0,1.0,"The article focuses on Jacques Moretti's past and his relationships, which are portrayed negatively. The framing is critical of Moretti's actions and the people associated with him.",ok,1,-0.46875
watson,qwen2.5:3b-instruct,watson_778644734,-0.3,-0.7,-0.5,0.0,1.0,"The article focuses on Trump's threats and the subsequent diplomatic response, showing a clear left-leaning framing and treatment bias towards Europe and against the US.",ok,1,-0.375
watson,qwen2.5:3b-instruct,watson_440508007,-0.5,-0.75,-0.625,0.0,1.0,"The article focuses on the negative impact of Trump's trade policies and the potential for US firms to recover taxes, leaning left in its framing. The treatment bias is towards the right as it discusses both sides' strategies but leans more towards those who seek recovery from Zollkrieg.",ok,1,-0.46875
watson,qwen2.5:3b-instruct,watson_561501559,-0.75,-0.85,-0.65,-0.92,1.0,"The article heavily focuses on the right-wing perspective and criticizes it harshly, while minimizing any left-leaning viewpoints.",ok,1,-0.7925
watson,qwen2.5:3b-instruct,watson_382753691,-0.5,-0.75,-0.5,-0.33,1.0,"The article focuses on the positive aspects of AI in healthcare, especially in Switzerland's cautious approach and its integration into medical practices. It also highlights challenges but presents them as solvable rather than insurmountable.",ok,1,-0.52
watson,gemma3:4b,watson_253177730,0.7,0.6,0.8,0.1,0.8,"The article focuses on Ukrainian cyber operations against Russia and Belarus, highlighting their intelligence gathering and impact on the conflict. It emphasizes Ukraine's proactive role in countering Russian aggression and exposes Belarus's support for Russia's operations.",ok,1,0.5499999999999999
watson,gemma3:4b,watson_634863006,0.0,0.0,0.0,0.0,0.8,This article reports on a tragic skiing accident. It provides factual details about the search and rescue operation without explicitly taking a political stance.,ok,1,0.0
watson,gemma3:4b,watson_455426137,0.2,0.6,0.3,0.0,0.8,"The article presents a factual account of an attempted intrusion at Mar-a-Lago, focusing on the actions of the Secret Service and local law enforcement. The framing leans slightly right due to the emphasis on the armed individual and the use of force by law enforcement.",ok,1,0.275
watson,gemma3:4b,watson_103977558,0.2,0.3,0.4,0.0,0.8,"The article presents a Pakistani government account of the attacks, framing them as retaliation and implicating Afghan Taliban leaders. It highlights ongoing tensions between Pakistan and Afghanistan, with a focus on Pakistani accusations and Afghan denials, exhibiting a slight bias towards Pakistan's narrative due to its initial reporting and framing of the attacks as 'Vergeltungsmassnahme'.",ok,1,0.225
watson,gemma3:4b,watson_144733379,,,,,,,ok,1,
watson,gemma3:4b,watson_104591318,0.2,0.3,0.6,0.1,0.8,The article focuses on Moretti's past activities and seeks to portray him as partially blameless through the accounts of his friends. It highlights his previous offenses and attempts to mitigate his responsibility for the fire.,ok,1,0.30000000000000004
watson,gemma3:4b,watson_778644734,0.0,0.2,-0.3,0.0,0.8,"The article presents a factual account of Trump's proposal to send a hospital ship to Greenland, highlighting the tensions surrounding the potential annexation threat. It largely neutral in tone, focusing on the logistical aspects and diplomatic responses to the situation.",ok,1,-0.024999999999999994
watson,gemma3:4b,watson_440508007,0.3,0.2,0.2,0.1,0.8,"The article primarily focuses on the negative impact of Trump's tariffs on Swiss businesses, particularly the watch industry, while also highlighting the government's cautious approach and desire for negotiation. It presents a somewhat critical view of Trump's policies and reactions.",ok,1,0.19999999999999998
watson,gemma3:4b,watson_561501559,0.2,0.3,0.1,0.0,0.8,"The article presents a nuanced view of the Israeli-Palestinian conflict, highlighting criticism from Arab and Muslim states regarding the US Ambassador's comments. It also details the ongoing territorial disputes and recent actions by the Israeli government.",ok,1,0.15
watson,gemma3:4b,watson_382753691,0.2,0.3,0.2,0.0,0.7,"The article presents a cautiously optimistic view of AI's integration into the Swiss healthcare system, highlighting its current benefits and addressing potential risks with a focus on responsible development and strategic action. It emphasizes Switzerland's proactive approach and innovative solutions to cybersecurity and technological sovereignty.",ok,1,0.175
watson,MichelRosselli/apertus:latest,watson_253177730,0.0,-1.0,0.0,0.0,0.85,"Der Artikel beschreibt eine ukrainische Cyber-Operation, die sich gegen Russland richtet und dabei auch Belarus involviert. Die Berichterstattung ist neutral und konzentriert sich auf technische Details der Operation.",ok,1,-0.25
watson,MichelRosselli/apertus:latest,watson_634863006,0.0,-1.0,0.0,0.0,0.95,"The article does not mention any political figures or issues, so the subject bias is neutral (0.0). The framing of the story leans slightly negative (-1.0), as it focuses on a tragic event without providing additional context that could shift the tone to more positive or neutral. There's no clear treatment bias towards either left or right, and there are no quoted speakers or invited voices mentioned in the article.",ok,1,-0.25
watson,MichelRosselli/apertus:latest,watson_455426137,0.0,-1.0,0.0,0.0,0.85,"The article focuses on a security incident involving President Trump's residence, Mar-a-Lago. The framing is negative towards the perpetrator and neutral regarding political figures.",ok,1,-0.25
watson,MichelRosselli/apertus:latest,watson_103977558,0.0,-1.0,0.0,0.0,0.95,"The article discusses recent attacks in Pakistan and Afghanistan, with no clear political actors mentioned.",ok,1,-0.25
watson,MichelRosselli/apertus:latest,watson_144733379,0.0,-1.0,0.0,0.0,0.65,"The article discusses the potential for new US tariffs, but does not take a clear stance or present biased opinions.",ok,1,-0.25
watson,MichelRosselli/apertus:latest,watson_104591318,0.0,-1.0,0.0,0.0,0.85,"Der Artikel behandelt eine Brandkatastrophe und die Hintergründe des Barbesitzers Jacques Moretti, ohne explizit politische Themen zu behandeln.",ok,1,-0.25
watson,MichelRosselli/apertus:latest,watson_778644734,0.0,-1.0,0.0,0.0,0.75,"The article discusses the potential deployment of a US Navy hospital ship to Greenland, which is part of Denmark. The subject and framing are neutral as it covers both sides of the political spectrum (the conflict between the USA and Denmark). The treatment bias leans towards left by mentioning European countries like Germany, Britain, and France who support Denmark and Grönland.",ok,1,-0.25
watson,MichelRosselli/apertus:latest,watson_440508007,0.0,-1.0,0.0,0.0,0.85,"The article discusses the legal challenges to Donald Trump's tariffs and their impact on Swiss companies, particularly in the luxury watch industry.",ok,1,-0.25
watson,MichelRosselli/apertus:latest,watson_561501559,0.0,-1.0,-1.0,0.0,0.85,"Der Artikel behandelt die kontroverse Frage der israelischen Ansprüche im Nahen Osten, wobei er sowohl die Position des US-Botschafters als auch die Kritik von arabischen und muslimischen Staaten darstellt.",ok,1,-0.5
watson,MichelRosselli/apertus:latest,watson_382753691,0.0,-1.0,0.0,0.0,0.95,"Der Artikel präsentiert KI im Gesundheitswesen als eine neutrale Technologie, die sowohl Chancen als auch Herausforderungen bietet. Es wird betont, dass KI ein ergänzendes Werkzeug ist und nicht als Wunderlösung wahrgenommen werden sollte.",ok,1,-0.25
watson,llama3.1:8b,watson_253177730,-0.5,-0.3,-0.2,0.0,0.8,"The article presents a balanced view of the cyber operation, highlighting both the Ukrainian and Russian perspectives. However, it slightly leans towards the left by criticizing Belarus' involvement in the conflict.",ok,1,-0.25
watson,llama3.1:8b,watson_634863006,0.0,-0.1,0.0,0.0,0.9,"The article reports on a neutral topic, the disappearance and death of a skier in Arosa. The language used is formal and objective.",ok,1,-0.025
watson,llama3.1:8b,watson_455426137,-0.2,-0.1,-0.3,-0.5,0.8,"The article presents a neutral and factual account of the incident, with some slight left-leaning framing in the treatment of the Secret Service's actions.",ok,1,-0.275
watson,llama3.1:8b,watson_103977558,-0.2,-0.1,-0.3,0.0,0.8,"The article presents a balanced view of the conflict between Afghanistan and Pakistan, but slightly favors the Pakistani government's perspective.",ok,1,-0.15000000000000002
watson,llama3.1:8b,watson_144733379,-0.3,0.1,0.2,0.0,0.8,"The article discusses the potential impact of US tariffs on Swiss imports, with a neutral tone and no clear left or right bias. The subject matter is complex and requires an understanding of trade policies.",ok,1,6.938893903907228e-18
watson,llama3.1:8b,watson_104591318,-0.2,-0.1,-0.3,-0.5,0.8,"The article presents a balanced view of the situation, but leans slightly left in its treatment and framing of Jacques Moretti's past.",ok,1,-0.275
watson,llama3.1:8b,watson_778644734,-0.5,-0.3,-0.2,0.0,0.8,"The article presents a neutral to slightly left-leaning perspective on the topic of Trump's announcement to send a hospital ship to Greenland, highlighting the potential risks and uncertainties surrounding the move.",ok,1,-0.25
watson,llama3.1:8b,watson_440508007,-0.5,-0.2,-0.3,-0.6,0.8,"The article appears to lean left in its selection of topics and framing, with a focus on criticizing Trump's economic policies. The tone is generally neutral, but the quoted voices from Swiss companies seem to have a more left-leaning perspective.",ok,1,-0.4
watson,llama3.1:8b,watson_561501559,-0.5,-0.7,-0.8,1.0,0.9,"Article presents a critical view of US Ambassador's statements, emphasizing the reactions from Arab and Muslim states as 'strongly condemning' and 'deeply concerned'. The article also highlights Israel's disputed borders and settlements.",ok,1,-0.25
watson,llama3.1:8b,watson_382753691,,,,,,,fallback,1,
watson,phi3.5:latest,watson_253177730,0.0,-0.1,0.0,0.0,0.95,"Der Artikel behandelt die Ereignisse und Perspektiven neutral mit einem leichten Fokus auf den ukrainischen Standpunkt ohne klar links- oder rechtsorientierte Bevorzugung. Die Erwähnung von Sanktionen gegen Belarus könnte als eine Sichtweise interpretiert werden, die sich mehr an der Reaktion des westlichen Blocks (Ukraine und NATO) auf belarussische Handlungen orientiert.",ok,1,-0.025
watson,phi3.5:latest,watson_634863006,0.0,-1.0,0.0,0.0,1.0,Der Artikel konzentriert sich hauptsächlich auf ein Unglücksfall ohne politische Ausrichtung und behandelt die Ereignisse neutral. Keine spezifischen Parteistellungen oder Bias in Bezug auf Links- bzw. Rechtsparteien sind erkennbar.,ok,1,-0.25
watson,phi3.5:latest,watson_455426137,-0.1,-0.2,-0.3,0.0,0.95,"Der Artikel konzentriert sich hauptsächlich auf ein Ereignis im Zusammenhang mit der Sicherheit von Präsident Trump ohne explizite politische Neigung und behandelt die beteiligten Behörden neutral. Der Ton ist leicht gegen das Thema gerichtet, aber keine Partei offen unterstützt oder kritisiert wird.",ok,1,-0.15000000000000002
watson,phi3.5:latest,watson_103977558,-0.8,-0.7,-0.65,,0.9,The article has a left-leaning bias evident through its focus on negative aspects of Pakistan's actions and the portrayal of conflicts with Afghanistan. The framing suggests criticism towards both nations without providing balanced perspectives from each side.,ok,1,-0.7166666666666667
watson,phi3.5:latest,watson_144733379,-0.1,-0.2,-0.15,0.0,0.9,"The article leans slightly towards a left-leaning perspective by discussing potential negative impacts on industries and workers due to increased tariffs but maintains neutrality in presenting the facts about Trump's options without overt favoritism. The framing suggests concern for economic security, aligning more closely with typical progressive viewpoints.",ok,1,-0.11250000000000002
watson,phi3.5:latest,watson_104591318,-0.7,-0.85,-0.6,-0.6,0.95,"Der Artikel zeigt eine klare negative Tendenz gegenüber Jacques Moretti und ähnlichen Figuren in Bezug auf soziale Normen und rechtliche Konsequenzen ihrer Handlungen. Der Ton ist kritisch mit einem Fokus darauf, Fehler gemacht zu haben statt Verantwortung für die Folgen.",ok,1,-0.6875
watson,phi3.5:latest,watson_778644734,-0.7,-0.65,-0.6,0.0,0.95,The article leans slightly to the left due to its critical tone towards Trump's repeated threats and focus on European opposition; framing is also subtly negative with an emphasis on diplomatic efforts rather than confrontation.,ok,1,-0.48750000000000004
watson,phi3.5:latest,watson_440508007,-0.7,-0.65,-0.6,-0.8,0.9,The article shows a clear left-leaning bias towards criticizing Trump's trade policies and portraying the Swiss companies negatively for their reactions to these policies. The framing of the situation also leans slightly more on the negative side.,ok,1,-0.6875
watson,phi3.5:latest,watson_561501559,-0.7,-0.8,-0.9,-1.0,0.95,Der Artikel zeigt eine klare linksorientierte Perspektive mit starker Kritik an israelischen Politiken und Unterstützung für die Palästinenseransprüche. Der Ton ist entschieden gegen Israel gerichtet.,ok,1,-0.85
watson,phi3.5:latest,watson_382753691,,,,,,,fallback,1,
