title,body,description,headline,author,keywords,article_section,in_language,canonical_url,publisher_name,date_published,date_modified,date_accessed,source,article_id,lead,alternative_headline,sources,credit,word_count,title_words,lead_words,body_words,text_words_total
La tenture de Carême illustre 'La grande bouffe' – Portail catholique suisse,"La tenture de Carême de cette année s’intitule Das grosse Fressen (La grande bouffe). L’artiste allemande Konstanze Trommer espère que son image incitera à la réflexion. Jacqueline Straub , kath.ch / traduction et adaptation Maurice Page La tenture de Carême accrochée dans les églises suisses pendant le carême dans le cadre de la campagne œcuménique 2026 a été réalisée par l’artiste allemande Konstanze Trommer. Elle aborde aborde les défis mondiaux tels que le changement climatique, les conflits et les divisions sociales à travers un «pain terrestre». On y voit le globe terrestre et un pain qui se fondent l’un dans l’autre sur un fond cosmique. L’Amérique du Nord est baignée d’une lumière vive, tandis que l’Amérique du Sud disparaît dans l’obscurité et se fond dans le pain. Konstanze Trommer est une artiste allemande | DR Le titre Das grosse Fressen (La grande bouffe) a été choisi en accord avec le commanditaire. «Il nous semble approprié à la situation mondiale actuelle», a expliqué Konstanze Trommer à kath.ch. Les couverts comme menace Une fourchette et un couteau sont posés de chaque côté du pain. Les couverts sont à la fois une invitation et une menace. Car si l’on coupe le pain, on coupe aussi la planète Terre. «Mais je laisse le spectateur en juger». Même si l’artiste est consciente du fait que sa tenture de Carême ne conduira pas à un changement radical des mentalités, elle estime «qu’il ne faut pas relâcher nos efforts pour sensibiliser les gens à l’importance d’un monde où il fait bon vivre ». Elle espère que les gouttes d’eau finiront par user la pierre. Konstanze Trommer avait déjà représenté, il y a plus de vingt ans, un motif très similaire dans une peinture acrylique en trois volets. Son œuvre Abendmahl (Cène) était née de sa colère face au fait que l’on parlait beaucoup du changement climatique, mais que l’on agissait trop peu. (cath.ch/kath.ch/mp) La tenture de carême est disponible en grand format (284 x 200 cm), et en petites dimensions (120 x 85 cm) Elle est également déclinée en sets de table gratuits. Elle s’accompagne d’un livret de méditations.",La tenture de Carême de cette année s'intitule «Das grosse Fressen» (La grande bouffe). L'artiste allemande Konstanze Trommer espère que son image incitera à la réflexion.,La tenture de Carême illustre 'La grande bouffe' – Portail catholique suisse,,[],,fr,https://www.cath.ch/newsf/la-tenture-de-careme-illustre-la-grande-bouffe/,Cathinfo,,,2026-02-22 14:47:49,cathinfo,cathinfo_014119745235,nan,nan,['nan'],['nan'],,12,1,352,365
Le Grison Markus Cott est le nouveau directeur de Missio Suisse – Portail catholique suisse,"Le Dicastère pour l’évangélisation au Vatican a nommé le théologien Markus Cott (56 ans) nouveau directeur national des Œuvres pontificales missionnaires (Missio) en Suisse, annonce l’organisation le 18 février 2026. De fait, le Grison occupe ce poste depuis octobre 2025 déjà. À son actif, une longue expérience d’accompagnement de projets à l’étranger et son ancrage ecclésial. Originaire des Grisons, de la région romanche du Surses, Markus Cott a été pendant douze ans délégué à l’intégration du canton de Schwyz. «À ce titre, il a conçu et dirigé des programmes de soutien destinés aux personnes réfugiées, ainsi qu’aux personnes issues de la migration», précise le communiqué de Missio. Markus Cott a également travaillé treize ans pour le Comité international de la Croix-Rouge (CICR). Ses missions l’ont notamment mené en Afghanistan, au Rwanda, au Népal, au Liberia, en Éthiopie et en Iran. De 1995 à 1998, il a travaillé en paroisse (St. Marien) à Wädenswil. Il a achevé ses études de théologie à Coire, après une année intermédiaire à l’Université pontificale grégorienne à Rome. Puis il a suivi deux années d’études en sciences des religions à l’Institut catholique de Paris. En 2005, il a obtenu à la London School of Economics (LSE) un master en Social Policy for Developing Countries. Un engagement de longue date auprès des défavorisés Suite à l’annonce de sa nomination par le Vatican, le Conseil de fondation de Missio Suisse a exprimé sa satisfaction: «Nous sommes convaincus que Markus Cott, grâce à son expérience internationale, à son ancrage ecclésial et à son engagement de longue date en faveur des personnes défavorisées, apportera une contribution significative au travail de Missio en Suisse.» De son côté, Markus Cott a déclaré que cet engagement était pour lui «une occasion de promouvoir la dimension universelle de l’Église et, avec les paroisses et les responsables pastoraux en Suisse, de rendre perceptible aussi la dimension universelle de la foi». La mission à travers la musique La nouvelle de sa nomination lui est parvenue alors qu’il se trouve en Bolivie, dans le cadre des préparatifs du Mois de la mission universelle d’octobre 2026. Il y a visité des projets de l’Église locale ainsi que des lieux marquants liés à l’action du missionnaire suisse Martin Schmid sj (1694–1772), qui passa par la musique notamment. «Le Père Schmid incarne une mission qui rejoint les personnes non par des concepts d’abord, mais par ce qui touche le cœur: la musique, la beauté et la création partagée. Là où la foi peut ›résonner’, elle devient expérience – relation, espérance et dignité», souligne Missio Suisse. Qui indique encore vouloir suivre cette piste lors du prochain Mois de la mission universelle. (cath.ch/com/lb)","Le Dicastère pour l’évangélisation au Vatican a nommé le théologien Markus Cott (56 ans) nouveau directeur national des Œuvres pontificales missionnaires (Missio) en Suisse, annonce l’organisation le",Le Grison Markus Cott est le nouveau directeur de Missio Suisse – Portail catholique suisse,,[],,fr,https://www.cath.ch/newsf/le-grison-markus-cott-est-le-nouveau-directeur-de-missio-suisse/,Cathinfo,,,2026-02-22 14:47:50,cathinfo,cathinfo_034785673294,nan,nan,['nan'],['nan'],,15,1,441,457
Décès du cardinal tanzanien Polycarp Pengo – Portail catholique suisse,"Le cardinal tanzanien Polycarp Pengo est décédé le 19 février 2026 à Dar es-Salaam, à l’âge de 81 ans. Figure importante de l’Église catholique en Afrique, archevêque émérite de Dar es-Salaam depuis 2019, il a été particulièrement engagé dans le dialogue islamo-chrétien dans son pays qui compte un tiers de musulmans. Déjà abonné(e)? Connectez-vous! nom d'utilisateur mot de passe connexion se souvenir de moi Demande de nouveau mot de passe Abonnez-vous à cath.ch! Cath.ch donne l’essentiel de l’actualité religieuse en Suisse, au Vatican et dans le monde. Abonnez-vous * et accédez à la totalité de nos nouvelles en continu et regroupées dans notre newsletter quotidienne en fin de journée. Recevez également le «Religions hebdo», notre newsletter hebdomadaire sur l’actualité œcuménique et des religions. En vous abonnant à cath.ch, vous soutenez le travail journalistique du Centre catholique des médias et vous stimulez notre site internet. Un grand merci de votre souscription ! Abonnement cath.ch Ensemble des contenus et newsletter vers 18h pour 1 mois Incluse la newsletter « Religions hebdo » CHF 33.– Newsletter « Religions hebdo » pour 12 mois CHF 161.– Abonnement cath.ch Ensemble des contenus et newsletter vers 18h pour 6 mois Incluse la newsletter « Religions hebdo » CHF 172.– Avec soutien: CHF 200.– Abonnement cath.ch Ensemble des contenus et newsletter vers 18h pour 12 mois Incluse la newsletter « Religions hebdo » CHF 290.– Avec soutien: CHF 340.– avec TVA incluse * Les prix s’entendent pour des abonnements à titre privé. Tarification spéciale pour les institutions et les organes de presse . Renseignez-vous auprès de cath.ch: secretariat@cath-info.ch ou au +41 (0)21 653 50 22.","Le cardinal tanzanien Polycarp Pengo est décédé le 19 février 2026 à Dar es-Salaam, à l’âge de 81 ans. Figure importante de l’Église catholique en Afrique, archevêque émérite de Dar es-Salaam depuis 2",Décès du cardinal tanzanien Polycarp Pengo – Portail catholique suisse,,[],,fr,https://www.cath.ch/newsf/deces-du-cardinal-tanzanien-polycarp-pengo-2/,Cathinfo,,,2026-02-22 14:47:51,cathinfo,cathinfo_124594657656,nan,nan,['nan'],['nan'],,10,1,268,279
Politique: les évêques du Ghana demandent la sauvegarde de l'espace sacré – Portail catholique suisse,"La Conférence des évêques du Ghana (GCBC) a publié, le 18 février 2026, une directive pastorale sur les moyens de sauvegarder l’espace sacré hors du champ du politique. Elle fait suite à des «événements récents et passés» au cours desquels des locaux ecclésiastiques, parfois même des églises, ont été utilisés à «des fins de propagande partisane». Déjà abonné(e)? Connectez-vous! nom d'utilisateur mot de passe connexion se souvenir de moi Demande de nouveau mot de passe Abonnez-vous à cath.ch! Cath.ch donne l’essentiel de l’actualité religieuse en Suisse, au Vatican et dans le monde. Abonnez-vous * et accédez à la totalité de nos nouvelles en continu et regroupées dans notre newsletter quotidienne en fin de journée. Recevez également le «Religions hebdo», notre newsletter hebdomadaire sur l’actualité œcuménique et des religions. En vous abonnant à cath.ch, vous soutenez le travail journalistique du Centre catholique des médias et vous stimulez notre site internet. Un grand merci de votre souscription ! Abonnement cath.ch Ensemble des contenus et newsletter vers 18h pour 1 mois Incluse la newsletter « Religions hebdo » CHF 33.– Newsletter « Religions hebdo » pour 12 mois CHF 161.– Abonnement cath.ch Ensemble des contenus et newsletter vers 18h pour 6 mois Incluse la newsletter « Religions hebdo » CHF 172.– Avec soutien: CHF 200.– Abonnement cath.ch Ensemble des contenus et newsletter vers 18h pour 12 mois Incluse la newsletter « Religions hebdo » CHF 290.– Avec soutien: CHF 340.– avec TVA incluse * Les prix s’entendent pour des abonnements à titre privé. Tarification spéciale pour les institutions et les organes de presse . Renseignez-vous auprès de cath.ch: secretariat@cath-info.ch ou au +41 (0)21 653 50 22.","La Conférence des évêques du Ghana (GCBC) a publié, le 18 février 2026, une directive pastorale sur les moyens de sauvegarder l’espace sacré hors du champ du politique. Elle fait suite à des «événemen",Politique: les évêques du Ghana demandent la sauvegarde de l'espace sacré – Portail catholique suisse,,[],,fr,https://www.cath.ch/newsf/politique-les-eveques-du-ghana-demandent-la-sauvegarde-de-lespace-sacre/,Cathinfo,,,2026-02-22 14:47:50,cathinfo,cathinfo_194493006529,nan,nan,['nan'],['nan'],,15,1,273,289
Léon XIV invite à pratiquer généreusement la pénitence – Portail catholique suisse,"Avant d’entamer la prière de l’Angélus du 22 février 2026, Léon XIV a mis en garde contre les «voies de satisfaction» faciles proposées par Satan. Elles ne sont que de «piètres substituts à la joie pour laquelle nous sommes faits», a-t-il prévenu en ce premier dimanche de Carême. Déjà abonné(e)? Connectez-vous! nom d'utilisateur mot de passe connexion se souvenir de moi Demande de nouveau mot de passe Abonnez-vous à cath.ch! Cath.ch donne l’essentiel de l’actualité religieuse en Suisse, au Vatican et dans le monde. Abonnez-vous * et accédez à la totalité de nos nouvelles en continu et regroupées dans notre newsletter quotidienne en fin de journée. Recevez également le «Religions hebdo», notre newsletter hebdomadaire sur l’actualité œcuménique et des religions. En vous abonnant à cath.ch, vous soutenez le travail journalistique du Centre catholique des médias et vous stimulez notre site internet. Un grand merci de votre souscription ! Abonnement cath.ch Ensemble des contenus et newsletter vers 18h pour 1 mois Incluse la newsletter « Religions hebdo » CHF 33.– Newsletter « Religions hebdo » pour 12 mois CHF 161.– Abonnement cath.ch Ensemble des contenus et newsletter vers 18h pour 6 mois Incluse la newsletter « Religions hebdo » CHF 172.– Avec soutien: CHF 200.– Abonnement cath.ch Ensemble des contenus et newsletter vers 18h pour 12 mois Incluse la newsletter « Religions hebdo » CHF 290.– Avec soutien: CHF 340.– avec TVA incluse * Les prix s’entendent pour des abonnements à titre privé. Tarification spéciale pour les institutions et les organes de presse . Renseignez-vous auprès de cath.ch: secretariat@cath-info.ch ou au +41 (0)21 653 50 22.","Avant d’entamer la prière de l’Angélus du 22 février 2026, Léon XIV a mis en garde contre les «voies de satisfaction» faciles proposées par Satan. Elles ne sont que de «piètres substituts à la joie po",Léon XIV invite à pratiquer généreusement la pénitence – Portail catholique suisse,,[],,fr,https://www.cath.ch/newsf/leon-xiv-invite-a-pratiquer-genereusement-la-penitence/,Cathinfo,,,2026-02-22 14:47:51,cathinfo,cathinfo_234305067909,nan,nan,['nan'],['nan'],,12,1,265,278
Carême et Ramadan: convergences et divergences – Portail catholique suisse,"En 2026, le Carême des chrétiens et le Ramadan des musulmans commencent presque à la même date: le 18 février pour le Mercredi des Cendres, et le 19 février pour le début du Ramadan. L’occasion de se pencher sur les points communs et les différences entre ces deux périodes sacrées. Quels sont les objectifs spirituels du Carême et du Ramadan? Quelles sont les pratiques observées par les chrétiens et les musulmans? On vous explique tout! Christophe HERINCKX, Dimanche Les dates Pour le Carême , tout part de la date de Pâques. Dans la plupart des Églises chrétiennes d’Occident, cette date est calculée selon une règle ancienne appelée le comput . Selon celle-ci, Pâques tombe le premier dimanche après la première pleine lune suivant l’équinoxe de printemps, fixé au 21 mars dans le calendrier ecclésiastique, qui est basé sur le calendrier grégorien. Cette manière de calculer est fonction de la date de la Pâque juive. Dans les Eglises orthodoxes, on se fonde sur le calendrier julien, d’où la différence de dates. En Occident, Pâques peut tomber entre le 22 mars et le 25 avril. Puisque le Carême dure 40 jours, en référence aux 40 jours de jeûne de Jésus dans le désert, on remonte de 40 jours en partant du dimanche de Pâques. Mais vu que les dimanches ne sont pas comptés comme jours de pénitence, on compte en réalité 46 jours, et on aboutit ainsi, à rebours, au mercredi des Cendres. Célébration de l’Aïd-el-Fitr, en Inde |","En 2026, le Carême des chrétiens et le Ramadan des musulmans commencent presque à la même date: le 18 février pour le Mercredi des Cendres, et le 19 février pour le début du Ramadan. L'occasion d",Carême et Ramadan: convergences et divergences – Portail catholique suisse,,[],,fr,https://www.cath.ch/newsf/careme-et-ramadan-quelles-differences/,Cathinfo,,,2026-02-22 14:47:49,cathinfo,cathinfo_259731758893,nan,nan,['nan'],['nan'],,10,1,247,258
La chaîne de prière eucharistique européenne démarre en Albanie – Portail catholique suisse,"La «Chaîne de prière eucharistique» organisée par le Conseil des conférences épiscopales d’Europe (CCEE) débute ce mercredi des Cendres, pour la cinquième année consécutive. La Suisse y participera. Face aux nombreux conflits qui sévissent dans le monde, affirme le CCEE, la prière reste un moyen important de promouvoir la paix, au même titre que la diplomatie et le dialogue. L’Église catholique en Europe souhaite ainsi se rassembler, pendant toute la durée du Carême, autour de la table eucharistique pour invoquer la paix sur le continent et dans le monde. Chaque conférence nationale des évêques s’est ainsi engagée à organiser au moins une célébration eucharistique entre le mercredi des Cendres et Pâques, afin de prier pour les victimes de la guerre et implorer Dieu d’accorder une paix «désarmée et désarmante» en Ukraine, en Terre Sainte et dans le monde entier. De l’Albanie à la Hongrie, en passant par la Suisse C’est l’Albanie qui ouvre la chaîne ce mercredi des Cendres, suivie par la Belgique qui organisera le jeudi 19 février une célébration eucharistique dans la chapelle latérale de la cathédrale de Bruxelles. Ce sera ensuite au tour de l’Autriche de prendre la relève, le 20 février, avec notamment une messe célébrée dans la cathédrale de Salzbourg par Mgr Franz Lackner, président de la Conférence épiscopale autrichienne. La dernière célébration eucharistique de la chaîne devrait être assurée par la Hongrie, le 2 avril 2026. La Suisse, pour sa part, se joindra cette année encore à cette initiative du Conseil des conférences épiscopales d’Europe, avec une célébration eucharistique le 28 mars 2026. Les années précédentes, le présidium de la Conférence des évêques suisses avait décidé de confier cette tâche tout à tour à l’abbaye d’Einsiedeln (2022), à l’abbaye de St-Maurice (2023), au Sanctuaire de la Madonna del Sasso du Tessin (2024), puis à l’abbaye bénédictine de Disentis (GR) en Suisse romanche (2025), permettant ainsi une représentation de toutes ses régions linguistiques. (cath.ch/lb)","La «Chaîne de prière eucharistique» organisée par le Conseil des conférences épiscopales d’Europe (CCEE) débute ce mercredi des Cendres, pour la cinquième année consécutive. La Suisse y participera.",La chaîne de prière eucharistique européenne démarre en Albanie – Portail catholique suisse,,[],,fr,https://www.cath.ch/newsf/la-chaine-de-priere-eucharistique-europeenne-demarre-en-albanie/,Cathinfo,,,2026-02-22 14:47:50,cathinfo,cathinfo_340304832807,nan,nan,['nan'],['nan'],,13,1,319,333
Évangile de Dimanche: Le diable exégète – Portail catholique suisse,"Après son baptême, Jésus est poussé par l’Esprit vers le désert, le lieu traditionnel de la tentation et de la mise à l’épreuve. Le peuple d’Israël y avait erré durant quarante ans soumis à un long test de fidélité afin de vérifier pour qui battait son cœur. Jésus y passera quarante jours. Au moment de son baptême, une voix venue du ciel s’était fait entendre, qui proclamait « Celui-ci est mon fils bien aimé ». Ce séjour dans la solitude sera l’occasion d’éprouver la solidité de son lien avec le Père en questionnant ses propres choix. L’Évangile nous offre une scène haute en couleurs. Seul, dans un environnement dépouillé, éprouvé par un long jeûne, Jésus affronte Satan ou le Diable. Le tentateur le provoque sous apparence de bien en le confrontant aux attentes des foules et de ses disciples qui ne cesseront de le mettre sous pression pour qu’il manifeste s’il est vraiment l’envoyé de Dieu. «À en croire le tentateur, le repli sur soi devient le critère de l’interprétation de la volonté divine» «À en croire le tentateur, le repli sur soi devient le critère de l’interprétation de la volonté divine» Le tentateur argumente à partir des Écritures dont il détourne subtilement le sens. Trois lectures gauchissent la Parole de Dieu au profit de son propre ego, trois mises en pratique de la relation à Dieu au service du désir d’autosuffisance. À en croire le tentateur, le repli sur soi devient le critère de l’interprétation de la volonté divine. Des pierres sont transformées en pains pour apaiser une fringale de consommation, un geste fou est suggéré pour méduser la foule et assurer la propre gloriole, la perspective du pouvoir nourrit l’ambition d’un petit dieu. Autant de manières d’abuser de la Parole de Dieu et d’exploiter la religion pour sa propre promotion. «La tentation est subtile. […] Les disciples eux-mêmes s’y sont laissés prendre.» «La tentation est subtile. […] Les disciples eux-mêmes s’y sont laissés prendre.» La tentation est subtile. Sous prétexte de fidélité à la Parole, Jésus est tenté de répondre aux vœux de ceux qui attendaient un messie nationaliste et triomphaliste. Dieu mobilisé au service d’un royaume de ce monde. Les disciples eux-mêmes s’y sont laissés prendre. Lorsque, plus tard, Jésus leur parlera de sa Passion, ils trouveront ses propos insupportables et tenteront de l’en détourner. Reconnaissant dans leur réaction le souvenir des tentations du désert, Jésus traitera Pierre de Satan (Mt 16,23). «Les chrétiens ont succombé plus d’une fois aux tentations en inscrivant l’héritage du Christ dans des structures très mondaines» «Les chrétiens ont succombé plus d’une fois aux tentations en inscrivant l’héritage du Christ dans des structures très mondaines» Si Jésus a déjoué les manœuvres du tentateur et résisté à ses disciples qui le poussaient à faire le jeu d’une réussite temporelle, les chrétiens, au cours de leur histoire, ont succombé plus d’une fois aux tentations du désert en inscrivant l’héritage du Christ dans des structures sociales, politiques ou religieuses très mondaines. La Parole de Dieu a pu être évoquée pour bâtir des royaumes de ce monde, justifier l’accumulation des richesses, la soumission des masses populaires ou exercer un pouvoir temporel. L’histoire des Églises chrétiennes ne manque pas d’exemples. Aujourd’hui, rattrapés par toutes sortes de scandales, les disciples du Christ sont reconduits au désert pour revoir leurs choix, sans autre prétention que l’humble écoute d’une Parole qui les décentre d’eux-mêmes. Pierre Emonet SJ | Vendredi 20 février 2026 Mt 4, 1-11 En ce temps-là, Jésus fut conduit au désert par l’Esprit pour être tenté par le diable. Après avoir jeûné quarante jours et quarante nuits, il eut faim. Le tentateur s’approcha et lui dit : « Si tu es Fils de Dieu, ordonne que ces pierres deviennent des pains. » Mais Jésus répondit : « Il est écrit : L’homme ne vit pas seulement de pain, mais de toute parole qui sort de la bouche de Dieu . » Alors le diable l’emmène à la Ville sainte, le place au sommet du Temple et lui dit : « Si tu es Fils de Dieu, jette-toi en bas ; car il est écrit : Il donnera pour toi des ordres à ses anges, et : Ils te porteront sur leurs mains, de peur que ton pied ne heurte une pierre. » Jésus lui déclara : « Il est encore écrit : Tu ne mettras pas à l’épreuve le Seigneur ton Dieu . » Le diable l’emmène encore sur une très haute montagne et lui montre tous les royaumes du monde et leur gloire. Il lui dit : « Tout cela, je te le donnerai, si, tombant à mes pieds, tu te prosternes devant moi. » Alors, Jésus lui dit : « Arrière, Satan ! car il est écrit : C’est le Seigneur ton Dieu que tu adoreras, à lui seul tu rendras un culte. » Alors le diable le quitte. Et voici que des anges s’approchèrent, et ils le servaient.","Après son baptême, Jésus est poussé par l’Esprit vers le désert, le lieu traditionnel de la tentation et de la mise à l’épreuve. Le peuple d’Israël y avait erré durant quarante ans soumis à un long te",Évangile de Dimanche: Le diable exégète – Portail catholique suisse,,[],,fr,https://www.cath.ch/blogsf/evangile-de-dimanche-le-diable-exegete/,Cathinfo,,,2026-02-22 14:47:52,cathinfo,cathinfo_662888994570,nan,nan,['nan'],['nan'],,10,1,823,834
Une exposition lance les commémorations du «centenaire» de Joseph Ratzinger – Portail catholique suisse,"Les commémorations du 100e anniversaire de la naissance (avril 1927) de Joseph Ratzinger, devenu plus tard le pape Benoît XVI, ont débuté ce 20 février 2026, à Pordenone, en Italie. Le musée diocésain d’Art Sacré de Pordenone, une ville du nord-est de l’Italie, retrace la vie, l’œuvre et le parcours spirituel de Joseph Ratzinger, devenu en avril 2005 le pape Benoît XVI, à travers des objets personnels, des vêtements liturgiques, des œuvres d’art et des photographies historiques. Parmi ces objets, des calices, des statuettes représentant la Vierge patronne de la Bavière ou l’ours en bronze, symbole de cette même Bavière d’où le pape allemand était originaire. Les vêtements sacrés de sa période du pontificat ne manquent pas, ainsi que ses vêtements usuels, comme la mozette de velours rouge bordée d’hermine qu’il portait lors des froids hivernaux au Vatican, ainsi que les célèbres chaussures rouges qu’un cordonnier de Rome lui avait confectionnées sur mesure. Ces objets ont été légués par l’ancien pape démissionnaire au Centre d’études Ratzinger de Bydgosz, en Pologne. Les organisateurs de l’événement sont la Fondation vaticane Joseph Ratzinger/Benedetto XVI et le Dicastère pour la formation et la culture du Vatican. Des conférences et des débats autour de la théologie de Joseph Ratzinger sont aussi prévus. D’autres événements suivront au cours des prochains mois, notamment à Marktl, sa ville natale. (cath.ch/ag) Retrouvez l’ensemble de notre dossier sur Benoît XVI , pape émérite qui s’est éteint le 31 décembre 2022 à l’âge de 95 ans.","Les commémorations du 100e anniversaire de la naissance (avril 1927) de Joseph Ratzinger, devenu plus tard le pape Benoît XVI, ont débuté ce 20 février 2026, à Pordenone, en Italie.",Une exposition lance les commémorations du «centenaire» de Joseph Ratzinger – Portail catholique suisse,,[],,fr,https://www.cath.ch/newsf/une-exposition-lance-les-commemorations-du-centenaire-de-joseph-ratzinger/,Cathinfo,,,2026-02-22 14:47:51,cathinfo,cathinfo_702696857698,nan,nan,['nan'],['nan'],,14,1,245,260
Le Suisse Manuel Dürr inaugure son Chemin de croix dans la basilique St-Pierre – Portail catholique suisse,"À seulement 36 ans, le peintre suisse Manuel Andreas Dürr a relevé un grand défi: peindre quatorze stations du Chemin de c roix pour la basilique Saint-Pierre . Ses peintures ont été présentées pour la première fois le 20 février 2026. Ce geste artistique rare, d’installer une nouvelle œuvre dans une église déjà riche d’un patrimoine inestimable, s’inscrit dans les célébrations à l’occasion des 400 ans de la consécration de la basilique papale, survenue en 1626. L’artiste, présent à Rome pour l’inauguration, a souligné l’importance de sa démarche, notamment sur le plan spirituel en tant que protestant. Un soutien pour la prière La Via Crucis ou Chemin de croix est un rituel catholique qui commémore en plusieurs étapes – le plus souvent quatorze – le parcours de douleur de Jésus, depuis sa condamnation à mort jusqu’à sa crucifixion et sa mise au tombeau. Cet itinéraire spirituel, recommandé pendant la période du Carême et notamment le vendredi, jour de la mort du Christ, a beaucoup inspiré les artistes. Leurs œuvres sont utilisées dans les églises pour aider les fidèles à la méditation des épisodes douloureux, appelés stations. L’art de Manuel Dürr a de nettes réminiscences avec la peinture italienne de la Renaissance | Camille Dalmas I.MEDIA Dans la basilique papale, les tableaux du peintre Manuel Andreas Dürr ont été disposés sous les grandes statues de saints et saintes qui ornent les piliers de la nef et entourent l’autel central, sous la coupole. Discrets en raison des volumes gigantesques de la basilique, ces cadres sont en soi inhabituels sur les parois de Saint-Pierre, qui ne sont parées que de mosaïques. Sélectionné à l’issue d’un concours L’artiste biennois a remporté le concours lancé en décembre 2023 par la Fabrique de Saint-Pierre – l’organisme en charge de l’entretien du monument – et a passé huit mois dans son atelier de Bienne pour les réaliser. Malgré son jeune âge – il a seulement 36 ans –, il a pu s’appuyer sur un important bagage humaniste, lui qui a appris la peinture à Florence et a étudié la philosophie, l’histoire de l’art et la culture slave dans les universités de Fribourg et de Berne. «Pour moi, c’est vraiment surréaliste d’avoir l’honneur de tenter de réaliser une chose si grande», a confié le peintre à I.MEDIA lors de l’inauguration de ses toiles dans la basilique, estimant qu’elles avaient su y trouver leur place. Pour cela, il explique avoir dû sortir du «petit univers propre» dans lequel l’artiste contemporain est souvent habitué à évoluer, et accepter le «contexte spécifique» et «l’univers symbolique» du lieu, mais aussi s’imprégner du «mystère de l’incarnation et de la passion». Manuel Dürr espère que le pape sera content de son travail | Camille Dalmas I.MEDIA Manuel Andreas Dürr n’est pas catholique, mais appartient à une petite Église protestante suisse, la communauté «Jahu», qui compte près de 500 membres. Exposer dans un lieu catholique ne l’a pas perturbé, notamment parce que la spiritualité de sa communauté est très tournée vers le dialogue œcuménique, mais aussi parce qu’il se considère assez proche, d’un point de vue théologique, des catholiques. Inspiré par la Renaissance italienne Originellement inspirée par le courant réaliste de la fin du XIXe siècle, sa peinture s’est peu à peu tournée vers la peinture italienne de la fin du Moyen Âge et de la Renaissance, avec une admiration toute particulière pour Fra Angelico et Michel-Ange. Des inspirations qui se ressentent dans ses tableaux peints à l’huile, où la dureté des lignes franches – notamment celle de la croix ou de l’embrasure du tombeau – tranche avec la délicatesse des postures des personnages représentés. Dominent des nuances de bleu, de rouge pastel et d’un ocre qui tire parfois vers le doré des icônes orientales. La mise au tombeau | EPA/FABIO FRUSTACI Son grand modèle est en fait un peintre ukrainien rencontré lors de ses études, avec lequel il est toujours en contact: Sergey Chubirko. Ce dernier vit et travaille à Florence et l’a conseillé pour son chemin de croix. Une chose était claire pour l’artiste dès le début: «Mon chemin de croix doit s’intégrer dans le magnifique écrin artistique qu’est la basilique Saint-Pierre. Je ne veux pas que mes peintures à l’huile soient perçues comme une intervention ou un corps étranger» relève-t-il dans le podcast ›Laut + Leis’ sur kath.ch. «J’ai peint Jésus tel qu’il est déjà représenté dans la basilique Saint-Pierre. Je me suis efforcé de m’adapter au contexte, tout en évitant de répéter servilement des archétypes.» «Mes tableaux ne sont pas des machines à remonter le temps. Ce sont des images qui s’inscrivent dans une tradition picturale et qui recherchent une approche critique tout en restant respectueuse.» Une aventure personnelle Pour le Suisse, cette commande a été une très belle aventure personnelle. La Fabrique saint Pierre, responsable de la basilique papale Saint-Pierre au Vatican, avait annoncé le 18 décembre 2024 que l’artiste biennois Manuel Dürr avait remporté le concours international pour la réalisation d’une «Via Crucis» dans l’édifice. Près de 1’000 artistes du monde entier ont participé à ce concours. La seule condition était un casier judiciaire vierge. Le projet de Manuel Dürr a été sélectionné en raison de sa «qualité technique exceptionnelle, de son originalité et de son importante force d’expression». « Toutes les générations doivent tenter de trouver par elles-mêmes ce que cette histoire [de la Passion] veut vraiment dire », a-t-il expliqué. Pour le moment, il ne sait pas si le pape Léon XIV a déjà vu ses tableaux. « J’espère bien entendu qu’il sera content de mon travail », confie-t-il. (cath.ch/imedia/mp) Manuel Dürr Manuel Andreas Dürr, né en 1989, a étudié la peinture à l’Académie d’art classique de Florence, puis la philosophie, l’histoire de l’art et les études slaves aux universités de Fribourg et de Berne. Ses œuvres ont été présentées dans des expositions internationales en Europe, en Chine et aux États-Unis. Il travaille en tant qu’artiste indépendant à Bienne (BE). Manuel Dürr et sa famille appartiennent à la communauté Jahu de Bienne. Celle-ci se considère comme appartenant à l’Église réformée, tout en cultivant des traditions orthodoxes et évangéliques. Ses peintures, qui ont été exposées dans le monde entier, sont connues pour leur langage visuel puissant et leur capacité à interpréter de manière frappante des thèmes religieux et sociaux. MP","À seulement 36 ans, le peintre suisse Manuel Andreas Dürr a relevé un grand défi: peindre quatorze stations du Chemin de croix pour la basilique Saint-Pierre. Ses peintures ont été présentées pour la",Le Suisse Manuel Dürr inaugure son Chemin de croix dans la basilique St-Pierre – Portail catholique suisse,,[],,fr,https://www.cath.ch/newsf/le-suisse-manuel-durr-inaugure-son-chemin-de-croix-dans-la-basilique-saint-pierre/,Cathinfo,,,2026-02-22 14:47:48,cathinfo,cathinfo_891457785609,nan,nan,['nan'],['nan'],,17,1,1042,1060
Learning From the UAW’s National Organizing Push,"“Momentum-based organizing” relies on trigger events — high-profile actions that polarize the public and generate waves of participation. It scales up quickly by prioritizing mass sign-ups, rapid mobilization, and decentralized leadership. Worker-to-worker organizing — where the primary responsibility for building the organizing committee and the campaign needed to win is placed on workers themselves rather than professional organizing staff — is a perfect match for the momentum model. In contrast, “structure-based organizing” is slower and more methodical. It emphasizes systematic leadership identification, committee building, supermajority public support, and carefully planned escalations to build confidence and overcome employer resistance. It is also staff-intensive, with the ideal ratio often being one skilled staff organizer for every hundred workers. Auto plants, especially in the US South, are one of the fiercest terrains for workers to try to challenge corporate power. The prevailing wisdom — one that I had consistently pushed for years — was that what was always required was a rigorous structure-based approach. But that’s not the road we took following the stand-up strike. When Shawn Fain and other reformers were elected to UAW leadership, it was to fight and grow the union. That’s what we did, delivering the stand-up strike and historic contract gains that opened the door to organizing the South. But decades of business unionism, lack of belief in organizing, and a staff culture shaped by patronage and nepotism had left the union unprepared to meet that moment. Many UAW organizing staff had never been trained in foundational structure-based skills — structured organizing conversations that agitate workers around their issues, identifying and recruiting natural leaders, running effective volunteer organizing committee (VOC) meetings, or building toward actions that demonstrate supermajority public support. Astonishingly, some had spent over a decade on staff without ever running a campaign through a National Labor Relations Board (NLRB) election. Simply put, that significant deficit in experience and skill in the department left us unprepared to organize the massive influx of workers hungry to organize. Given the scale of interest and the depth of the staff gap, we were forced to ask hard questions: Could this mass interest in organizing be transformed into a mass movement? Could we bend some of the rules of structure-based organizing in tough boss fights and still win? Could raw momentum and worker-to-worker organizing outpace and overcome employer opposition — and if so, how much? Given the fierce urgency of the moment — thousands of workers were wanting to organize in auto plants right now — we devised a strategy based on our experience in the recent stand-up strike, which saw tens of thousands of UAW members get strike-ready at breakneck speed, and the UAW’s incredible success in higher education, where tens of thousands of graduate workers, postdocs, and researchers had won union elections — often in blowouts — through campaigns rooted in worker-to-worker methods that required minimal staff. We were going to see how far we could get before the movement moment came to an end. Stand Up 2.0 was launched with the goal of unifying workers across states and companies into a single movement with shared benchmarks as coordinated trigger points: go public with the union at 30 percent of workers signed up, rally at 50 percent, and demand union recognition and file for an election at 70 percent. In addition, every two weeks, staff convened digital movement meetings where rank-and-file VOC members shared best practices, cheered each other on, and walked through common problems. It helped build a national culture of solidarity and reinforced the worker-to-worker model of teaching and leaning on each other. By the campaign’s official launch on November 29, 2023, nearly three thousand workers had already signed union cards on their own. By the end of January, that number had ballooned to over ten thousand across thirteen nonunion companies. This wasn’t chaos or spontaneity, and this campaign was not pure improvisation. It was based in part on recent, real-world success. And it demanded what I call strategic fluency — the ability to assess terrain, anticipate resistance, and choose the right mix of organizing models and tactics to win. Winning under pressure isn’t about loyalty to one method. It’s about knowing which tool to use — when, where, and how. What follows are three case studies — higher education, Volkswagen, and Mercedes — that chart Stand Up 2.0’s trajectory: the successful model we learned from and leaned on, the landmark victory, and the limits we hit. At Volkswagen, we achieved a historic breakthrough — the first time in UAW history that we won a union election at a foreign-owned auto company in the South. At Mercedes, we came the closest we’ve ever been to winning at a final assembly plant in Alabama, ultimately suffering a narrow and hard-fought defeat. Union density in the private sector is in terminal decline — and if the labor movement hopes to survive, let alone build real power for the working class, we must find ways to organize at scale. Together these three campaigns reveal strategic choices, organizational strengths and weaknesses, and structural challenges that shaped the outcome of the UAW’s first attempt at mass-scale organizing in the twenty-first century. This is the first time these details have been made public — not just as a postmortem but also as a call to action. If we want to seize the moment, labor can’t keep going small. We have to learn from our experiences and keep going on offense like never before.","If the labor movement hopes to survive, it must find ways to organize in the private sector at scale. The UAW’s national push to organize higher ed, and its recent union drives at Volkswagen and Mercedes, offer potential guidance on the way forward.",nan,Chris Brooks,['United States'],United States,en,https://jacobin.com/2026/02/uaw-vw-mercedes-higher-ed,Jacobin,2026-02-16 00:00:00,,2026-02-22 14:47:23,jacobin,jacobin_005466088031,"The United Auto Workers’ (UAW) 2023 “stand-up strike” against Ford, General Motors, and Stellantis delivered historic gains for our members. But just as significant is what came next. Before the strike even ended, thousands of nonunion autoworkers — primarily in the South — began signing union cards on their own, using website links from defunct campaigns. No staff. No plan. No infrastructure. The strike was the spark. Workers used it to light their own fires. For decades, launching a union drive at a Southern auto plant required months — or even years — of deep groundwork. Now workers were self-organizing at a scale we hadn’t seen in decades. We believed we had entered a movement moment , a rare opening when momentum spreads faster than fear and collective action becomes contagious. To seize the moment, we launched Stand Up 2.0, a national campaign to organize multiple nonunion auto plants across the country. Our strategy was to experiment with new organizing approaches (namely, momentum and worker-to-worker organizing as compared to traditional structure-based organizing) that treat mass-scale union organizing more like a social movement than building a guerrilla army.",nan,['nan'],['nan'],,7,187,910,1104
Mothers Are on the Front Lines of the Nordic Care Crisis,"In recent years, Sweden has seen the rise of several mother-led movements demanding public accountability for children’s right to care, safety, and recognition. These movements differ in constituency and political issue, yet they share a common insight: care is political, and its organization reflects deeper struggles over responsibility, resources, and democracy. For example, Funkismammor (Special needs moms), a loose network of mothers of children with disabilities, fights the chronic underfunding of support services and the discrimination woven into everyday encounters with welfare agencies. For several years, mothers involved in the maternity ward strike in Sollefteå — a small town in northern Sweden — have built powerful grassroots networks to defend their basic right to safe and accessible birth care. In a community heavily impacted by welfare cutbacks and the closure of essential services, these women mobilize to protest the shutdown of their local maternity ward and the long, often dangerous travel distances now required for childbirth. These are not traditional social movements, nor are they simply interest groups advocating for “their own.” They represent something more profound: grassroots responses to the hollowing out of public care, and collective refusals to accept the intensified burdens placed on women within the private sphere.","In Sweden today, maternal activism is uniting around a politics of collective care, turning private burdens into claims about public obligation and democratic rights.",nan,Evelina Johansson Wilén,['Sweden'],Sweden,en,https://jacobin.com/2026/02/mothers-nordic-welfare-state-social-reproduction,Jacobin,2026-02-15 00:00:00,,2026-02-22 14:47:24,jacobin,jacobin_020900535707,"For decades the Nordic welfare states have been held up as global exemplars of gender equality and expansive public care systems. Yet beneath this image of egalitarian modernity, cracks have begun to widen. Across Europe and North America, scholars increasingly speak of a mounting care crisis — a systemic imbalance in which society’s care needs outstrip the institutional capacities meant to meet them. The Nordic countries, once shielded by generous welfare infrastructures, are no exception. In Sweden, this crisis is not a sudden rupture but a slow political shift: welfare retrenchment, austerity-driven reforms, marketization, and an intensifying moralization of family life. As public systems fail to keep pace with rising needs, more and more responsibility for the reproduction of daily life is quietly pushed back onto households. This process — what feminist scholars call refamiliarization — has become a defining feature of contemporary social policy. And, as always, the costs fall unevenly: on mothers, on low-income families, on people with disabilities, and on those navigating the intersecting inequalities that make care both more necessary and harder to access. But something else is happening too. Across Sweden, groups of mothers are refusing to silently absorb the state’s abdication. Instead, they are organizing.",nan,['nan'],['nan'],,11,201,201,413
The Olympics May Soon Embrace Private Equity,"Still, the IOC is exploring new sources of financing to help cover the enormous costs of mounting its events, and it appears to be zeroing in on private equity. A 2022 paper commissioned by the organization argued that while private equity investment is “not cheap, and their tools are not particularly novel,” it could provide “much-needed financial resources, expertise, and excellence in execution” and help professionalize sports operations through a more “commercial mindset.” The idea gained prominence last year during the IOC presidential race, when investment banker and current vice president Juan Antonio Samaranch proposed partnerships with major private equity firms such as Carlyle Group and CVC Capital Partners to bolster the Olympics’ long-term financial footing Samaranch — whose father served in Franco’s fascist government and later led the IOC for more than two decades — said such deals could prove highly lucrative, according to the German outlet Börsen-Zeitung . “Sport is becoming an asset class,” he said. “I have tested the idea with people, and we would have no shortage of companies that would try to partner with us.” Samaranch’s plans included an IOC-advised private equity fund to invest in sports-related businesses such as equipment manufacturers and training programs — which he claims could raise as much as $1 billion in its first funding round. Investors took notice. The following month, the Germany-based trading platform Finexity noted that private equity “could participate in financing the Olympic Games, the development of athletes, or marketing rights.”","The International Olympic Committee, the body that oversees the Olympics, is hunting for more revenue. It may soon open the door to private equity, which has been increasingly reshaping sports to squeeze every last dollar out of athletes and fans.",nan,Veronica Riccobene,"['Rich People', 'Sports']",Rich People,en,https://jacobin.com/2026/02/olympics-private-equity-ioc-revenue,Jacobin,2026-02-19 00:00:00,,2026-02-22 14:47:24,jacobin,jacobin_037208927550,"For more than a century, the modern Olympic Games have elevated the world’s top athletes in service of peace, diversity, and shared dignity. But the Milan Cortina Winter Games are also highlighting a less celebrated reality: The Olympics are a multibillion-dollar business — one now flirting with private equity, the profit-driven investment firms that are reshaping sports and squeezing every last dollar out of athletes and fans. Now, as Los Angeles grapples with the economic potential — as well as financial risks — of hosting the 2028 Summer Olympics, vulture capitalists seem poised to make a play. The International Olympic Committee (IOC), the nongovernmental body that oversees the games, primarily relies on television broadcast licensing for revenue. NBCUniversal holds exclusive US broadcast rights under a multibillion-dollar long-term agreement , while the Worldwide Olympic Partner program grants global marketing rights to major corporations. Created in 1985, the Worldwide Olympic Partner program has become a major pillar of Olympic financing, generating billions of dollars in recent cycles and now accounting for more than a third of IOC revenue between 2021 and 2024, up from 19 percent between 2013 and 2016. Between 2021 and 2024, the program generated $3 billion in revenue, according to IOC financial data, compared to $96 million in its first three years. This year, corporate sponsors included Airbnb, Deloitte, and Visa.",nan,['nan'],['nan'],,7,222,245,474
Reassessing the People’s Hospital in the Bronx,"The Lincoln Hospital takeover did not erupt from nowhere. In the months leading up to July 1970, the Young Lords and their allies had already been running what they called a “health offensive” in the South Bronx. They seized a city-owned X-ray truck and drove it through the neighborhood with the original technicians to test residents for tuberculosis, arguing that if the city would not provide preventive care, they would. They demanded lead poisoning screenings for children. HRUM members brought hospital workers into the fight, linking unsafe working conditions to patient neglect. Writer Barbara Ehrenreich worked with the Young Lords around the Lincoln campaign, helping document hospital funding structures and the broader political economy of urban health care. As Juan González, a leader of the Young Lords in the 1970s, recalled in reflecting on her life, Ehrenreich helped situate Lincoln within what activists were beginning to describe as a “health-industrial complex” — a system in which poor communities were systematically underserved while private medicine expanded elsewhere. The takeover lasted about twelve hours. The next day, the New York Times ran the headline “Young Lords Seize Lincoln Hospital Building; Offices Are Held for 12 Hours.” Reporter Alfonso A. Narvaez wrote that protesters demanded “better health services and a greater voice in hospital operations,” noting that they “left the building without violence” after negotiations with city officials. When it came time to leave, some of the occupiers blended back into the hospital’s own churn — donning scrubs and stethoscopes to slip out past police and administrators, looking like just another cluster of staff. Four months later, on November 10–11, 1970, activists returned, this time to force the creation of a detoxification program amid a heroin epidemic devastating the Bronx. The action was not simply militants demanding services for others. People in active addiction, hospital workers, and neighborhood residents together seized space inside Lincoln and established what they called the People’s Program — the foundation of what later became the Lincoln Detox Center. Lincoln Detox, which began as the People’s Program following the November occupation and was later incorporated into the hospital system with city funding after negotiations with administrators, treated addiction not as an individual moral failure but as inseparable from poverty, racism, housing instability, policing, and economic neglect. It hired people in recovery as peer counselors. It offered childcare. It paired medical treatment with political education. It pioneered acupuncture protocols that would later spread nationally. At its height, it served roughly 1,600 people a month. By the late 1970s, the program was reorganized and narrowed. Political education ended. Two staff members were fired. Twelve others, many of them associated with the Young Lords or the Black Panther Party, were reassigned elsewhere in the hospital system, shielded from dismissal by union and civil service protections but stripped of their roles inside Detox. Over time, services shrank further as the program was disciplined by the same institution it had forced to act. Last week at Hostos Community College, a few blocks from Lincoln Hospital, former Young Lords, public health officials, historians, and harm reduction workers gathered in an auditorium to revisit that history. The event was a public symposium, part of the New York City Department of Health and Mental Hygiene’s “Healing ARC Project,” with ARC standing for Acknowledgement, Redress, Closure. The event was framed as an ongoing research and accountability process emerging from the NYC Board of Health’s 2021 declaration that racism is a public health crisis. The first panel revisited the takeover and the birth of Detox, with the speakers consisting of South Bronx residents and Young Lords members who had taken part in the November 1970 hospital takeover, including Miguel “Mickey” Melendez, Vicente “Panama” Alba, and Walter Bosque del Rio. The men were older now, their memories ricocheting between street tactics and staffing charts, between who held which position in the program and how many detox beds they managed to secure. The second panel, focused on the present, made clear that the stakes are not merely archival. Bosque del Rio, who came to Lincoln as a nursing student and ended up helping build the program’s acupuncture work, described how the place politicized him in real time. “I came for the summer,” he said, thinking he’d just volunteer and go back to school. “But I no longer wanted to be a nurse. I wanted to be a revolutionary.”","After a militant 1970 hospital takeover birthed a pioneering detox program in the South Bronx, New York City is now studying what it dismantled, and what redress requires amid an ongoing overdose crisis.",nan,Alex N. Press,['United States'],United States,en,https://jacobin.com/2026/02/bronx-lincoln-hospital-young-lords,Jacobin,2026-02-19 00:00:00,,2026-02-22 14:47:25,jacobin,jacobin_119187946575,"At 3 a.m. on a summer morning in July 1970, a group of activists climbed into the back of a rented U-Haul truck believing they might not make it out alive. The action was led by members of the Young Lords — a predominantly Puerto Rican revolutionary organization — and included members of the patient-worker “Think Lincoln” committee and the Health Revolutionary Unity Movement (HRUM), a formation of left-wing black and Puerto Rican hospital workers. Roughly 150 people were involved in the takeover of the hospital’s nurses’ residence building in the South Bronx on July 14, 1970. By dawn, they were inside. A Puerto Rican flag hung from the building. A banner read: “Welcome to the People’s Hospital.” Lincoln was the main public hospital serving one of the poorest congressional districts in the country. Residents called it a “butcher shop.” Paint peeled from emergency room walls. Roaches crawled into pill cups. Infant mortality in the surrounding neighborhood far outpaced city and national averages. Days after the occupation, a young woman named Carmen Rodríguez died at Lincoln following a legal abortion procedure — her death becoming, for many Bronx residents, further evidence that the hospital’s standard of care was not simply stretched but dangerously inadequate. More than fifty years later, that confrontation is the subject of a city-funded, yearslong project inside the New York City Department of Health, a process that brought former Young Lords and public health officials together last week at Hostos Community College to revisit what was built, how it was dismantled, and what repair would now require.",nan,['nan'],['nan'],,7,260,727,994
Mano Dura Comes to Costa Rica,"Rodrigo Chaves came to power in 2022 presenting himself as an outsider who promised to govern “for the people” and confront political and economic elites. His administration combined a populist political style — marked by vulgar and confrontational rhetoric — with technocratic economic policies. This posture quickly caused tensions with the political establishment and the press, a conflict he relished. Substantively, there was little to differentiate Chaves’s political and economic agenda from that of the technocratic right that has sought to dismantle the remnants of the Costa Rican welfare state since the 1980s. The difference, however, lay in his approach. While these groups had sought to advance such changes gradually and, at least discursively, within the confines of the rule of law, Chaves followed a more aggressive logic, hewing closer to the motto of “move fast and break things,” an approach championed by various far-right leaders who have come to be known colloquially as the “ Chainsaw International . ” His administration launched frontal attacks against what it described as institutional “barriers” to efficiency, including Congress, the public bureaucracy, and the system of checks and balances itself, which he accused of protecting narrow interests and of limiting the executive’s capacity to act quickly and decisively. These rhetorical flourishes masked a deeply mediocre government. Few of its flagship initiatives were translated into law, and many of its proposed structural transformations were derailed amid institutional resistance. Yet these failures did little to weaken Chaves’s political standing, because his popular appeal was less grounded in concrete policy achievements than in permanent confrontation with the two-party order that had dominated Costa Rica for much of the previous six decades. For Chaves, it was politically preferable to fail loudly and blame “captured” institutions and “corrupt elites” than to negotiate with the opposition and risk appearing complicit with the very system he claimed to oppose. The administration’s economic approach, centered on foreign investment, macroeconomic stability, and improvements to the business climate, yielded mixed results. While it brought modest economic growth, much of the labor force remained alarmingly informal, poverty and inequality remained high, and the cost of living continued to creep upward. This precarity was exacerbated by Chaves’s constant attacks on nearly all aspects of the country’s famed welfare state, a strikingly conventional hallmark of his project. Spending on education fell, exacerbating inequalities between public and private schools and urban and rural areas; public universities were targeted with cuts; and the health care system was significantly underfunded, leading to staff shortages and deepening inequalities in access to care. Adding to the population’s precarity was the administration’s broader patriarchal onslaught in the realm of gender politics. Chaves engaged in frequent conflicts over sexual education and “gender ideology,” restricted access to abortion and reproductive health services, and showed little interest in confronting the growing number of femicides. These policies, as well as Chaves’s own history of sexual harassment as a World Bank employee, served to normalize gender-based violence within the broader political project.","Costa Rica’s surge in violent crime should have been a liability for President Rodrigo Chaves’s right-wing party. Instead, his handpicked successor, Laura Fernández, won resoundingly by promising law-and-order policy unencumbered by democratic institutions.",nan,Andrés León Araya,['Costa Rica'],Costa Rica,en,https://jacobin.com/2026/02/costa-rica-fernandez-ppso-security,Jacobin,2026-02-15 00:00:00,,2026-02-22 14:47:25,jacobin,jacobin_125010757319,"On Sunday, February 1, Costa Ricans went to the polls to elect a new president and fifty-seven members of congress. The election, which was framed as a referendum on the outgoing administration of Rodrigo Chaves, delivered a resounding victory to his chosen successor, Laura Fernández, who secured over 48 percent of the vote. The campaign was unusually contentious, in part the product of a massive slate of candidates. Leading the pack was Fernández, a member of the Sovereign People Party (PPSO) and former minister of the presidency. On the other side was a highly fragmented field of twenty presidential hopefuls, including the right-of-center National Liberation Party (PLN), the Citizen Agenda Coalition (CAC), and the democratic left Broad Front Party (FAP). These candidates broadly constituted the opposition and trailed the PPSO in vote intention by a significant margin. The campaign defied a series of Costa Rican norms. Chaves contravened electoral law by playing an active role in the campaign, evangelical churches allegedly made a massive effort to mobilize support for Fernández, and several opposition candidates faced ongoing legal issues. The crucial backdrop was a recent spike in violence that played into voters’ concerns over insecurity and led to allegations that drug-trafficking money had penetrated various campaigns. Indeed, worries over security reigned supreme, a factor that usually punishes incumbents but, in this case, served to bolster Fernández, who successfully campaigned on a crime crackdown . Central to this paradox is Chaves himself, whose historic popularity can be traced to a novel approach to Costa Rican politics that masks an otherwise conventional center-right project while presenting a clear break with the country’s democratic tradition. If the elections were a referendum on Chaves, as he himself framed it, voters clearly approve of rodriguismo, a political project with similarities to other right-wing projects in the region but with a specific Costa Rican accent.",nan,['nan'],['nan'],,6,308,495,809
What Universal Childcare Should Look Like,"Thank you for doing this. When you were de Blasio’s legislative director in the City Council in the mid-2000s, were people thinking about universal childcare? Universal childcare was considered to be the longest of long shots and maybe beyond the horizon. Instead, the discussion focused on improving access for the lowest-income New Yorkers. At the federal level, we were still in the throes of the discussions about welfare reform, so childcare was seen mostly as a support for low-income working people to help them stay in the labor force. We tried to shift that discussion in the City Council toward universal childcare, but that was very much a new way of talking about it. Fast forward a decade to de Blasio’s time as mayor. How did the universal pre-K initiative become a priority and a successful project of his administration? He settled on it as a major priority of his campaign early on in 2013. The premise of his campaign was that New York was a “tale of two cities,” and free prekindergarten was critical for the education and development of our youngest learners but also key to addressing the profound inequalities of our city, where some families could afford high-quality prekindergarten and others were left out. Considering that the policy was motivated by concerns about inequality, was there a debate about doing it more as a welfare program rather than as a universal program? How did de Blasio settle on the strong commitment to universality? As far as I know, he never entertained making this a targeted program. He always framed it as a universal program. And I think part of that was Bill de Blasio’s orientation. Substantively, he felt that one program and a unified set of services sent the signal that we were all in it together. And practically, he felt it would prove more politically sustainable if it served everybody and brought together a unified constituency, which I think turned out to be right. Was it always clear that Universal Pre-K would go through the schools? Or was there a decision that had to be made about whether to subsidize private providers instead? Well, he believed that it should be a mix. And he committed pretty quickly to providing about half of the program through the school system and half through the amazing network of community-based organizations that were already providing high-quality prekindergarten to many families. Now, he could have chosen a different agency to implement it, but he saw prekindergarten as part of a school system. The public schools were already universal; he felt that they were a part of the city government that everyone identified as being a common enterprise. Does it make sense to continue using the school system for extending childcare to younger children, down to infancy? If you’re thinking about care for infants and toddlers, you could ask the question: Is this properly thought of as part of our educational system? I would say that since learning begins at birth, if you have an agency that’s devoted to education and learning, there’s no reason why it couldn’t be doing that for the youngest kids. That said, community-based and home-based providers currently provide most of the care for infants and toddlers in New York City, and there is no reason that needs to change — the school system can partner with them as it does for 3-K. A second answer to your question has more to do with the political economy of an administration and where a program can get financial resources and management attention. In that light, I would argue that care for infants and toddlers belongs in a new agency. There are specific needs and concerns that families with the youngest children have and it makes sense to have a management team that wakes up every day concerned with delivering the best services to our youngest learners. It’s challenging for either of the agencies that currently take this on to sustain it. You have an education agency that has a lot to do to serve kids from kindergarten through high school, and a child welfare agency that runs one of the most complicated child welfare operations in the country. That’s why you’ve seen so many states put childcare into a new agency, and more cities are doing that as well. Today everybody seems to be talking about “universal childcare.” But it seems like people mean different things by that term. How would you describe the range of possibilities that are currently imagined by people who talk about universal childcare? I think when people talk about universal childcare, what they mean can vary on a few different dimensions. First, how is it provided? Is it provided through a market-based intervention like a tax credit or voucher that enables families to go out into the market, so to speak, to purchase childcare on their own — or is it a supply-side intervention where government takes an active role in creating new childcare seats and provides those either directly or through contracts with third parties to families? Second, who is providing it? In some cases, public schools do; in other cases, not-for-profit community-based organizations. We also have private businesses providing childcare as well as home-based providers, which can be either not-for-profit or for-profit. The third dimension is: Who is helped? Some people believe that we should just provide subsidies for the lowest-income families, on the theory that people who have enough money to purchase childcare themselves will — and so by giving some help to lower-income families you’ll get to universality. Some people mean what Mayor Mamdani means: provision for all, like public schools, as a way to achieve universal coverage. Within that issue of “who is helped,” there is the question of how much help is actually provided — is it free or just subsidized? We’ve seen some federal plans for universal childcare that say things like, “No one will pay more than X percent of their income.” So it will be public, everyone will receive some assistance, but it will be different amounts for different families and not completely free. Finally, within a program that’s universal, is there targeting for students with disabilities and those who require different services or are you providing exactly the same thing for every child no matter what? Do you think it’s important for childcare to be free in the way that public schools are free? Would it make sense to charge a small fee, or, as some federal proposals have done, cap it as a certain share of your income? Watching the way the issue resonated for New Yorkers twice now should instruct the way we approach it. We saw two mayoral campaigns succeed on a message of free care for all in a city with a politically diverse set of constituencies. When we start to talk about policies in less clear ways — when we talk about percentages of income and qualifications, any sort of means-testing, where we’re dividing one group from another or asking people to calculate whether they’ll qualify — we lose an enormous amount of support. We need to be very clear that we want to provide this the way we provide public school, and that means that it’s free for all. The opposing view would like to adopt as small of a market intervention as possible, seemingly in an effort to win support from political moderates. I think that’s the wrong way to look at it — and it has not succeeded in winning over enough moderates to support making childcare affordable for everyone. So I think we need to view childcare as a right and as part of the public realm that is shared by everybody. This goes back to the history of public schools themselves, which were fought for during Reconstruction. It’s part of the fight to make sure that this country offers what everybody needs to live a dignified life. That’s the way the mayor’s talked about it, and that’s exactly the right way to look at this issue. Given that we have a landscape that includes private providers, what are the policy stakes of giving people vouchers versus directly contracting and providing seats through the city? When we rely on vouchers mainly to solve the problem, we’re not able to ensure that every family will be able to find a high-quality program close to them that works for their child. The theory that if we just subsidize the income of families, the market will sort out the rest has not proven true. That’s why you continue to see huge waiting lists for vouchers, childcare “deserts” where there are not enough seats for kids that need them, and high-quality providers with empty seats. If this mechanism was going to work, it would have worked by now. Instead, this policy area requires direct support, where the municipal government steps in and takes responsibility for making sure that every family has a seat that meets their needs. Local government must communicate with families and have the ability to adjust the location of seats. This is the system that finally worked for Pre-K for All. And that’s the approach that we need to replicate. Is there a difference in the level of government influence or regulation that comes along with the city directly providing seats as opposed to providing vouchers? As we were implementing the Pre-K for All, we wanted to ensure that every family would get a free, full-day, high-quality seat. So we were in constant communication with families to make sure that we were living up to our promise. “High quality” meant that we did a lot to ensure that all providers had the support that they needed to create excellent developmental experiences for kids; it meant we developed curriculum support in collaboration with educators in our system. Coaches visited every program and met program leaders and teachers to offer them professional learning. Excellent social workers worked with families and kids to make sure children were developing socially and emotionally. We knew that because this was a publicly provided service, the city was responsible for assuring the quality level. I think that when you take a demand-based approach and you issue the vouchers, you’re buying into the logic that the market will “punish those that don’t provide high-quality service” and that “people will vote with their feet.” That approach was never consistent with our values, but I also think that it does not bear out. We were only able to provide that assurance of quality when the public sector showed its willingness to step in. Given what the governor and the mayor have announced, where are we? What do you think has been accomplished? What remains to be done? It’s hard to overstate what a significant step forward this was, with the governor and mayor announcing that the state would expand pre-K throughout New York State, begin the process of implementing 3-K throughout New York State, support the city’s efforts to fix 3-K, begin the implementation of what we call “2-Care,” and also support the mayor’s vision of universal childcare. We should keep in mind that the New York State legislature made a commitment in 1997 to universal prekindergarten, but we never saw that fully implemented because nobody attended to the politics of implementation. So far, this administration is attending to that, and that’s so hopeful. By the politics of implementation, I mean that the mayor and his team recognize the need for continued work to advance the goal. You need to design the implementation so that at each stage it shows people what is possible. For example, as they roll out 2-Care, rather than starting with means-testing people and echoing some of the failed approaches of the past, they will target areas of the city where the need is greatest and give it to everybody, so that everyone can see what care with a public universal approach looks and feels like. How does this differ from de Blasio’s roll out of universal pre-K? Are there certain lessons learned about what to do or what not to do? It’s going to look different in a few really important ways. The first and most important is that home-based providers will be at the very center of this implementation. We know that there is a tremendous opportunity to partner with home-based providers on this, and they are, in many cases, already providing really high-quality services to our youngest kids. Under the de Blasio administration, we made the mistake of leaving home-based providers out of the implementation of pre-K. The second difference is that we did not pay enough attention to the needs of students facing delays and disabilities. The system for what we call prekindergarten special education was largely run by the state. Rather than trying to take on more of it, we left it alone. I think that this administration intends to address the entire continuum of services for students with disabilities and delays from birth to age five, under the rubric of universal care. Why were home-base providers left out of the implementation of Universal Pre-K? There are a couple reasons, some more legitimate than others. There was a bias against believing that home-based care could be really high quality. That was a mistake. The field has evolved in the past fifteen years to update views on that, largely because of the hard work and advocacy of talented home-based providers. There are also administrative difficulties with a system that features home-based providers, because they serve fewer kids per site than a childcare center does. A center may have four classrooms with pre-K serving eighty kids. A home-based provider will typically have six to twelve kids, depending on their size, who are a mix of ages. So you wind up with many, many more sites in a system that incorporates home-based providers, making it more difficult to administer all of the services that you want to provide. I think that that can be tackled. But it was daunting, as we were rolling out Pre-K for All, to figure out how to incorporate this set of providers. One final question: When de Blasio initially proposed universal pre-K, he wanted to fund it with a tax on the rich. Ultimately, however, he wound up with Universal Pre-K but without the tax on the rich. Do you think that can happen again? The simple answer is that, ultimately, we need a permanent, sustainable progressive revenue source for universal childcare. It was possible to get Pre-K for All, and most of 3-K for All, up and running through a commitment from the city and state and federal support to fund it. But under the [Eric] Adams administration, those programs, despite their popularity, were vulnerable to cuts. We need a specific, sustainable revenue source to support these programs if they’re going to be sustainable. Otherwise, they will stay vulnerable.","A universal childcare policy that ensures adequate care for all families will not means test or rely only on vouchers to subsidize private providers. It should be free for all, with government taking direct responsibility for providing childcare seats.",nan,Josh Wallack,['United States'],United States,en,https://jacobin.com/2026/02/universal-childcare-mamdani-hochul-de-blasio,Jacobin,2026-02-17 00:00:00,,2026-02-22 14:47:26,jacobin,jacobin_163802476498,"Earlier this month, Mayor Zohran Mamdani and Governor Kathy Hochul unveiled the initial stages of a plan for universal childcare. To discuss the recent history of childcare policy in New York City, and the lessons it may hold for the Mamdani administration, Nathan Gusdorf spoke with Josh Wallack, an early childhood policy expert who served as legislative director to then New York City Council member Bill de Blasio from 2002 to 2006 and later as the city’s deputy chancellor for early childhood, where he helped implement de Blasio’s signature “Pre-K for All” program. In the following interview, edited for length and clarity, Gusdorf and Wallack discuss the meaning of “universal childcare,” why merely providing vouchers is insufficient to ensure that every family has access to high quality childcare, the importance of home-based providers, and the significance of the Hochul-Mamdani childcare agenda.",nan,['nan'],['nan'],,6,141,2485,2632
"Politics Is Everywhere, So Why Do People Feel So Powerless?","It is this same inchoate landscape that the intellectual historian Anton Jäger attempts to navigate in Hyperpolitics, published for the first time in English courtesy of Verso Books. Charting over forty years of political history, this brief but compelling volume covers uneven terrain: the ideological struggles of the last century on one end and the petty Twitter wars that shape our own on the other. In the process, Jäger shows that our increasingly saturated discourse prevents radical alternatives from taking shape, leaving us trapped in a hyperpolitical limbo: an eternal present characterized by “extreme politicization without political consequences.” In order to make this argument, Jäger offers his own genealogy of the present, starting with the “mass politics” that defined much of the twentieth century. By mass politics he means politics articulated through “total institutions” such as unions, guilds, or political parties who were able to mobilize easily identifiable social bases to pursue a clear ideological program. By the 1970s, however, this form of politics was already in recession. Fearful of an inflationary spiral caused in part by worker unrest, governments across the West turned to various policy instruments to reign in labor and strangle the remaining avenues for collective action, effectively shielding the market from mass democracy. In the wake of this restructuring, the only form of bargaining power that remained was the ballot box. But even voting began to feel like cashing a check: a solitary activity, in pursuit of individualistic aims, unfettered by social ties or collective obligations. Those hoping for an ideological fightback were quickly disappointed. The years 1989 to 1991 saw the destruction of Soviet bloc Communism and a new discourse of liberal triumphalism became commonplace. In Britain, Margaret Thatcher declared that “free enterprise had overwhelmed socialism”; Mikhail Gorbachev appeared in an ad for Russia’s first Pizza Hut; and in Berlin, young people from both sides of the Iron Curtain met in former government warehouses to take drugs and listen to techno. For Jäger, these ravers — captured in the Wolfgang Tillmans photograph that adorns Hyperpolitics — embodied the carefree attitude that would come to define the next twenty years of political history. They were living through what Francis Fukuyama had described as the “end of history” — and it felt surprisingly good. Why be part of the masses when you could just be yourself? The struggle was over and it was time to get high. It was not until 2008 that this high first began to wear off. After Lehman Brothers folded, Western leaders laid out a raft of policies to reassure the markets. These included numerous governments bailouts and a set of drastic austerity measures. The backlash was widespread. In Lower Manhattan, the Occupy Wall Street encampment took over Zuccotti Park. Meanwhile in Europe, the success of left-wing parties like Syriza, Podemos, and Jeremy Corbyn’s Labour Party gestured toward a new horizon of radical economic justice. For a moment, it seemed as if the world were witnessing an era of democratic re-enchantment. However, establishment figures soon closed ranks around the insurgent left that failed to shepherd an already-fragile alliance of support to electoral victory. Within this vacuum, Jäger argues, the anarchic forces of hyperpolitics finally took hold. Having eliminated all of the key opponents to the liberal center, Western democracy began to experience successive convulsions of populist outrage. Denied any institutional framework, however, these waves of political energy began to make themself known in other ways. On social media, niche cultural issues became the subject of heated debate, before suddenly burning out in a matter of days, sometimes hours. Public protests also became more common, although they often lacked anything resembling a policy program. From Extinction Rebellion to anti-vaxxers to the Yellow Vests movement, opposition was ubiquitous but lacked direction. Instead it relied on disaggregated groups of individuals united only by single-issue demands. Perhaps the clearest example of such disorganized dissent, Jäger claims, was the wave of Black Lives Matter demonstrations that took place in 2020. Following the murder of George Floyd, twenty-six million Americans took to the streets to protest the toll of police brutality and mass incarceration. At the time, this represented 10 percent of the country’s adult population. However, as Jäger points out, this astonishing level of engagement proved fleeting and yielded few lasting political gains. By 2026, every single one of the state police departments that saw their budgets cut has now seen this funding returned, and in many cases increased. Notably few protesters have materialized to contest these developments, signaling the ease with which even the most vociferous activists have dropped their calls for change. Jäger is disparaging in his assessment of this movement’s precarious social base and compares it unfavorably to the 1963 March on Washington, where many of those present could be seen wearing union pins and city badges, expressions of long-standing solidarity. In light of these obvious failures, why has hyperpolitics proved such an attractive and durable mode of political engagement? For Jäger, the first answer is deinstitutionalization. As he emphasizes throughout the book, while “popular involvement has experienced a relative resurgence over the last decade . . . institutionalized involvement is at an all-time low.” In Germany, for example, membership of the largest trade federation has more than halved since its founding 1991. Meanwhile, the US unionization rate reached a historic low of 9 percent last year. The “controlled demolition of the public sphere” that began in the 1970s continues apace and has led to the slow death of civic life. The growing divergence between political interest and political institutionalization has proved particularly devastating, creating an increasingly balkanized landscape, dominated by lone actors pursing aims that are both individualistic and short-termist. To make matters worse, new virtual worlds have opened up to welcome those who have found themselves politically homeless. During the early days of the Arab Spring, many identified the essential role social media had played in organizing protests, dubbing them “the Twitter uprisings.” Today these affirmations of the internet’s democratic promise seem difficult to fathom. While there can be no doubt that online activism has lowered the costs of entry, Jäger observes that it has also “pulverized the terrain of radical politics . . . spawning a chaos of vaguely mandated online actors.” Through our cell phones, we are now beholden to increasingly diffuse and extreme forms of content that remain unchecked and unregulated. This freely accessible horror show threatens to undo what little remains of the social fabric: isolating each of us in our own algorithmic pigeon hole and preventing anyone from imagining a horizon beyond the next viral trend. If anything, one of the flaws of Jäger’s argument is his failure to emphasize the ways in which the virtual free-for-all of Internet 2.0 has reprogrammed our collective subconscious. While he acknowledges that our volatile moment reflects the “crisis of attention characteristic of the age of the smartphone,” he does not dedicate much time to the specific behavioral patterns that define this “age.” In 2026, social media is now largely run by a number of opaque recommendation algorithms. Each of these algorithms feeds off billions of data points about user behavior, producing carefully curated content feeds that pander to our existing political and aesthetic biases. The result, it seems, is that the mechanics of our subconscious fears and desires have become an extension of the media ecology. And through our various likes, swipes shares, and follows, we have become un-consenting participants in the production line of online content that is both increasingly extreme and increasingly polarizing. It is clear that this new digital landscape has rendered the possibility of mass politics largely untenable. Of course, there are some exceptions. One thinks of Andrew Tate and his army of overawed alpha males. Or J. K. Rowling, who has become a figurehead of the anti-trans lobby. However, their success has remained contingent on the support of diffuse online mobs, composed of individual actors, animated by personal outrage rather than political feeling. This is not mass politics but a kind of permanent culture war, motored by the careful channeling of rage. Indeed, this model of rage-bait politics also helps to explain why the Right has proved so successful over the last ten years. It is not, as Jäger suggests, simply that “the ruling class enjoys a structural advantage,” but that the substance of our politics has shifted. In place of redistributive struggles shaped through collective action, moral issues that require elites to apportion blame and responsibility have taken center stage. In the economic domain, poverty increasingly came to be viewed by the Right from the neoliberal era onward as a result of the irresponsible actions of the poor. But the Left also adopted its own moralizing frames, swapping a language of structural exploitation for one concerned with victimhood based on identity.","The defining feature of the last decade was that everything, from food to music, was politicized. All the while, our capacity to act collectively only grew weaker. Anton Jäger’s Hyperpolitics sets out to explain why.",nan,John Livesey,['United States'],United States,en,https://jacobin.com/2026/02/hyperpolitics-jager-institutions-media-review,Jacobin,2026-02-17 00:00:00,,2026-02-22 14:47:26,jacobin,jacobin_195097742057,"Halfway through his acclaimed novel Perfection , Vincenzo Latronico inserts a particularly revealing episode. It is 2015 and Anna and Tom are both graphic designers, working in one of Berlin’s trendiest neighborhoods. Their comfortable life is suddenly interrupted, however, when a picture surfaces on social media and soon goes viral. It is an image of Alan Kurdi, a young Syrian boy whose body was found washed up off the coast of Turkey and photographed by local rescue workers lying face down in the sand. Jolted out of their state of apathy, Anna and Tom decide to start volunteering at a local refugee center. Initially, the couple like their work. As Latronico describes, they enjoy feeling part of something bigger than themselves and feel as if they are engaged in a “rendezvous with history.” Gradually though, the novelty starts to wear off. Anna and Tom grow bored with the tasks they’ve been assigned, and when cell phones are banned on-site, they react with outrage. How else will their followers know what they’ve been up to? With surprising ease, the couple soon forget about the body of Alan Kurdi and withdraw to the safety of their regular lives. From the comfort of their apartment in Berlin, they wait patiently for a new atrocity to interrupt their doomscrolling and pierce the carapace of their political ennui. Perfection is part of a wave of novels satirizing millennial life, and it is clear that Latronico intends Anna and Tom’s narrative to make liberal readers squirm. However, the lessons to be drawn from this episode are relevant to parties far beyond the liberal cosmopolitan readership Perfection attracted. Across the West, political discourse is increasingly shaped by the boom-and-bust cycle of viral outrage. Singular events become political flash points, triggering bursts of energy that rarely translate into longer term engagement, burning bright at first then disappearing just as fast. The result, as Perfection ingeniously demonstrates, is a world in which politics is everywhere and yet nothing seems to change.",nan,['nan'],['nan'],,10,332,1466,1808
The Power of Power Structure Research,"What’s the origin story behind your discovery of power research? And who and what were your early influences? I had an academic background and a natural inclination toward research. I gravitated toward research as a tool for supporting action for achieving real change. That’s always been the underlying theme of my work. The opportunity to really pursue this path came when I met Tom Hayden . He was a major inspiration for much of what has happened in my life. I first met Tom around 1962 or 1963, during the early years of Students for a Democratic Society (SDS). Tom and I talked about a lot of things, and he made a deep impression on me. At the time, I was planning to go to the University of California, Berkeley, to study political sociology with Seymour Martin Lipset. He wrote the well-known book Political Man , which focused on voting and how to analyze it. I was interested in voting as a form of action and a way to create change. But even then, I had a sense that voting alone wasn’t enough to accomplish the change I wanted to see. That’s when Tom suggested to me that I try to do some research on things that really affect the world. He said we could work together in Michigan, and he encouraged me to come to Ann Arbor. So I switched to graduate school at the University of Michigan and ended up working with him for about two years. Tom was quite a mentor. He was a student of C. Wright Mills and had closely studied Mills’s work on the power elite . He introduced me to that world. He gave me six books when I first arrived in Ann Arbor and told me to read them before we talked. I read the books, and my understanding of power relations developed from there, all while working with him. Do you remember what the six books were? One was The Empire of High Finance , by Victor Perlo, a classic. Another was Anna Rochester’s Rulers of America . These were written in the 1930s and 1950s. Of course, there was The Power Elite , by Mills. The other three, I don’t remember. Those books really instilled in me that you could understand the power structure and that this understanding could help formulate strategies and tactics to help create change. That thrilled me. And again, this was going beyond voting. Voting is, of course, one way to achieve political objectives. But social movements are another way to achieve those objectives. And how do you give social movements the tools to create a strategy and tactics that are effective for creating change? That’s the overarching theme of how I was beginning to approach power research. That’s also what Mills was talking about. He wanted to understand what was controlling US politics and economics that the American people were not aware of. And he thought that more awareness and consciousness of this would allow people to help develop a strategy and tactics to challenge that power. It sounds like Mills was a key influence in shaping your discovery and embrace of power research. Were there others who influenced you? G. William Domhoff comes to mind right away, though a little bit later. He wrote Who Rules America? in 1967, a very important book. Domhoff is more empirical and more academic than Mills and has less of an overt political agenda, but it was very informative on how to understand the power structure. There was also a very important Soviet economist named S. Menshikov who wrote an important book called Millionaires and Managers . He was the son of the ambassador to the United States and lived in the US in the 1950s and 1960s. He studied the powerful financial institutions. That was a very important book for understanding where to look when doing power research. You also discovered how power research could be applied to US foreign policy. Can you talk about that? Foreign policy was a major inspiration in my embrace of power research. When the US invaded the Dominican Republic in April 1965, I immediately took the tools I was learning from Hayden and from the books I was reading, and I asked myself, “How can this intervention be understood in terms of power relations and the power structure of the United States?” I uncovered the importance of the sugar industry, which was a mainstay of the Dominican economy. Several officials in the Lyndon Johnson administration who were running US policy toward the Dominican Republic were from the sugar industry, especially the US special envoy and mediator Ellsworth Bunker. Bunker was the head of the second-largest sugar company in the United States, the National Sugar Refining Company, which had enormous interests in the Dominican Republic’s sugar industry. He was actually a very famous ambassador who later went on to play a leading role in the Vietnam War as well. I also uncovered several other key policy players with direct ties to the US sugar industry that shaped and implemented the US military occupation of the Dominican Republic. In my opinion, this played a major role in their actions. You said that it really excited you when you discovered power research in the mid-1960s. Can you say a little bit more about what was so exciting for you about this? I was a sociologist, and I also studied history. I had some engineering training, too, at Brooklyn Technical High School. My interest in power research was really about trying to figure out how to use my skills in those areas to develop ideas and methods to help the movement build strategy and tactics. I think the overarching theme for me has always been trying to find a way to create meaningful social change that leads to better living conditions and a better world. And I’ve always wanted to know what makes things tick. How do they run? Why? I’ve always had a strong inclination to really understand how things work — not just describing them, but analyzing them, taking them apart, and understanding the various dynamics.","Emerging in the 1960s, power structure research — mapping who holds power in society, how those entities are connected, and how they use their resources to shape major decisions — has been an important weapon in civil rights, antiwar, and labor struggles.",nan,Michael Locker,['United States'],United States,en,https://jacobin.com/2026/02/power-structure-research-labor-locker,Jacobin,2026-02-20 00:00:00,,2026-02-22 14:47:27,jacobin,jacobin_233576468271,"Today it’s almost taken for granted that activist campaigns and organizing drives, including within the labor movement, have some form of a power research component to help shape strategy and tactics. But this wasn’t always the case. In the 1960s, power structure research — which maps who holds power in society, how those entities are connected, and how they use their positions and resources to shape major decisions and policies — was fairly new. Inspired by academics like C. Wright Mills and G. William Domhoff and early movement practitioners like Jack Minnis, movement power research gained traction through groups like the Student Nonviolent Coordinating Committee — or SNCC , the grassroots civil rights group that had a vibrant research department led by Minnis; National Action/Research on the Military Industrial Complex — or NARMIC, which functioned as a research wing of the Vietnam antiwar movement; and the North American Congress on Latin America (NACLA), which became a major early proponent of power research. Since then, power research has gradually taken off, becoming a critical arm of a range of movements, campaigns, and union drives. Over the past sixty years, Michael Locker has been at the center of the rise of movement power research. He was first introduced to power research in the mid-1960s by the late Tom Hayden, an early leader of Students for a Democratic Society (SDS). Locker went on to cofound NACLA, and in 1968, he coauthored the famous “ Who Rules Columbia? ” pamphlet, which remains a cornerstone example of how to map out the power structure of universities. Into the 1970s and ’80s, Locker deepened his commitment to power research, contributing to studies of the US banks behind South African apartheid and developing comprehensive surveys on the landscape of US corporate power. In the late 1970s, he cofounded the research firm that is today known as Locker Associates. According to one book-length study , Locker was a key pioneer of the corporate campaign strategy that is currently used by labor and other campaigns. Today, in addition to continuing to oversee Locker Associates, Locker lends his power research skills to Palestine solidarity campaigns and university organizing efforts. Here Locker speaks to Derek Seidman at length about his long movement career, reflecting on the lessons and legacies of power research since the 1960s. The two discussed Locker’s personal journey, the origins of movement power research in the 1960s in civil rights, antiwar, anti-imperialist, and student organizing campaigns, and its wider popularization today, especially with the labor movement and through corporate campaigns.",nan,['nan'],['nan'],,6,422,1023,1451
Trump Is Using Mexico’s Oil to Put the Squeeze on Cuba,"Faced with a renewed round of blustering threats, Mexican president Claudia Sheinbaum returned to the strategy that served her in good stead over the previous year: pick up the phone and, bypassing Rubio, handle Trump one on one. A short call took place on January 12 , the day after the State Department communiqué, followed by a longer conversation on January 29 . With excruciating patience, Sheinbaum once again was forced to reject the US “offer” for military intervention while making the case for her security policy, which can boast a 40 percent reduction in homicides combined with a 50 percent drop in fentanyl crossing the border. And again, the strategy seemed to work. “Mexico has a wonderful and highly intelligent leader,” gushed a clearly charmed Trump on Truth Social immediately after the second call. “They should be very happy about that!” Positive as all of this was in immediate terms, its effects proved to be short-lasting. Less than a week after the first call, Trump was taking to Truth Social to promote the paranoid conspiracy tropes peddled by Steve Bannon protégé Peter Schweizer to the effect that Mexico is attempting to weaponize immigration and its network of consulates to influence US domestic politics. And mere days after the second call, the White House was releasing a bombastically provocative message , drafted in its now standard high-school diction, to commemorate the Mexican-American War (which stripped Mexico of over half of its territory) as a “legendary victory” that “reasserted American sovereignty” while “boldly emerging as a continental superpower unlike anything the modern world had ever seen.” But worse was yet to come.","Mexico’s president, Claudia Sheinbaum, wants to send Cuba some desperately needed oil. Donald Trump sent the US Navy into the Caribbean to make sure that doesn’t happen.",nan,Kurt Hackbarth,"['Mexico', 'Cuba', 'United States']",Mexico,en,https://jacobin.com/2026/02/sheinbaum-trump-oil-cuba-blockade,Jacobin,2026-02-14 00:00:00,,2026-02-22 14:47:27,jacobin,jacobin_236421211848,"In the days following the US abduction of Venezuelan president Nicolás Maduro on January 3, Donald Trump wasted little time in extending the threat to both Colombia and Mexico . Labeling President Gustavo Petro a “sick man,” Trump followed up by opining that an invasion of the country sounded “good to me.” As for Mexico, after trotting out his oft-repeated chestnut about organized crime running the country, he proceeded to state : “We will now start hitting land with regard to the cartels.” Marco Rubio’s State Department quickly joined in on the act. After falling over himself to praise Mexico in a September 2025 visit, when he gushed that “it is the closest security cooperation we have ever had, maybe with any country but certainly in the history of US-Mexico relations,” the secretary of state was now quoted in a terse communiqué as discussing the need for “stronger cooperation” and “tangible results to protect our homeland and hemisphere.” It didn’t take a geopolitical genius to understand how we got from “the closest security cooperation in the history of US-Mexico relations” to “the need for tangible results” in three short months: the invasion of Venezuela had emboldened the administration, leading its foreign policy coterie to swagger around like a posse of punch-drunk cowboys.",nan,['nan'],['nan'],,11,212,271,494
There Is Still No Ceasefire in Sight for the People of Gaza,"At the point when Donald Trump announced a ceasefire deal with great fanfare in autumn 2025, what was the scale of death and destruction that had already been inflicted on the people of Gaza by that point? When the ceasefire was declared on October 10, 2025, many Palestinians breathed a sigh of relief, especially in Gaza. Gaza had endured two years of constant bombardment, with roughly six times the explosive force of the atomic bomb that was dropped on Hiroshima in 1945, concentrated on an area less than half the size of Hiroshima. The devastation has been all-encompassing. All hospitals and universities have been bombed. Most homes and schools have been destroyed. Vital forms of infrastructure such as sewage systems and electricity lines have all been damaged beyond repair. This has resulted in an estimated sixty-eight million tons of rubble across the strip. Under that rubble lie the unrecovered bodies of at least ten thousand Palestinians who were killed in bombardments. The official number of those killed is thought to be well over seventy thousand, not including those who have been indirectly killed by the genocide. An article in the Lancet , one of the leading global medical journals, explained that in typical conflict zones, the ratio of indirect to direct deaths is usually four to one. Indirect deaths will include those who would not have died if the status quo ante had been maintained. The health system in Gaza has been brutally and systematically dismantled, so people are dying from what would have been preventable deaths. They are dying from the cold, from lack of nutrition, or from not having access to certain types of medication. People have also died from depression and heartbreak. This is an ongoing and active genocide, within the context of a decades-old colonial occupation, that is seeking to extinguish life in all its forms and to make life unbearable for those who survive. That was where we were when the ceasefire was announced on October 10, and that is where we continue to be in this sham of a ceasefire. What has been happening on the ground in Gaza since the declaration of the deal? Almost immediately after the ceasefire was announced, the Israeli regime started attacking Gaza again, and it hasn’t really stopped since then. At the last count, more than 500 Palestinians have been killed and many more injured since October 2025. Recently, there were multiple air strikes on Khan Younis that killed at least thirty-one people, including six children. In addition to that, Israel is still not letting in enough aid. Under the terms of the ceasefire agreement, the Israelis are not only supposed to have stopped the attacks on Palestinians — they’re also supposed to be allowing at least 600 trucks of aid into the strip every day. Israel has not fulfilled this end of the bargain. Along with restrictions on the number of trucks, they have been deliberately restricting the entry of nutritious food, including meat, dairy, and fresh vegetables. We’ve seen from reports by people on the ground that you can buy canned food and snack food in Gaza, but fresh fruit and protein sources remain very difficult to get hold of, as well as medicine, tents, and other materials for shelters. People need to understand that when they hear the word “ceasefire,” it doesn’t actually mean there has been an end to the violence, and it doesn’t mean that the Israeli army has withdrawn from Gaza. Part of the ceasefire agreement was that the Israeli army would withdraw to an invisible boundary known as the yellow line that effectively cuts Gaza in half. The area beyond the line is about 53 percent of Gaza. Not coincidentally, it includes most of the agricultural and industrial land, an area that has been almost totally depopulated of Palestinians. Most Palestinians in Gaza are sheltering now on the western side of that yellow line. Many people whose homes are on the other side of the yellow line have attempted to return home to see if their houses are still standing or to recover possessions, and many of them have been shot in the process. Others have crossed the unmarked yellow line unknowingly, and they’ve been targeted by snipers or drones. Again, this ceasefire needs to be understood not as an end to violence for Palestinians, but rather a different phase of the genocide. Certainly, it is a phase that doesn’t come with carpet bombardments every day, as we saw over the previous two years, but it’s still a reality of daily killing and daily deprivation of basic necessities. Meanwhile, since the beginning of the genocide, Israel has been propping up criminal militias and gangs in an attempt to undermine social cohesion and ensure it has a constant presence even in areas where the Israeli army is not present. These militias are incredibly violent, incredibly disruptive, and often comprised of criminals. It’s an age-old colonial tactic, one that has been used in many different contexts. As you mentioned, Israel has continued to severely restrict the access of humanitarian aid to Gaza. One element was the announcement of new restrictions on a number of NGOs. What was the significance of that announcement in particular? In late December, Israel announced that it was suspending the work of thirty-seven humanitarian organizations, around 15 percent of the total number of NGOs that work on the ground in Gaza, including some of the largest ones. The list included Defence for Children International, the International Committee of the Red Cross, Medical Aid for Palestinians UK, Mercy Corps, the Norwegian Refugee Council, and Médecins Sans Frontières (MSF, or Doctors Without Borders). As I’m sure a lot of people will be aware, international NGOs have been heavily involved in the humanitarian response to the genocide in Gaza. They’ve delivered more than half of all food assistance. They support a lot of health care projects, they provide shelters, etc. Their presence in Gaza both before and during the genocide has been crucial. Of course, there are reasons for the deliberate de-development of Gaza. This is a reliance that has been forced upon Palestinians because of conditions of siege and blockade that have rendered them heavily dependent on aid. There are legitimate critiques of how those organizations are part of this process of de-development. But undeniably, completely stopping their activity means that an entire population suffers, especially when there’s nothing to take their place. The Israeli regime knows that. It suspended those organizations because it wants them to comply with new policies that will require them to submit to the Israeli authorities all the documentation about their staff members, both local and international, and about their funding and operations. As an occupying power, Israel doesn’t have the right to demand that kind of information. More importantly, this is a regime that has systematically targeted aid workers and their families, including those in so-called pre-authorized aid convoys. It has bombed aid facilities. In no way, shape, or form is it a good-faith actor. In addition, these regulations state that any organization that has called for boycotts of Israel or expressed support for the cases against Israel at the International Criminal Court (ICC) or the International Court of Justice (ICJ) is going to be banned from distributing aid. It’s a crackdown aimed at total compliance, and it comes with very legitimate fears for local staff in particular who are most vulnerable to Israeli violence. MSF was going to comply with this. In fact, they released a statement saying that they had consulted with local staff and they were going to hand over the information so that they could continue their operations in Gaza. But the reality was quite different. It came to light as the result of a campaign from doctors and medical staff that those local staff members were being coerced, pressured, and guilt-tripped by senior management at MSF into agreeing to hand over their information. It now looks as if MSF has backtracked after facing a lot of outrage and will not be complying with these new regulations. But that means, of course, that their operations will be seriously limited in Gaza if they are allowed to continue at all. What’s clear from all of this is that Israel is trying to reengineer the landscape of aid distribution in Gaza and in Palestine so that it has complete control over who gets what and when. Could you talk us through what has been happening on the international stage, from the moment when the states belonging to the UN Security Council either voted for or abstained on a motion that gave the Trump administration authority to go ahead with its plans for Gaza, up to the proclamation of what Donald Trump and his officials call the “Board of Peace,” which appears to be part of a wider attempt to marginalize and delegitimize the UN framework altogether? What’s been quite remarkable to me is that on an international level, Israel has continued to enjoy unprecedented diplomatic, financial, and military cover despite carrying out a live streamed genocide. This is not because I ever had any hope or faith that the international community would protect Palestinians from such violence. But I did think they would put up a bigger fight to protect the legal framework that they have set up themselves in order to maintain the world order they designed. Israel’s genocide in Gaza signals the start of a complete unraveling of that world order. On November 17, 2025, when the UN Security Council passed Resolution 2803, which endorsed Trump’s twenty-point plan for Gaza, that was really the cherry on the cake. It is a resolution that contradicts international law by mandating a foreign body to rule over Palestinians in Gaza, and it also contradicts previous UN resolutions. From sources at the UN, we know that in the lead-up to this resolution, there was some of the most overt bullying, cajoling, and coercion that has ever been witnessed at the UN, because this resolution effectively gives Trump the green light to do whatever he wants in Gaza. It creates two bodies that are supposed to take control: the Board of Peace, which of course is chaired by Trump, and an international stabilization force, which is tasked with maintaining security and enforcing the disarmament of Palestinian groups. On top of all that, it effectively bypasses all the local and international structures in the distribution of aid. Everything will have to pass through the Board of Peace. It goes without saying that the resolution made no mention of the genocide and did not propose any kind of accountability mechanism for war crimes. This is a resolution that not only contravenes international law but also gives the US, which is a co-perpetrator of genocide, complete control over Gaza. I think states thought that by giving this to Trump, they would quell his appetite. But that was a huge miscalculation. The resolution supported the Board of Peace in the context of Gaza, but as you alluded to, the Trump administration is now making it very clear that the board is a global project — an attempt to replace the UN. Replacing the UN wouldn’t necessarily be a bad thing if it was an attempt to create something more equitable and less biased toward the Global North. But Trump is trying to replace the UN with himself. The logo of the board is a knockoff of the UN logo, except that it’s in gold, which is, I suppose, Trump’s favorite color. Instead of the world as a whole, it only includes Trump’s expansionist dreams. It includes Greenland, Canada, northern parts of Latin America, and the US. It’s almost laughable, except for the fact that this is a very real project that is going to come with very serious consequences, not just in Gaza, but on a wider scale. What is the composition of the Board of Peace? Who was offered a place on it, and what inducements were they offered to join? We have to break this down because it is rather confusing and all over the place. What we know as far as the structure of the board is concerned is that Trump has designated himself as chairman for life with the ability to nominate a successor. This is a very important point because it means that his chairmanship of the board is not restricted to the US presidency. Below Trump comes the board proper, which is comprised of national leaders. About sixty countries were invited. Most European countries turned down their invitations, except for Hungary and Bulgaria. The main reason they gave for turning down the invitation was that the board was going beyond its mandate, and also that Trump invited Vladimir Putin to join. There was no objection to the role of Benjamin Netanyahu — a man who is the subject of an ICC arrest warrant and who couldn’t even travel to Davos for the board’s inauguration because he would have been arrested by the Swiss authorities. Then we have the executive board, which has seven members. Nickolay Mladenov has the title of “High Representative for Gaza,” which is both ridiculous and frightening at the same time. Marco Rubio, the US secretary of state; Steve Witkoff, the US special envoy to the Middle East; and Jared Kushner, Trump’s son-in-law, are all members. We also have Tony Blair, who needs no introduction; Marc Rowan, the CEO of Apollo Global Management; Ajay Banga, the president of the World Bank; and Robert Gabriel Jr, an American political advisor. There is also another body called the Gaza Executive Board, with Mladenov as its head. It is comprised of the same people who are on the executive board with a few additions, such as government ministers from Turkey and the United Arab Emirates, an Israeli businessman, and the UN special coordinator for the Middle East Peace Process, Sigrid Kaag. Finally, we have the National Committee for the Administration of Gaza, the Palestinian technocratic committee, which reports to the Gaza Executive Board and to Mladenov. We recently saw the announcement that phase two of this process had begun. What does that actually entail? How do you think conditions in Gaza are likely to develop over the course of 2026? The US announced phase two of the ceasefire mid-January. The reality is that most of the goals that were supposed to have been achieved in order to reach phase two have not been reached, namely a halt to violence, Israeli withdraw to the yellow line, and full resumption of aid. In fact, the only goal that has been achieved is the return of all the Israeli hostages. Phase one has not delivered, definitely not for Palestinians. But what marked this transition into phase two was the announcement of the National Committee for the Administration of Gaza. It’s a fifteen-member body chaired by Dr Ali Shaath, an engineer who is originally from Gaza and has worked for the Palestinian Authority in the West Bank in various capacities. In the grand scheme of things, this committee signals a shift toward depoliticized governance in Gaza amid the ongoing genocide. It is being presented as a neutral, technocratic governing structure, but the reality is that it’s going to function as a managerial mechanism that stabilizes conditions. This committee has been tasked with managing the reconstruction of service provision in Gaza, under the watchful eyes of Mladenov and Blair, who are going to report directly to Trump. There are a lot of things that still remain unclear about the committee and how it’s going to be able to carry out this work. The issue of Israeli withdrawal to the yellow line is unclear, for example. For now, the committee is supposed to be operating in the western part of Gaza, the part that doesn’t really have the presence of Israeli forces. But at this stage, it still hasn’t been allowed into Gaza by the Israelis. What is very clear is that this committee is not going to have any kind of political function. There was an interview where the chair was explicitly asked about Israeli forces and the disarmament of Hamas — he just referred all of these questions to the Board of Peace. It’s very important to understand the limitations of this committee. It’s not a new government or a new leadership in Gaza. The US approach is to completely depoliticize the issue of Palestine and turn it into an economic or real estate issue. This committee creates this appearance of Palestinian involvement, but it will operate totally under the supervision of the Board of Peace. In practice, it’s positioned to play a very similar role to that of the Palestinian Authority in the West Bank, as a service provider operating under colonial oversight with political questions deferred indefinitely. The big question is whether Israel will allow this technocratic committee to do the work that it’s mandated to do. We’re already seeing it being sabotaged at every possible stage. There was recently a big row because the committee shared its new logo, which incorporates the logo of the Palestinian Authority, and the Israelis lost their minds over it. We’ll have to wait and see if this committee is allowed to operate in any way, shape, or form. Obviously Gaza is in urgent need of relief, recovery, and reconstruction, and the committee might be able to facilitate some of that. But speaking with Palestinians on the ground in Gaza specifically about the committee, I think there are a lot of mixed feelings about it. The reality is that its ability to deliver is completely dependent on the Israeli regime. The other thing that marked phase two was Jared Kushner’s plan that he presented at Davos for Gaza. It was a dystopian presentation of high-rise buildings in a futuristic-looking enclave. As details of this plan have emerged, you start to realize what the Americans have in store for Palestinians, which is incredibly disturbing. The idea is to force Palestinians into so-called planned communities that are going to be controlled and surveilled to an even greater extent than is already the case. Only approved Palestinians will be able to live in these areas. They’ll be subjected to security checks and will have to give over their biodata. They won’t have access to cash — it will be a cashless community — and the schools and curriculums will be tightly controlled. What has been happening in the West Bank during this period and how would you say it relates to what has been happening in Gaza at the same time? There hasn’t been enough coverage of what’s been happening in the West Bank. Obviously the violence of the genocide in Gaza has been so horrific that it has taken up a lot of coverage, and rightly so. But under the cover of the genocide, over the last two years, the Israeli regime has expanded its control over the West Bank. We’ve seen an increased use of what the Israeli authorities call counterinsurgency operations, operations such as operation Iron Wall or Operation Summer Camps — weird names used to describe what are military operations. They are always presented as temporary, targeted operations in response to some kind of so-called terror act or cell, but this is far from the reality. These operations are designed not only to disrupt Palestinian life but also to create facts on the ground. With each new military operation comes a new permanent checkpoint, or a permanent road closure, or a permanent takeover of land. Operation Summer Camps, for example, resulted in the largest mass displacement campaign Palestinians have faced since 1967. This operation saw the depopulation of the camps in the northern West Bank. Nearly 50,000 Palestinians were kicked out of their homes, and then the camps themselves were destroyed. Some of them have been effectively turned into Israeli military headquarters. These operations create new realities on the ground, and it’s a coordinated effort between the army and the settlers to reengineer the spatial and social environment. The goal is to reduce the area of land that Palestinians live on but also to create an atmosphere where there can be no dissent or resistance to occupation. Often in the media, when we hear about settler violence, it’s very much separated from the state. But the reality is that the settlers operate hand in hand with the Israeli army and as part and parcel of Israeli government policy. In February 2023, prior to the genocide, we saw that settlement planning was transferred from COGAT (Coordinator of Government Activities in the Territories), the Israeli occupation administration, to the minister of finance, Bezalel Smotrich, a far-right politician. Under Smotrich, there has been unprecedented settlement growth and a massive increase of checkpoints and military gates that prevent Palestinians from accessing their land. This creeping annexation of land has been accelerated since the start of the genocide. Finally, the Israelis are in the final stage of ending UNRWA (United Nations Relief and Works Agency for Palestine Refugees in the Near East) operations. They began bulldozing part of the UNRWA headquarters in East Jerusalem. There is no international UNRWA staff in Palestine today, as I understand it — all the operations have been seriously scaled down. For better or worse, UNRWA plays a huge role in the lives of Palestinians. Hundreds of thousands of kids are educated in UNRWA schools, and tens of thousands of adults are employed by the agency. The UNRWA mandate keeps the Palestinian right of return alive on an international level. It’s very difficult to think of a bleaker moment that the Palestinian people have faced in the whole period since the Nakba in the 1940s. Do you have a sense against that backdrop of what the state of Palestinian politics and civil society is in the wake of the Gaza genocide? Is there any space at all for people to engage in discussion about possible strategies that might begin to challenge such a bleak scenario? A lot of Palestinians are talking about this as our post-Nakba moment. There is a sense of shock and ongoing trauma about what has happened — not only the devastation of the genocide in Gaza but also the violence that has engulfed the West Bank. The political repression is something that we haven’t seen for a long time and perhaps is similar to what Palestinians experienced after the Nakba. The political space inside of occupied Palestine is very limited. That’s not to say that there isn’t organizing or any kind of political movement going on, but it’s more repressed now than it has ever been. The number of political prisoners has increased dramatically, with many of them being held indefinitely under administrative detention. Others are taken for a few days, beaten up, and threatened. People are also being arrested for social media posts, and university campuses are being raided frequently. There is an atmosphere of fear, but there is also a recognition that this is an existential moment for us as a people. We either achieve liberation and regain sovereignty over our homeland and return our people to their homes, or else we are going to be exterminated as a people and as a collective seeking self-determination. The big question for me is this: How do we reconcile the fact that over the last two years, the Palestine solidarity movement has grown exponentially and achieved international recognition and support at unprecedented levels, yet the situation on the ground has gotten drastically worse? Why has the solidarity movement not been able to stop the genocide? I think the answer is bigger than Palestine. Gaza has emerged as the epicenter of global politics. The future of Palestine has been understood to be connected to the future of the world. The president of Colombia, Gustavo Petro, said that what we’re seeing in Gaza is a rehearsal for the future, and I think that future is already here. Why is it that governments are willing to oppress their own people in their own streets for protesting against a foreign state committing genocide? Why is it that so many corruption scandals involve arms manufacturers and security companies that are complicit in the Gaza genocide? Why is it that a politician’s downfall can be orchestrated because they stand up against genocide somewhere that is very far away from where they are based? People are asking these questions in a very serious way, and I think they understand that Palestine cannot be understood on its own, isolated from global dynamics. Palestine exists in a profoundly unjust and violent world. This reality is what allows the machinery of genocide in Palestine to continue. The task at hand is to build that understanding of Palestine into political momentum that can bring about radical change in political structures worldwide. I’m not sure if we’ll be able to do that, but I think that’s what has to happen.","Since Donald Trump announced a ceasefire deal with great fanfare, Israel has killed hundreds of Palestinians while continuing to occupy Gaza and block aid. Now Trump and his entourage want to convert the site of genocide into a real estate opportunity.",nan,Yara Hawari,"['Israel / Palestine', 'United States']",Israel / Palestine,en,https://jacobin.com/2026/02/gaza-ceasefire-trump-real-estate,Jacobin,2026-02-13 00:00:00,,2026-02-22 14:47:28,jacobin,jacobin_265555549188,"Last October, the Trump administration announced a ceasefire deal in Gaza after two years of relentless carnage. Since the deal was announced, Israel has continued to occupy much of Gaza, and its forces have killed hundreds of Palestinian civilians. Meanwhile, Donald Trump has launched his so-called Board of Peace to administer Gaza without any input from Palestinians. Having received a blank check for his scheme from the UN Security Council, Trump now presents the board as an alternative to the UN itself. Yara Hawari is the codirector of Al-Shabaka: The Palestinian Policy Network. She spoke to us about what has been happening in Palestine over the past three months and its importance for global politics. This is an edited transcript from Jacobin’s Long Reads podcast . You can listen to the interview here .",nan,['nan'],['nan'],,12,134,4153,4299
Digitalisierung: Chance oder Gefahr für die Freiheit? - Liberales Institut,,,Digitalisierung: Chance oder Gefahr für die Freiheit? - Liberales Institut,,[],,,https://www.libinst.ch/denkanstoesse/digitalisierung-chance-oder-gefahr-fuer-die-freiheit/,Liberal Institute,,,2026-02-22 14:50:25,lib_inst,lib_inst_014691473876,nan,nan,['nan'],['nan'],,10,1,0,11
Die Rettung der Welt erlaubt keinen Widerspruch - Liberales Institut,,,Die Rettung der Welt erlaubt keinen Widerspruch - Liberales Institut,,[],,,https://www.libinst.ch/denkanstoesse/die-rettung-der-welt-erlaubt-keinen-widerspruch/,Liberal Institute,,,2026-02-22 14:50:25,lib_inst,lib_inst_091649284283,nan,nan,['nan'],['nan'],,10,1,0,11
Index der internationalen Steuerwettbewerbsfähigkeit 2025 - Liberales Institut,,,Index der internationalen Steuerwettbewerbsfähigkeit 2025 - Liberales Institut,,[],,,https://www.libinst.ch/denkanstoesse/index-der-internationalen-steuerwettbewerbsfaehigkeit-2025/,Liberal Institute,,,2026-02-22 14:50:26,lib_inst,lib_inst_216334703073,nan,nan,['nan'],['nan'],,8,1,0,9
"Die verborgene Sekte, über die keiner spricht - Liberales Institut",,,"Die verborgene Sekte, über die keiner spricht - Liberales Institut",,[],,,https://www.libinst.ch/denkanstoesse/die-verborgene-sekte-ueber-die-keiner-spricht/,Liberal Institute,,,2026-02-22 14:50:25,lib_inst,lib_inst_290634053529,nan,nan,['nan'],['nan'],,10,1,0,11
Ein liberaler Arbeitsmarkt nützt allen - Liberales Institut,,,Ein liberaler Arbeitsmarkt nützt allen - Liberales Institut,,[],,,https://www.libinst.ch/denkanstoesse/ein-liberaler-arbeitsmarkt-nuetzt-allen/,Liberal Institute,,,2026-02-22 14:50:26,lib_inst,lib_inst_523173793902,nan,nan,['nan'],['nan'],,8,1,0,9
Die Schweizer Wissenschaft braucht «Horizon» nicht - Liberales Institut,,,Die Schweizer Wissenschaft braucht «Horizon» nicht - Liberales Institut,,[],,,https://www.libinst.ch/denkanstoesse/die-schweizer-wissenschaft-braucht-horizon-nicht/,Liberal Institute,,,2026-02-22 14:50:26,lib_inst,lib_inst_576997113708,nan,nan,['nan'],['nan'],,9,1,0,10
Zur Fehlsteuerung der Ziviljustiz - Liberales Institut,,,Zur Fehlsteuerung der Ziviljustiz - Liberales Institut,,[],,,https://www.libinst.ch/denkanstoesse/zur-fehlsteuerung-der-ziviljustiz/,Liberal Institute,,,2026-02-22 14:50:25,lib_inst,lib_inst_613338955346,nan,nan,['nan'],['nan'],,7,1,0,8
Lord Sumption: Die Grenzen des Rechts in einer Demokratie - Liberales Institut,,,Lord Sumption: Die Grenzen des Rechts in einer Demokratie - Liberales Institut,,[],,,https://www.libinst.ch/denkanstoesse/lord-sumption-die-grenzen-des-rechts-in-einer-demokratie/,Liberal Institute,,,2026-02-22 14:50:25,lib_inst,lib_inst_627910939998,nan,nan,['nan'],['nan'],,12,1,0,13
Angst vor Trennung als Hindernis für eine funktionierende Gesellschaft - Liberales Institut,,,Angst vor Trennung als Hindernis für eine funktionierende Gesellschaft - Liberales Institut,,[],,,https://www.libinst.ch/denkanstoesse/angst-vor-trennung/,Liberal Institute,,,2026-02-22 14:50:26,lib_inst,lib_inst_911888858846,nan,nan,['nan'],['nan'],,12,1,0,13
L’église de Blatten sera reconstruite | Réformés.ch,"La Chronique RTSreligion de Christine Mo Costabella, mardi 10 février 2026.",L'église et le village de Blatten seront reconstruits à l'horizon 2028-2029.,L’église de Blatten sera reconstruite | Réformés.ch,,[],,,https://www.reformes.ch/chroniques/2026/02/leglise-de-blatten-sera-reconstruite-la-chronique-blatten,Protestinfo,,,2026-02-22 14:47:47,protestinfo,protestinfo_013323379083,nan,nan,['nan'],['nan'],,7,1,11,19
"S’écouter et discuter, au-delà des clivages | Réformés.ch","Comment retrouver le fil du dialogue dans une société toujours plus polarisée, un monde où bulles de filtres et algorithmes nous recentrent toujours sur notre propre cercle, nos idées, nos préjugés? La parabole biblique de Matthieu dite «du bon grain et de l’ivraie», fil rouge de ce carême œcuménique, a inspiré le photographe Yann Mingard, invité de cette édition et auteur d’un travail sur les plantes «indociles et envahissantes», et Eric Vautrin, dramaturge au théâtre de Vidy. «Yann m’a interpellé en rappelant combien l’entre-soi, sous prétexte de nous rassurer, nous appauvrit, en art comme ailleurs. Le carême œcuménique pouvait alors être l’occasion moins d’affirmer des convictions que d’essayer de créer un espace de discussion apaisées… mais contradictoires», explique Eric Vautrin. C’est ainsi que sont nées ces «Rencontres de la zizanie» (la zizanie est l’autre nom de l’ivraie). Le concept: proposer des séances publiques durant lesquelles chacun peut poser une question de manière anonyme. Les interrogations sont rassemblées et harmonisées puis «toute personne présente est invitée à répondre de son point de vue, de là où elle est, qui qu’elle soit.» Seul principe, «si quelqu’un se répète ou monopolise la parole, une bouée peut être levée pour signaler qu’il faut laisser les échanges circuler, et souvent la régulation opère, avec le sourire!» raconte Eric Vautrin. Ce jeu n’a pas la prétention «d’atteindre la vérité», mais de «semer la contradiction, mettre du désordre dans le champ», détaille le pasteur Jean-François Ramelet. Un premier essai réunissant une trentaine de personnes a eu lieu en novembre dernier. «La parole circule bien et le principe est passionnant: l’hypothèse d’une personne relance l’idée de quelqu’un d’autre. Les contradictions se nourrissent mais ne s’opposent pas. Nous voyons tout à coup émerger une expression collective, plurielle, qui avance, qui cherche, qui renouvelle nos réflexions individuelles», témoigne Eric Vautrin. Un travail d’« émancipation par la parole», qui a pour but de redonner foi dans «le partage». Les Rencontres de la zizanie, du 20 au 22 février, infos sur sainf.ch .","Du 20 au 22 février, le carême œcuménique de l’Esprit Sainf, à Lausanne, accueillera des «Rencontres de la zizanie», conversations conçues pour sortir de l’entre-soi. Explications.","S’écouter et discuter, au-delà des clivages | Réformés.ch",,[],,,https://www.reformes.ch/spiritualites/2026/02/secouter-et-discuter-au-dela-des-clivages-saint-francois-lausanne-discussion,Protestinfo,,,2026-02-22 14:47:47,protestinfo,protestinfo_044230001374,nan,nan,['nan'],['nan'],,8,1,331,340
"A Morges, une Halte bienfaisante | Réformés.ch","« Bonjour, on voit que ce sont les vacances, il y a plein d’enfants aujourd’hui. Un petit café ? un chocolat ? » En ce mardi 23 décembre après-midi, Stéphane Rempe, diacre catholique, s’occupe de l’accueil hebdomadaire à la Halte. « Je suis là une fois par mois. Nous tenons à souhaiter la bienvenue à chacun·e, à offrir de l’écoute à ceux qui le souhaitent. » Voilà bientôt une décennie que l’entrée et le sous-sol de l’église évangélique de l’Oasis accueillent à Morges ce lieu de distribution alimentaire pour des personnes en situation de précarité. Des forces en commun La semaine dernière, Samuel Ramuz, diacre réformé Présence et solidarité était à l’accueil. Un roulement qui comprend aussi l’aumônière catholique Esther Schmid et le pasteur de l’Oasis Mathieu Varidel. « Les Eglises ont décidé de mettre leurs forces en commun et ont créé ce lieu pour la distribution de nourriture, d’où notre présence à l’accueil », explique Samuel Ramuz. Mais La Halte fonctionne avant tout avec une grosse équipe de bénévoles qui s’occupe d’aller chercher ou de réceptionner les aliments, de préparer les sacs et de les distribuer à un public toujours plus nombreux. Les bénéficiaires doivent habiter la région morgienne, être disponibles le mardi après-midi pour venir chercher la nourriture, et se trouver capables de cuisiner ces produits frais. Esther Schmid : « Toute situation de précarité est douloureuse. Parfois les personnes ne pensaient pas devoir recourir à une distribution alimentaire gratuite, voilà pourquoi nous tenons à un accueil personnalisé, à ce que les gens ne se sentent pas juste un numéro. » Au sous-sol, Mag, responsable des bénéficiaires, gère les arrivées stylo et feuilles en main dans un mélange d’organisation bien huilée et de bienveillance. « Nous sommes à cinq le matin pour tout préparer ; et la veille, d’autres attendent l’arrivée des camionnettes et effectuent un premier tri de la marchandise. » Un peu plus loin derrière son petit comptoir, Eliane distribue les sacs selon un code couleur bien précis : « Le jaune pour les personnes seules, le bleu pour deux, le vert pour quatre ou plus. Nous allons dépasser les 100 sacs aujourd’hui comme c’est le cas depuis plusieurs mois. » Autant dire qu’une fois vidés, ces précieux contenants sont rendus à l’équipe qui les réutilise la semaine suivante. « C’est aussi l’occasion pour les gens de laisser pour d’autres ce qu’ils ne consomment pas. En principe, il faut pouvoir venir sur place mais il nous arrive exceptionnellement de nous rendre chez la personne en cas d’empêchement. » Les gens terminent ensuite leur circuit au Portakabin situé derrière le bâtiment avec les frigos et les produits congelés. « Je viens comme bénévole depuis le début, sourit Rosemarie emmitouflée pour lutter contre le froid piquant du jour. Il y a beaucoup d’habitué·es avec qui j’ai du plaisir à échanger. » Des cadeaux à mettre sous le sapin Depuis plusieurs années, Laetitia Kursner et Francine Schiess, de Berolle, récupèrent, trient et emballent à Noël des cadeaux pour les enfants de familles en situation de précarité. Une partie est distribuée via l’association SOS Futures mamans, l’autre via l’Eglise réformée. « Cette année, relate Samuel Ramuz, j’ai proposé au comité de la Halte de les ajouter à la distribution alimentaire du 23 décembre pour les enfants des familles sur leurs listes. » Soixante-sept cadeaux exactement. De quoi provoquer la joie de nombreux enfants.","Grâce à l’engagement de longue durée d’une solide équipe de bénévoles et la mise en commun des forces des Églises de Morges, le lieu de distribution alimentaire ne désemplit pas. Reportage avant Noël.","A Morges, une Halte bienfaisante | Réformés.ch",,[],,,https://www.reformes.ch/solidarites/2026/02/morges-une-halte-bienfaisante-reformes-fevrier-2026-benevolat-entraide-1429,Protestinfo,,,2026-02-22 14:47:48,protestinfo,protestinfo_095173555798,nan,nan,['nan'],['nan'],,7,1,563,571
Les chrétiens font du ski | Réformés.ch,"Sur les pentes neigeuses, la foi en Dieu n’est pas un tabou. À preuve, plusieurs figures marquantes du ski mondial ont affiché leurs convictions, dont l’autrichien Matthias Mayer, médaillé d’or et de bronze aux Jeux Olympiques de Pékin, connu pour être un chrétien engagé. À leur plus modeste niveau, des skieurs chrétiens lambda ont créé une association romande, « Riders pour Christ ». Interview de son co-fondateur, Yann Valdez. - Comment est née votre association ? - L’idée nous est venue en rencontrant d’autres chrétiens dans le cadre d’événements organisés par l’ association internationale des snowboarders et skieurs pour Christ , fondée en 1995 en Nouvelle-Zélande. Chaque année, elle organise un rassemblement européen en début puis en fin de saison ; le prochain aura lieu à Saas Fee au mois d’avril. Entre les deux, il y a des rencontres par pays, avec des weekends de glisse. L’association compte actuellement environ 3000 membres, soit 35 groupes ou partenaires nationaux dans une dizaine de pays dont la France, l’Autriche et la Suisse – enfin, uniquement la Suisse alémanique jusqu’à la formation de notre antenne romande en 2025. C’est la barrière linguistique qui nous a poussés à faire le pas. C’était plus facile que de se rendre dans la région de Chamonix… Nous avons commencé par créer un groupe WhatsApp en mars de l’année passée, afin de rassembler des gens, puis nous avons organisé notre première rencontre romande en décembre dernier. - Vous êtes plutôt des skieurs, ou des snowboarders ? - C’est assez équilibré, même si nous avons quand même plus de skieurs que de snowboarders. Dans les événements internationaux, il me semble que le rapport est inversé, mais c’est difficile à dire… Nous sommes aussi plus ou moins à égalité en termes de représentation hommes-femmes. Quant à l’âge, cela va de 15 et 50 ans, avec une moyenne qui se situe entre 20 et 30 ans. - Vos membres sont-ils protestants, catholiques, ou y a-t-il un peu des deux ? - Nous sommes quasiment tous protestants. Nous avons un ou deux catholiques qui se joignent parfois à nous et c'est cool. Personnellement, je fréquente l’Église de Westlake, à Lausanne, avec la co-fondatrice Mélanie Cretegny. - Quelle était votre motivation ? - J'ai toujours voulu rencontrer d'autres chrétiens qui partagent la même passion que moi. Je me suis dit que dans un pays comme la Suisse, où plein de gens skient, on répondrait à une demande. Au départ, on voulait simplement créer un réseau, une communauté pour s'encourager les uns les autres et passer de bons moments ensemble sur les pentes. Mais on avait aussi dans l’idée de partager l’amour de Jésus avec les autres. Donc on avait clairement un objectif d’évangélisation. - Concrètement, l’évangélisation sur les pistes, cela ressemble à quoi ? - On n’a pas encore fait beaucoup de choses, et ce sont de petites choses, comme engager une conversation sur un télésiège, ou organiser des apéros fart ouverts à tous. On a aussi fabriqué des pancartes avec des questions qui interpellent, pour permettre d’ouvrir la discussion. Avec l’association européenne, on a proposé un apéro sur un parking en Autriche, avec des gâteaux et du vin chaud. Là-bas, j'avais vu des skieurs chrétiens distribuer des biscuits et chanter des cantiques sur ce même parking, et j’avais trouvé que c’était sympa. Certaines personnes avaient été touchées. Je serais heureux de voir ce genre de scènes dans notre région. - Vos membres sont exclusivement chrétiens ? - Oui. Je ne pense pas qu'il y ait spontanément beaucoup d'intérêt pour notre association chez les non-chrétiens, ce n’est pas très attractif pour eux a priori. Mais j’espère que dans le futur, notre communauté sera une opportunité pour eux d'en apprendre plus sur la religion. - Sur son site, l’association dont vous vous êtes inspirés dit que le monde du ski est un peu noir. Qu'est-ce qu'il faut entendre par là ? - Il y a des clichés sur le snowpark et l’après-ski, où les gens consommeraient des drogues et de l’alcool. C’est vrai que cela peut vite devenir très sombre. Il y a aussi une prévalence assez importante de dépression chez les athlètes, pas seulement au haut niveau, mais aussi chez les saisonniers. Je travaille comme saisonnier et c’est clairement quelque chose que je remarque. - Qu’est-ce que la foi peut apporter au skieur ? - On se sent moins seul et on ressent une certaine paix, malgré les défis ou les blessures. On a une plus grande motivation à skier avec gratitude. À mon avis, la foi peut tout particulièrement aider les sportifs de haut niveau, à cause de toute la pression à gérer. - Vous connaissez des sportifs de haut niveau qui ont la foi ? - En Suisse, il y a le snowboarder freestyle Frederik Kalbermatten, qui a participé à l'épreuve masculine de demi-lune aux Jeux olympiques d'hiver de 2006. Je sais qu’il a été actif dans l’association internationale des snowboardeurs et skieurs pour Christ. D’une manière générale, il y a de plus en plus d'aumôniers présents dans les grands évènements sportifs. Dans le football, je connais le défenseur Badile Lubamba, premier joueur d’origine africaine sélectionné en équipe de Suisse. En France, il y a Olivier Giroud. J’ai aussi entendu parler d’une association, Athletes in action, avec laquelle je vais collaborer bientôt. C’est une organisation sportive chrétienne internationale qui accompagne les sportifs dans les questions liées à la vie et à la foi. Elle est soutenue par Sandrine Rey, hockeyeuse suisse qui a participé au tournoi féminin des Jeux olympiques d'hiver de 2006. - Vous suivez les Jeux Olympiques de Milano-Cortina ? - Oui. Je suivrai le match de hockey de la Suisse contre le Canada vendredi, et les épreuves de slalom géant des hommes et des dames ce week-end. Je pense que ce ne sera pas facile contre le Canada, mais la Suisse joue bien. Et Malorie Blanc a fait un bon résultat récemment, elle pourrait nous impressionner. - À votre avis, combien de médailles la Suisse va-t-elle ramener ? - Allez, soyons optimistes : une vingtaine !","En marge des Jeux olympiques d’hiver de Milano-Cortina, des skieurs chrétiens se mobilisent pour témoigner de la puissance salvatrice de Dieu sur les pistes. Ils espèrent une victoire de la Suisse en hockey sur glace et en slalom géant. Interview.",Les chrétiens font du ski | Réformés.ch,,[],,,https://www.reformes.ch/societe/2026/02/les-chretiens-font-du-ski-chretiens-jeux-olympiques-ski-snowboard,Protestinfo,,,2026-02-22 14:47:47,protestinfo,protestinfo_260095309327,nan,nan,['nan'],['nan'],,7,1,1008,1016
"Oser prier, oser demander | Réformés.ch","Quand j’étais stagiaire, un ami pasteur m’a expliqué comment Dieu répond à nos prières. Depuis ce jour-là, j’ai changé un peu ma façon de prier. « Quand tu pries », me disait cet ami, « c’est soit pour remercier Dieu, soit pour lui demander quelque chose ». Car les prières dites « de louanges » ne sont pas des prières au sens littéral, du latin « precari » qui signifie « demander avec insistance ». Les louanges, elles, témoignent surtout de notre foi et de notre admiration. Parfois, une prière ne sert qu’à dire « je t’aime » au Seigneur, ce qui est loin d’être anodin ; c’est important de le dire, dans toute relation. Mais ces mots, « je t’aime » ou « soit loué Seigneur » ne constituent pas des requêtes. Dans une prière, il y a quelque chose que l’on aimerait voir se réaliser. Ne dit-on pas : « Je vous prie de m’excuser » ou « je vous prie de vous asseoir »? Le Notre Père est un bon exemple. Si l’on fait abstraction de l’invocation initiale qui ressemble à une confession de foi, et de la doxologie finale qui ressemble bien à une formule de louange, tout le reste de cette prière est composé de sept demandes. Sept fois nous suggérons à Dieu d’intervenir dans nos vies et dans le monde. Spontanées Lorsqu’elles sont spontanées, les prières reflètent le caractère de celui qui prie et son contexte de vie. Parfois, elles trahissent aussi de petits travers humains, car une prière peut sembler égoïste, exigeante , saugrenue ou même comminatoire. Nos prières, si elles n’expriment pas notre reconnaissance, sont donc essentiellement des requêtes que nous lui adressons. Et selon ce pasteur que j’écoutais religieusement, Dieu répond toujours à nos prières. Mais il peut nous répondre de trois manières différentes. Voilà ce que mon ami disait avoir découvert, au fil des années, dans sa relation intime avec Dieu. Premièrement, à chacune de nos prières, le Seigneur peut choisir de répondre favorablement. Notre prière est alors immédiatement exaucée, d’autant plus facilement que rien n’est impossible pour lui. Et voilà qu’à l’instar des bergers sortant de l’étable, nous gambadons joyeusement en chantant ses louanges. Il ne nous reste plus alors qu’à nous remettre à genoux pour dire « merci » ! Attente Mais en recevant notre prière, le Seigneur peut aussi dire : « Je comprends ta prière, car je connais tes besoins. Mais le moment n’est pas encore venu. Je t’accorderai ce que tu me demandes, mais plus tard. » Or, pour notre Seigneur, l’éternité est comme une seconde! C’est ainsi que, personnellement, je reste dans l’attente du moment idéal pour que certaines de mes prières soient exaucées. Et dans certains cas, l’attente est longue… alors j’adresse de temps en temps un petit rappel à Dieu, pour qu’il ne m’oublie pas. Enfin, troisième attitude, il arrive que Dieu juge mes prières déplacées. Il répond à ma prière en disant : « Tu n’as pas besoin de ce que tu me demandes. Mais à la place, je vais t’accorder autre chose, une grâce que tu ne m’as pas (encore) demandée. » Force est de constater que le Seigneur a toujours raison. Il m’a fallu parfois des années pour m’apercevoir que si ma prière avait été exaucée, ma vie en aurait été durablement affectée. Alors qu’un autre bienfait, choisi et accordé par Dieu, avait été plus que bénéfique pour moi. C’est pourquoi j’ai pris l’habitude de terminer toutes mes prières par ces mots : « Seigneur, entends ma prière, mais que ta volonté soit faite ! » Ainsi, au cas où ma prière serait inadéquate, je sais que lui au moins ne se trompera pas. Jésus nous encourage à prier : « Demandez, et vous recevrez, afin que votre joie soit parfaite », Jean 16:24. Mais avec ou sans prières, le Seigneur prend soin de ceux qui croient : « Cherchez d’abord le règne de Dieu, cherchez à faire sa volonté, et Dieu vous accordera aussi tout le reste », Matthieu 6:33. Qu’il entende nos prières!","Comment Dieu nous répond-il ? Voici les trois réponses qu’Il choisit de nous adresser, en fonction de nos prières.","Oser prier, oser demander | Réformés.ch",,[],,,https://www.reformes.ch/eglises/2026/02/oser-prier-oser-demander-reformes-fevrier-2026-priere,Protestinfo,,,2026-02-22 14:47:48,protestinfo,protestinfo_379694983637,nan,nan,['nan'],['nan'],,6,1,676,683
Une bonne louche de solidarité | Réformés.ch,"« La soupe de carême est une manière de manger simplement. Un repas frugal, proche du jeune. Le principe est ensuite de donner le prix du repas comme don. Ce qui n’a pas été dépensé pour manger, on le donne à une collecte ou une oeuvre caritative. » La classique « La soupe aux pois revient souvent. Elle tient au ventre et on peut en faire de grande quantité. Certaines ajoutent du pain et du fromage pour rendre le repas plus festif. En dessert, on a parfois le droit à une pomme, mais ce n’est pas le cas partout. » La végétarienne « La soupe aux orties est une super-alternative pour ceux qui ne mangent pas de viande. Il suffit de cueillir deux gros bouquets de jeunes pousses d’orties et de les laver. Dans une casserole, faire revenir 2 grosses pommes de terre farineuses, coupées en 4 dans un peu d’huile ou de beurre à cuir. Ajouter les orties, 1,5 litre d’eau avec du bouillon. Une fois les orties et les pommes de terre cuites, passer au mixer, rajouter du lait pour rendre la soupe onctueuse. » Le coup de coeur « La soupe de noces d’Engadin préparée par Suzy Spring à Chavornay est un vrai délice. En adaptant les quantités, on peut faire une soupe pour quatre personnes comme pour trente. Je vous la conseille vraiment et recette ci-dessous » La recette de Suzy Spring 1 échalote, finement hachée 100 g de carottes coupées en petits dés 50 g de céleri coupé en petits dés Du beurre pour faire suer 50 g d’orge perlé 30 g de viande des Grisons, coupée en petits dés 20 g de jambon cru, coupé en petits dés 1 l de bouillon chaud 20 g de farine ½ dl de crème 2-3 cs de persil ciselé Un peu de sel et poivre Le conseil de Suzy : mettre un peu plus de légumes. Pour 30 personnes, compter 9 litres de bouillon, deuxième service compris. Préparation : faire suer l’échalote dans le beurre avec les carottes et le céleri. Ajouter l’orge, étuver. Ajouter la viande et le jambon, étuver. Mouiller avec le bouillon chaud, porter à ébullition. Incorporer la farine délayée dans un peu d’eau. Porter à ébullition, mijoter 25 à 50 min selon les goûts. Ajouter la crème et le persil. Saler et poivrer. Campagne oecuménique du carême Retrouvez toutes les dates des soupes dans la Région Joux-Orbe dans l’agenda de vos paroisses. Cette année, la campagne oecuménique du carême se déroulera du 18 février au 5 avril. Les personnes qui organisent ou participent à une soupe de carême dans une paroisse sont invités à soutenir les projets de l’EPER, Action de carême et Etre partenaires dans les pays du Sud. Plus d’infos sur : www.materiel.voir-et-agir.ch/info-campagne .","Pendant le carême, les soupes sont un rendez-vous incontournable dans de nombreuses paroisses. Petit guide pratique avec de délicieuses recettes à tester et à déguster en famille ou entre amis.",Une bonne louche de solidarité | Réformés.ch,,[],,,https://www.reformes.ch/eglises/2026/02/une-bonne-louche-de-solidarite-reformes-fevrier-2026-alimentation-careme-campagne,Protestinfo,,,2026-02-22 14:47:48,protestinfo,protestinfo_478955853959,nan,nan,['nan'],['nan'],,7,1,463,471
« La tech actuelle instaure un modèle de société élitiste » | Réformés.ch,"Meta supprime ses politiques de diversité et d’inclusion pour plaire à l’administration Trump, Elon Musk réalise un geste s’apparentant à un salut nazi… La tech américaine est-elle en plein virage réactionnaire? OLIVIER TESQUET Non seulement ces entreprises sont revenues sur la défense de grands principes, des droits humains, de l’égalité, mais elles ont mis en scène leur revirement. Dans l’Amérique trumpienne, il n’y a plus aucun gain politique à se positionner comme défenseur de ces valeurs. Et dans le mode de pensée technofasciste qui imprègne la Silicon Valley aujourd’hui, l’égalitarisme, la pluralité, la diversité sont problématiques. Tout est fait pour saper cette culture et ces idées, pourtant au fondement des démocraties occidentales « Technofascisme », le mot est fort! Comment comprendre ce courant de pensée? Où en décelez-vous des traces? Le technofascisme est à la fois une architecture du pouvoir et un mode de circulation de la pensée. On en trouve des traces dans le projet 2025 de la Heritage Foundation (lobby ultraconservateur très influent, NDLR), qui sert de feuille de route à Donald Trump depuis son arrivée au pouvoir. Ou la citation d’Elon La culture numérique a ses géants – Google, Facebook, Amazon – et ses effigies, patrons tout-puissants, capital-risqueurs renommés qui ne cachent plus leur attirance pour un pouvoir autoritaire. Analyse. Musk qui assurait qu’« élire Trump serait la dernière élection ». On a toujours compris les libertariens comme des défenseurs du marché et des libertés individuelles. On n’a pas vu venir leur virage autoritaire, paléolibertarien : ils défendent toujours la régulation spontanée du marché, le néolibéralisme extrême. Mais ils prônent désormais aussi une organisation de la société verticale, hiérarchique, suprémaciste et une forme de sécessionnisme. La vision technofasciste est celle d’États-entreprises où toutes les relations sont régies par des contrats, entre des individus semblables. En creux, c’est aussi une homogénéisation de la société qui est visée. Chez les élites de la tech, une foi inextinguible dans la technologie, le futur, la modernité et une méfiance, voire une détestation, de la modernité politique cohabitent. Or, combattre la modernité politique avec les outils de la modernité technologique… est un invariant des fascismes historiques. Votre ouvrage fait l’archéologie des pensées qui ont irrigué la Silicon Valley. Le progressisme y fait plutôt figure de parenthèse… Il y a toujours eu un substrat eugéniste dans la Silicon Valley. Cet ADN y infuse depuis des années, qu’il s’agisse du fondateur de la fameuse Université Stanford ou de William Shockley (1910- 1989), l’un des pères fondateurs de la région. Comme le formule Ted Turner, chercheur à Stanford: « Ces gens construisent une utopie, mais une utopie pour eux-mêmes! » La tech actuelle instaure un modèle de société élitiste. Un des tournants a été la déclaration de Peter Thiel (milliardaire, cofondateur de Paypal, capital-risqueur, membre du conseil d’administration de Meta) en 2009, selon laquelle démocratie et liberté ne seraient « plus compatibles ». Cela installe l’idée que la démocratie n’est qu’une vieille machine bonne à être remplacée. Cette pensée rejette l’Europe et ses valeurs (Elon Musk a demandé la dissolution de l’Union européenne après que sa société a subi une amende de la Commission européenne). Mais vous montrez qu’elle est pour partie… européenne. L’origine de tout cela est à retrouver chez les « anti-Lumières », Edmund Burke (1729-1797), Joseph de Maistre (1753-1821) ou Thomas Carlyle (1795- 1881), voire Nietzsche: c’est une pensée contre-révolutionnaire européenne forgée dans l’ombre de la Révolution française. On y retrouve par exemple l’idée que l’Histoire est faite par de grands hommes à la destinée manifeste… Un déterminisme biologique pour certains, des inégalités pour d’autres, qu’il ne faudrait surtout pas corriger. Voilà pourquoi tout ce petit monde préfère le droit « naturel » au droit positif. Tout cela ne pourrait être que «visions», à l’image du manifeste techno-optimiste publié en 2023 par Marc Andreessen, entrepreneur, investisseur, ancien démocrate devenu soutien de Trump. Mais pour la première fois, ces élites, outre le fait d’avoir le président de la première puissance mondiale à leurs côtés, disposent de moyens technologiques inédits… Oui. Je pense par exemple à Palantir, cette société technologique américaine spécialisée dans la surveillance, aujourd’hui le bras armé de l’État américain dans sa politique punitive en matière d’immigration, utilisée par l’ICE, cette milice qui traque les migrants illégaux, ou par le DOGE d’Elon Musk, chargé de purger l’État social. L’IA, en associant grandes quantités de données et puissance de calcul inouïe, entraîne aussi une concentration énorme de pouvoirs dans les mains des grands acteurs de la tech. Ses besoins colossaux en énergie, en infrastructures et en ressources provoquent des stratégies de privatisation extrêmement violentes, sans que la notion de redistribution existe. Ces outils s’installent dans la durée et dans nos vies à une vitesse folle et sans concertation. On a du mal à mesurer l’ampleur de la dépossession – cognitive, mais aussi sociale, économique, politique – en jeu. Vous pointez un paradoxe: les milliardaires de la Silicon Valley passent leur temps à vanter le futur et l’innovation… mais sont obsédés par la fin de l’humanité. Si Peter Thiel nous bassine avec l’Apocalypse… c’est qu’il est terrifié par sa propre mort! Cette obsession raconte quelque chose de l’hubris et de l’ego de ces nouvelles élites. Par ailleurs, en comparant leurs discours – la tech va résoudre tous les problèmes de l’humanité – et leurs actions – la construction de bunkers et de refuges ultrasécurisés en vue d’un potentiel effondrement–, on voit bien qu’ils trahissent leur aversion pour la condition humaine. Comment comprendre alors que ces élites bénéficient toujours d’un soutien populaire (l’électorat évangélique et blanc de Trump ne s’érode pas) et continuent à peser sur les cours de bourse, à inspirer, etc. Est-ce la force des discours méritocratiques? Combien de temps l’alliance du capital-risque technologique et de la droite religieuse aux États-Unis – d’un côté, la transcendance promise par Dieu, de l’autre, celle promise par la machine – peut-elle tenir ? C’est la grande question. Si la cérémonie en hommage à Charlie Kirk ( blogueur d’ultradroite assassiné en octobre 2025 , NDLR) a fait office de rassemblement, des tensions et des contradictions surgissent. Mais au f il des ans, le centre de gravité de la Silicon Valley s’est aussi déplacé vers le sud baptiste et extraactiviste. L’idée que la richesse vient de Dieu et que les gens riches sont aimés de Dieu a progressé et explique que ces deux pôles tiennent momentanément ensemble. N’y a-t-il pas aussi un vrai échec des élites de gauche à prendre en charge des questions fondamentales (éducation, inégalités, politique de la santé…)? Selon Peter Thiel, le diagnostic va plus loin: c’est le modèle libéral dans son ensemble qui a failli, la « mondialisation heureuse » n’a pas fonctionné, il faut donc réorienter l’État et la société autour d’un projet illibéral, comme l’a théorisé Viktor Orbàn en Hongrie. D’ailleurs, beaucoup d’intellectuels américains se sont établis à Budapest, le lieu où s’imagine cet « après ». Le Covid, avec toutes les questions – légitimes – qu’il a posées sur le rôle de l’État, a été vécu comme une intrusion insupportable dans le cours des affaires chez quelqu’un comme Elon Musk et a accéléré sa radicalisation. Des oppositions à cette vision existent pourtant, mais peinent à émerger… Je crois que l’on traverse un moment profondément « schmittien », du nom du juriste et théoricien Carl Schmitt (1888- 1985). Chez lui, la politique est le lieu de la conflictualité, de la distinction entre l’ami et l’ennemi, et de la décision souveraine. On le voit dans la guérilla menée par Trump contre les institutions, sa volonté d’un exécutif fort. Sur ce socle, les oppositions se sont formalisées en « no kings days » très festifs. On a vu des gens venir en famille alors qu’ils ont été diabolisés, des symboles de la tech ont aussi été visés (des concessionnaires Tesla par exemple, les taxis Waymo également à Los Angeles), car identifiés comme parties prenantes de cette architecture autoritaire du pouvoir. Une des manières de résister est de ne pas accepter la vision du monde de ces élites, leur catastrophisme réactionnaire qui contamine tout… Dans quelle mesure le parti démocrate américain peut-il d’ailleurs prêter le flanc à des recompositions réactionnaires ? C’est un enjeu à surveiller. L’Europe est-elle concernée? Nous ne sommes pas totalement prisonniers de ces dynamiques, et protégés par un mode de financement de la vie politique très différent de la financiarisation américaine. Mais nous ne sommes pas immunisés. Certains éléments de langage circulent, sont repris, s’installent avec l’appui d’un certain écosystème médiatique en France et ils produisent du réel. A lire Apocalypse Nerds, comment les technofascistes ont pris le pouvoir. Divergences, 2025.","La culture numérique a ses géants – Google, Facebook, Amazon – et ses effigies, patrons tout-puissants, capital-risqueurs renommés qui ne cachent plus leur attirance pour un pouvoir autoritaire. Analyse.",« La tech actuelle instaure un modèle de société élitiste » | Réformés.ch,,[],,,https://www.reformes.ch/societe/2026/02/la-tech-actuelle-instaure-un-modele-de-societe-elitiste-reformes-fevrier-2026,Protestinfo,,,2026-02-22 14:47:47,protestinfo,protestinfo_702570753408,nan,nan,['nan'],['nan'],,13,1,1430,1444
Le Canada supprime les postes chargés de la lutte contre l’islamophobie et l’antisémitisme | Réformés.ch,"La Chronique RTSreligion de Grégory Roth, mercredi 11 février 2026.","Le gouvernement de l'actuel premier ministre Mark Carney a d'une part supprimé le poste de lutte contre l’islamophobie, tandis que d'autre part la diplomate canadienne au poste de lutte contre l’antisémitisme a soudainement pris sa retraite quelques mois avant la fin de son mandat.",Le Canada supprime les postes chargés de la lutte contre l’islamophobie et l’antisémitisme | Réformés.ch,,[],,,https://www.reformes.ch/chroniques/2026/02/le-canada-supprime-les-postes-charges-de-la-lutte-contre-lislamophobie-et-la,Protestinfo,,,2026-02-22 14:47:47,protestinfo,protestinfo_710143780275,nan,nan,['nan'],['nan'],,15,1,10,26
La Turquie annule deux concerts de metal rock jugés sataniques | Réformés.ch,"La Chronique RTSreligion de Grégory Roth, jeudi 12 février 2026.","Le gouvernorat d'un quartier populaire d'Istanbul a annoncé l'annulation des concerts que devaient donner le groupe de death metal russe Slaughter to Prevail et le groupe de black metal polonais Behemoth, ceci pour incompatibilité avec les valeurs sociétales.",La Turquie annule deux concerts de metal rock jugés sataniques | Réformés.ch,,[],,,https://www.reformes.ch/chroniques/2026/02/la-turquie-annule-deux-concerts-de-metal-rock-juges-sataniques-la-chronique,Protestinfo,,,2026-02-22 14:47:47,protestinfo,protestinfo_718368840123,nan,nan,['nan'],['nan'],,12,1,10,23
Les entreprises suisses à la conquête du marché irakien | RTS,"Au moins 25 sociétés suisses opèrent sur le marché irakien. Il s’agit principalement de multinationales ou de grandes sociétés opérant dans les secteurs pharmaceutiques, des infrastructures électriques, de l’agroalimentaire et des biens de consommation. Cette dynamique s’est accélérée depuis la réouverture de l’ambassade suisse à Bagdad, il y a un an, après 33 ans d’absence. Depuis sa nomination, l’ambassadeur Daniel Hunn s’attèle à renforcer les relations économiques entre les deux pays. ""Le pays est devenu beaucoup plus stable qu’il ne l’était par le passé. L’initiative de diversification économique est une excellente opportunité pour les entreprises suisses désireuses de s’implanter sur le marché"", explique-t-il jeudi dans La Matinale. Le made in Switzerland séduit les Irakiens Les besoins en investissements en Irak se chiffrent à près de 450 milliards de dollars. Un potentiel que Rasha Oudeh, femme d’affaires chevronnée d’origine jordanienne installée à Zurich, entend bien exploiter. Active depuis 18 ans dans le secteur pharmaceutique irakien, elle vient de fonder la Swiss Iraqi Business Association, une plateforme destinée à faciliter les échanges entre entreprises suisses et irakiennes. ""Créer des connexions entre l’Irak et la Suisse, pas uniquement avec les grands groupes, mais aussi avec les PME, est essentiel"", souligne-t-elle. ""L’Irak dispose chaque année d’environ 150 milliards de revenus pétroliers. Les ressources sont là, mais le pays a besoin de partenaires pour se reconstruire et moderniser son secteur privé"", ajoute-t-elle. Selon elle, la Suisse bénéficie d’une image forte auprès des Irakiens: ""Pour eux, la Suisse, c’est la qualité, l’égalité, la tranquillité. Ils respectent tout ce qui vient de Suisse."" Appel aux banques suisses pour moderniser l’Irak Mohammed al Najar, PDG du Fonds irakien pour le développement et conseiller du Premier ministre en matière d’investissements, insiste sur l’importance de la qualité et du transfert de compétences dans les partenariats économiques. Selon lui, la législation irakienne privilégie les offres qui apportent les meilleures conditions au pays — et non simplement les prix les plus bas. ""Par exemple: formation, transfert de savoir-faire, les garanties, tout cela… et les Suisses sont les meilleurs dans ce domaine"", affirme-t-il. Il souhaite également renforcer la coopération bancaire: ""Je vais parler à plusieurs banquiers pour essayer de convaincre les banques suisses de venir ici afin qu’elles nous aident à faire un système bancaire irakien basé sur le savoir-faire suisse"". Un marché prometteur, mais fragile. Malgré la stabilité relative de l’Irak, l’ambassadeur suisse Daniel Hunn souligne que les tensions régionales, comme le conflit entre Israël et l’Iran, freinent la volonté des entreprises étrangères de s’implanter dans le pays. ""Cette instabilité dans la région est très mauvaise pour un pays qui est en train justement de se développer économiquement et de construire un cadre économique qui est intéressant pour les investisseurs étrangers"", explique-t-il. A ces incertitudes géopolitiques s’ajoutent les ingérences extérieures, l’instabilité politique, la corruption ainsi que de difficiles réformes institutionnelles. Autant de freins à la confiance des investisseurs, pourtant cruciale pour la reconstruction de l’Irak.","Après des décennies de guerre, l’Irak attire à nouveau les investisseurs étrangers, 64 milliards de dollars ont été injectés en moins de deux ans. Ce regain d’intérêt s’inscrit dans une stratégie de diversification économique, alors que le pays reste dépendant à 95% de ses revenus pétroliers. Un an après l’ouverture de l’ambassade suisse à Bagdad, les entreprises helvétiques commencent à explorer les opportunités du marché irakien.",Les entreprises suisses à la conquête du marché irakien,,"['ambassade', 'banque', 'Economie', 'entreprise', 'Économie', 'économie', 'Économie et finances', 'étranger', 'guerre', 'investissement', 'Investissements', 'Irak', 'Macro-économie', 'Monde', 'Suisse']",Info,fr,https://www.rts.ch/info/economie/2025/article/entreprises-suisses-en-irak-opportunites-et-defis-d-un-marche-prometteur-28980688.html,Radio Télévision Suisse,2025-08-28 09:23:01,,2026-02-22 14:45:18,rts,rts_28980688,"Après des décennies de guerre, l’Irak attire à nouveau les investisseurs étrangers, 64 milliards de dollars ont été injectés en moins de deux ans. Ce regain d’intérêt s’inscrit dans une stratégie de diversification économique, alors que le pays reste dépendant à 95% de ses revenus pétroliers. Un an après l’ouverture de l’ambassade suisse à Bagdad, les entreprises helvétiques commencent à explorer les opportunités du marché irakien.",Economie: Les entreprises suisses à la conquête du marché irakien,['Sujet radio: Anne Sophie Le Mauff'],['Adaptation web: Miroslav Mares'],,11,66,483,560
"Les Etats-Unis ""veulent détruire l'Union européenne"" | RTS","Nicole Gnesotto*, historienne, spécialiste des questions européennes et de sécurité et vice-présidente de l'Institut Jacques Delors revient dans Géopolitis sur ce récent bras de fer, les importantes dissensions entre la première puissance militaire mondiale et les autres membres de l’Otan, mais aussi sur les atouts que l’Europe a en main pour s’émanciper. Extraits de l'entretien. Géopolitis: Les Etats-Unis sont-ils encore les alliés de l’Europe ? Nicole Gnesotto: Le problème d'un allié, c'est la confiance que vous mettez en lui. La difficulté aujourd'hui, c'est qu'une bonne partie des Européens continuent de penser qu'ils ne peuvent pas se défendre seuls contre la Russie; qu'il y a une menace russe et que donc il faut avaler toutes les couleuvres parce qu’en cas d'attaque russe, seule l'Amérique peut les défendre. Une autre partie des Européens sont de plus en plus sceptiques vis-à-vis de ce scénario. Si la Russie attaque, est-ce que l'Amérique va nous défendre? Rien n'est moins sûr, puisque Trump dit lui-même que Poutine est un type formidable et que ce sont les Ukrainiens qui ne veulent pas la paix. Donc, raison de plus pour les Européens d'essayer de construire les éléments de leur propre autonomie de défense. On a aujourd'hui cette division en Europe qui fait que, pour l'instant, tout le monde fait semblant de croire que l'Otan est indispensable. Une bonne partie, en revanche, se pose la question de savoir non pas si l'Otan est indispensable, mais si l'Amérique les défendra contre la Russie. Mais il y a une vraie dépendance de l’Europe envers les Etats-Unis. Pour veiller à sa souveraineté, ne faudrait-il par exemple plus acheter d’armes américaines car le système informatique est lié aux Etats-Unis ? Oui, c'est vrai. Maintenant tout le monde a découvert que les Américains avaient la main sur les F35 ! Mais les Européens ont des armes ou en tous les cas des arguments à faire valoir pour avoir l'autonomie: ils pourraient menacer de ne plus jamais acheter d'armes américaines. Or, l'industrie américaine d'armement dépend à plus de 50 % de ses ventes en Europe, c'est un argument de poids. Deuxièmement, ils pourraient se décider de remplacer ces F35 par des Rafale [avion de combat français]. On n'est pas sans cartes pour répondre au chantage américain. Mais l'Europe n'est pas prête ? Psychologiquement, vous avez raison. Mais techniquement, politiquement, économiquement, on a tout ce qu'il faut pour empêcher ce chantage américain. Nous pensons que seule l’Amérique peut nous sauver… Nous le pensons encore, mais ça ne va pas durer je pense. Les Etats-Unis n'ont jamais vu d'un bon œil l'Union européenne. Mais aujourd’hui leur objectif est-il clairement son implosion ? Tout à fait. C'est écrit en toutes lettres pratiquement dans la Stratégie nationale de sécurité, publiée en décembre par les Etats-Unis, et qui est donc un texte officiel de la stratégie américaine. Ils veulent détruire l'Union. Parce qu'à la différence des Européens qui n'ont pas confiance en eux-mêmes, les Américains savent très bien que l'Union européenne est le seul cadre possible pour éventuellement créer une puissance européenne. C'est le seul cadre possible pour transformer 27 pays en une puissance politique importante. Et ça, ils n'en veulent pas. Ce qu'ils veulent, c'est négocier bilatéralement avec 27 ""petits pays"", c'est casser la structure institutionnelle de l'Union européenne. C'est pour ça que Trump dit: ""Moi j'adore les Européens, mais je déteste l'Union européenne."" Quels sont les moyens de réponse de l'Europe ? On a aujourd’hui, en Europe comme aux Etats-Unis, un sentiment de défiance assez grand vis-à-vis de la démocratie traditionnelle de la part de nos classes moyennes qui ne s'enrichissent plus, ou pour lesquelles l'ascenseur social est bloqué. Il faut faire à nouveau aimer la démocratie par nos populations, leur montrer que c'est la seule façon de s'en sortir. *Auteure de Fractures dans l'Occident paru aux éditions Odile Jacob 2025","La volonté de Donald Trump d’acquérir le Groenland - assortie de chantage et de menaces - semble avoir été la goutte qui a fait déborder le vase: l’Europe s’est montrée plus ferme envers les Etats-Unis et déterminée à défendre la souveraineté de l’île arctique, territoire autonome et juridiquement rattaché au Royaume du Danemark.","Les Etats-Unis ""veulent détruire l'Union européenne""",,"['arme', 'Donald Trump', 'Europe', 'États-Unis', 'menace', 'Monde', 'Politique', 'Relations internationales', 'souveraineté', 'UE']",Info,fr,https://www.rts.ch/info/monde/2026/article/tensions-usa-ue-l-europe-peut-elle-s-emanciper-de-la-tutelle-americaine-29134266.html,Radio Télévision Suisse,2026-01-31 07:33:03,,2026-02-22 14:45:19,rts,rts_29134266,"La volonté de Donald Trump d’acquérir le Groenland - assortie de chantage et de menaces - semble avoir été la goutte qui a fait déborder le vase: l’Europe s’est montrée plus ferme envers les Etats-Unis et déterminée à défendre la souveraineté de l’île arctique, territoire autonome et juridiquement rattaché au Royaume du Danemark.","Monde: Les Etats-Unis ""veulent détruire l'Union européenne""",['Propos recueillis par Laurent Huguenin-Elie'],['Adaptation web: Natalie Bougeard'],,8,53,633,694
"A Niscemi, en Sicile, de multiples questions après un glissement de terrain impressionnant | RTS","La ville de Niscemi se trouve désormais au sens littéral au bord du gouffre. Après de fortes pluies, un tronçon de falaise d'environ quatre kilomètres de long s'est effondré à la périphérie de la ville. Plusieurs maisons, routes et véhicules ont été emportés, sans toutefois faire de blessés, et des dizaines d'autres se trouvent dangereusement perchés au bord du précipice. Par crainte d'un nouvel effondrement, une ""zone rouge"", interdite à tout passage et longue de près de 150 mètres, a ensuite été mise en place, entraînant l'évacuation de plus de 1500 habitants. Pourquoi le danger n'a-t-il pas été détecté? A Niscemi et dans toute l'Italie, l'heure est aujourd'hui au questionnement. Pourquoi le danger n'a-t-il pas été détecté plus tôt? Car la terre a déjà glissé près de la localité: il y a près de trente ans, en 1997, des maisons se sont effondrées lors d'un glissement de terrain au même endroit. Mais aucune mesure particulière n'a été prise. On a continué à vivre et à construire sur une colline composée de sable et d'argile friable. Un permis de construire régulier Une riveraine qui a dû quitter sa maison précipitamment a déclaré à la télévision italienne RAI qu'elle n'était au courant de rien. Sa maison dispose en effet d'un permis de construire régulier. ""Je ne l'aurais jamais construite là-bas si j'avais su le danger qui nous guettait."" La justice italienne veut maintenant déterminer qui a failli et quelles sont les négligences. Le parquet a ouvert une procédure contre X. La protection civile affirme que le terrain près de la ligne de rupture continue de bouger fortement. Le gouffre pourrait engloutir d'autres parties de la petite ville. C'est pourquoi il faut s'attendre à des évacuations supplémentaires. Jeudi, la Première ministre Giorgia Meloni s'est rendue à Niscemi pour se faire une idée. On se procurera les informations nécessaires, puis les moyens financiers nécessaires suivront, communiquent les autorités. Mais c'est justement sur ce point qu'il y a des craintes. Car après le glissement de terrain de 1997, des centaines de victimes ont dû attendre des décennies pour obtenir une indemnisation. Des zones de danger non répertoriées En Italie, il manque encore un répertoire exhaustif des zones de dangers. Les dégâts de Niscemi ne sont pas les seuls. Les fortes pluies de ces dernières semaines ont laissé une traînée de dévastation dans tout le pays, mais surtout dans le sud de l'Italie. La mer déchaînée a emporté des maisons entières, des routes, des lignes ferroviaires. Depuis les airs, on voit de profondes fissures qui traversent le paysage. L'Italie, en grande partie accidentée, est un pays fragile, explique le géologue Rodolfo Carosi: ""C'est un fait connu, mais il manque encore un répertoire exhaustif des zones de danger."" Actuellement, seule la moitié du territoire italien figure sur la carte des dangers géologiques. Pour la prévention et pour réparer les dégâts à Niscemi et ailleurs, il faudrait des milliards. L'opposition de gauche mais aussi le Parlement régional sicilien demandent de prélever l'argent du projet de pont devant relier la Sicile au continent. Le gouvernement italien veut en effet construire un gigantesque ouvrage suspendu de plus de trois kilomètres de long, mais le projet est bloqué en raison de divers problèmes. Beaucoup de Siciliens sont d'avis qu'avant de construire ce pont, il faut déjà sécuriser les maisons et les routes existantes.","Depuis une semaine, c'est la stupeur dans la petite ville sicilienne de Niscemi: après le grand glissement de terrain qui a balafré la région et emporté plusieurs routes et maisons, toute l'Italie se demande pourquoi personne n'a pu prévoir la catastrophe alors que le danger était connu.","A Niscemi, en Sicile, de multiples questions après un glissement de terrain impressionnant",,"['Catastrophe naturelle', 'danger', 'Désastres', 'Désastres et accidents', 'Dialogue', 'éboulement', 'Glissement de terrain', 'Italie', 'Monde', 'Niscemi', 'pont', 'Sicile']",Info,fr,https://www.rts.ch/info/monde/2026/article/glissement-de-terrain-en-sicile-niscemi-face-a-une-catastrophe-previsible-29134931.html,Radio Télévision Suisse,2026-01-31 14:23:21,,2026-02-22 14:45:18,rts,rts_29134931,"Depuis une semaine, c'est la stupeur dans la petite ville sicilienne de Niscemi: après le grand glissement de terrain qui a balafré la région et emporté plusieurs routes et maisons, toute l'Italie se demande pourquoi personne n'a pu prévoir la catastrophe alors que le danger était connu.","Monde: A Niscemi, en Sicile, de multiples questions après un glissement de terrain impressionnant",['Franco Battel (SRF) / ain'],[],,15,47,552,614
"Simone de Montmollin: ""Nous avons déjà un dispositif consistant et cohérent"" pour la lutte climatique | RTS","""Nous ne sommes pas ici dans un débat pour ou contre la protection du climat"", a lancé d'emblée la conseillère nationale Simone de Montmollin, qui a assuré ne pas être opposée à la lutte contre la crise climatique. La libérale-radicale juge toutefois la méthode de l'initiative pour y parvenir problématique. ""Des mesures sont nécessaires et importantes. Mais nous avons déjà un dispositif légal consistant et cohérent en Suisse, qui a réuni des majorités non seulement au Parlement, mais aussi massivement au sein de la population. C'est sur ce dispositif que nous entendons mener une politique climatique responsable"", a argumenté l'élue genevoise. L'initiative pour un fonds climat soumise en votation le 8 mars demande que la Suisse investisse chaque année entre 0,5% et 1% de son produit intérieur brut dans la transformation écologique du pays. Le montant annuel, compris entre 3,9 et 7,7 milliards de francs, servirait à financer des mesures de protection du climat et de la nature. >> Lire à propos de l'initiative : Un fonds climat pour financer les énergies renouvelables et la biodiversité en Suisse? Le texte, lancé par le Parti socialiste et les Vert-e-s, est rejeté par l'ensemble des autres formations représentées au Parlement. Le premier sondage SSR indique une avance du camp du non (60%). ""Aucune garantie"" d'aller plus vite Chaque année en Suisse, quelque 2 milliards de francs sont dédiés au climat. Pour les partisans de l'initiative, ce montant est insuffisant. Les initiantes et initiants pointent en outre les coupes dans les politiques climatiques de la Confédération, alors que d'importants investissements publics sont nécessaires selon eux pour promouvoir les énergies renouvelables. D'après Simone de Montmollin, l'idée d'un fonds climat n'est pas nouvelle. ""Elle figurait déjà dans le paquet de la révision de la loi sur le CO2 en 2021, qui avait été refusée par le peuple, car ce fonds était essentiellement alimenté par des taxes."" Avec ce nouveau texte, ""il n'y a aucune garantie"" que les objectifs climatiques soient atteints plus rapidement avec davantage de moyens, ajoute la Genevoise, qui estime que ""cela dépend aussi de projets efficaces et de mesures ciblées"". ""C'est ne pas tenir compte d'autres priorités et contraintes auxquelles la Suisse fait face, notamment en matière politique financière et budgétaire"", a-t-elle poursuivi. >> Lire aussi l'interview de Lisa Mazzone pour le camp du oui : Lisa Mazzone: ""Un fonds climat permettrait de créer des emplois et de la valeur ajoutée"" Crainte d'un endettement massif Un fonds climat tel que le prévoit l'initiative ""endetterait la Suisse pendant des décennies"", selon Simone de Montmollin, raison pour laquelle les opposantes et opposants contestent ""la rigidité et l'ampleur de la mesure"" ainsi que ""la dette massive qu'elle va faire porter sur les générations futures"". Pour la conseillère nationale, le système suisse et le principe du frein à l'endettement permettent ""une gestion durable et saine des finances"". ""C'est aussi ça, protéger le climat. Si les générations futures croulent sous les dettes, elles seront limitées pour pouvoir agir"", a-t-elle argumenté. Selon l'élue, il faut également prendre en compte le ""coût de la mauvaise action"". ""Des subventions inefficaces, une dette et un financement extrêmement rigide ne représentent pas une politique responsable [...] Je ne pense pas qu'en s'endettant massivement pour une dizaine d'années, nous allons apporter une plus-value pour la lutte en faveur du climat"", a-t-elle insisté. Et la Genevoise de répéter que la Suisse dispose d'""outils flexibles et dynamiques qui permettent précisément d'agir là où on peut avoir un impact"".","La population suisse se prononcera le 8 mars sur la création d'un fonds climat. Simone de Montmollin, conseillère nationale PLR genevoise, qui incarne le non bourgeois à cette initiative, a estimé mardi dans La Matinale que le système actuel était suffisant pour lutter contre le réchauffement climatique.","Simone de Montmollin: ""Nous avons déjà un dispositif consistant et cohérent"" pour la lutte climatique",,"['Changement climatique', 'climat', 'Environnement', 'initiative', 'Lisa Mazzone', 'Politique', 'population', 'Simone de Montmollin', 'Suisse']",Info,fr,https://www.rts.ch/info/suisse/2026/article/fonds-climat-simone-de-montmollin-defend-le-dispositif-actuel-contre-l-initiative-29138340.html,Radio Télévision Suisse,2026-02-10 09:09:55,,2026-02-22 14:45:19,rts,rts_29138340,"La population suisse se prononcera le 8 mars sur la création d'un fonds climat. Simone de Montmollin, conseillère nationale PLR genevoise, qui incarne le non bourgeois à cette initiative, a estimé mardi dans La Matinale que le système actuel était suffisant pour lutter contre le réchauffement climatique.","Suisse: Simone de Montmollin: ""Nous avons déjà un dispositif consistant et cohérent"" pour la lutte climatique",['Propos recueillis par Pietro Bugnon'],['Article web: iar'],,17,47,573,637
"Derrière la maltraitance de son bétail, un agriculteur neuchâtelois à bout de forces | RTS","Depuis un an, l'image de carte postale de la vallée de La Brévine est ternie par deux affaires de maltraitance animale d'une ampleur rare dans le pays. L'épisode le plus récent s'est produit il y a trois semaines: le 15 janvier, les autorités vétérinaires neuchâteloises ont découvert un troupeau d'une septantaine de vaches laissé à l'abandon. Cinq bêtes, dont quatre veaux, ont été retrouvées mortes et dix autres ont dû être euthanasiées. ""Un engrenage"" Pour tenter d'expliquer ce qui s'est passé, l'agriculteur en question a accepté de témoigner de manière anonyme afin de protéger sa femme et ses enfants. ""C'est un engrenage, c'est plein de choses qui s'accumulent, explique-t-il dimanche dans le 19h30. A un moment donné, il y a trop: il y a des raisons familiales, professionnelles… Il y a plein de raisons, en fait."" L'homme reconnaît avoir négligé son bétail: ""Il était tenu, mais à moitié, pas comme il faut. A moitié, ça ne suffit pas. Dans certains secteurs, on peut se permettre d'être à 50%, mais dans l'agriculture, c'est impossible. Même ne serait-ce que 90%, ça ne suffit pas. Je pense que j'étais en dessous, puis ça a bugué."" L'agriculteur précise que ses bêtes disposaient d'eau et de fourrage. ""C'est juste que… c'est comme quand quelqu'un ne fait pas son ménage. Au bout d'un moment, cela se voit. La vaisselle s'empile: ça va très vite, en quelques jours ça peut être la catastrophe."" Du lait qui met la puce à l'oreille Le bilan aurait pu être plus lourd, car aucun signal évident n'était encore parvenu aux autorités. C'est la qualité du lait qui a servi de déclencheur. ""La valeur laitière était mauvaise. Là, nous nous sommes dit qu'il se passait quelque chose, d'autant qu'elle s'est dégradée très rapidement"", raconte Pierre-François Gobat, le chef du Service de la consommation et des affaires vétérinaires du canton de Neuchâtel. ""A partir du moment où il était clair que nous devions aller sur place jusqu'à ce que nous y soyons, il s'est passé moins de deux jours. Je suis convaincu que nous avons sauvé la vie de plusieurs dizaines d'animaux."" Les autorités sanitaires et vétérinaires assurent donc avoir réagi plus vite que d'ordinaire, tirant les leçons du premier cas de maltraitance animale survenu l'année dernière dans la même vallée, qui avait entraîné la mort de près de vingt bêtes. Un second cas qui interroge Agriculteur et député UDC au Grand Conseil, Loïc Frey est consterné qu'une telle affaire ait pu se produire une seconde fois. ""Pour moi, les bêtes n'auraient pas dû mourir avec tous les contrôles et les pressions que nous subissons."" L'élu dit ne pas comprendre comment une telle situation a pu échapper à la surveillance des autorités. Pour le Canton de Neuchâtel, c'est également l'épisode de trop. Il a annoncé un renforcement des contrôles, en intégrant les services sociaux pour mieux détecter les situations à risque. Conseiller d'Etat responsable de l'agriculture, Laurent Favre indique que les autorités ont recensé une trentaine d'exploitations susceptibles de se trouver en condition de fragilité sociale. ""Nous allons vérifier en février et mars que la situation en termes de protection des animaux est bonne"", précise-t-il. Etre attentif aux signes de détresse L'Etat lance aussi un appel à la collectivité: les communes et toutes celles et ceux qui gravitent autour du monde agricole peuvent remonter les éventuels signaux précurseurs. Paysan de La Brévine et président de la Chambre neuchâteloise d'agriculture, Stéphane Rosselet acquiesce. ""Nous avons peut-être manqué un signal, admet-il. J'ai été averti par la commune. C'étaient de petits signaux, par exemple le tas de fumier qui débordait un peu. J'ai pris contact avec l'agriculteur, qui m'a dit qu'il allait remettre cela en ordre. Je pense que, dans ces cas de détresse, on fait semblant que tout va bien."" ""Un jour, je reprendrai des bêtes"" Désormais privé de bétail, le paysan en question va devoir faire face à la justice neuchâteloise, car l'affaire sera dénoncée au Ministère public. Cela étant, il veut se relever et fait l'objet d'un suivi. ""J'espère retrouver une vie normale, tout simplement"", déclare-t-il, avant de conclure: ""Une vie d'agriculteur, si possible avec des bêtes.""",Un agriculteur neuchâtelois mis en cause dans un cas grave de maltraitance animale témoigne pour la première fois auprès de la RTS. L'homme en situation d'épuisement ne parvenait plus à s'occuper de son bétail. Ce niveau de détresse inquiète les milieux agricoles et pousse les autorités à renforcer la prévention.,"Derrière la maltraitance de son bétail, un agriculteur neuchâtelois à bout de forces",,"['agriculteur', 'agriculture', 'Agriculture', 'animal', 'Animaux', 'bétail', 'Canton de Neuchâtel', 'Environnement', 'Économie et finances', 'maltraitance', 'Nature', 'Neuchâtel']",Info,fr,https://www.rts.ch/info/regions/neuchatel/2026/article/maltraitance-animale-a-la-brevine-un-agriculteur-epuise-temoigne-29144178.html,Radio Télévision Suisse,2026-02-09 08:31:29,,2026-02-22 14:45:21,rts,rts_29144178,Un agriculteur neuchâtelois mis en cause dans un cas grave de maltraitance animale témoigne pour la première fois auprès de la RTS. L'homme en situation d'épuisement ne parvenait plus à s'occuper de son bétail. Ce niveau de détresse inquiète les milieux agricoles et pousse les autorités à renforcer la prévention.,"Neuchâtel: Derrière la maltraitance de son bétail, un agriculteur neuchâtelois à bout de forces",['Gabriel de Weck/ami'],[],,15,50,684,749
"L'hiver meurtrier de 1951, un électrochoc pour la lutte contre les avalanches en Suisse | RTS","En 1951, une configuration météo rarissime - qui ne se produit que tous les 50 à 100 ans - s'installe en Suisse: en quelques jours seulement, en janvier sur le versant nord des Alpes et en février sur le versant sud, des quantités gigantesques de neige tombent. On mesure entre deux et quatre mètres de neige fraîche, soit quatre à six fois les quantités mensuelles moyennes de janvier et février. Destructions massives dans de nombreuses régions de montagne À la suite de ces précipitations, des pans entiers de masse neigeuse se détachent en de nombreux endroits. Certaines avalanches descendent jusque dans les vallées et détruisent quelque 1500 bâtiments au total. Durant cet ""hiver des avalanches"", 98 personnes trouvent la mort et plus de 200 animaux de rente sont ensevelis. Les localités les plus touchées sont Vals (GR), Andermatt (UR) et Airolo (TI). ""L'hiver 1951 est sans doute, de loin, l'événement avalancheux le plus important du XXᵉ siècle"", affirme l'expert Stefan Margreth, de l'Institut pour l'étude de la neige et des avalanches (SLF) à Davos, dans l'émission 10 vor 10 de SRF. Le centre interdisciplinaire de recherche, qui appartient au domaine des Ecoles polytechniques fédérales, consacre un dossier complet à cet épisode fondateur de la lutte contre les avalanches en Suisse. Vague de solidarité et conséquences politiques Le terrible hiver 1951 marque l'opinion bien au-delà des vallées alpines, à la faveur du traitement médiatique consacré par la radio, la presse quotidienne et hebdomadaire ainsi que le Ciné-Journal suisse, l'ancêtre du Téléjournal. Les images des bâtiments détruits et des populations désespérées partagées par ces médias touchent l'ensemble du pays. Une vague de solidarité déferle sur la Suisse. Des collectes de dons sont organisées à l'échelle nationale. Rapidement, le monde politique est forcé de réagir. Hasard du calendrier, la Confédération venait tout juste de décider de réduire ses contributions à la protection contre les avalanches. Le Parlement revient sur cette décision l'année même de la catastrophe. ""L'hiver avalancheux de 1951 a été un électrochoc. L'ampleur des destructions a montré que la protection contre les avalanches était insuffisante et qu'il fallait investir davantage"", explique aujourd'hui Stefan Margreth. Pour éviter que de tels drames ne se reproduisent, des innovations sont aussi nécessaires. Investissements, recherche et innovations Il ne fallait pas seulement plus d'ouvrages de protection, mais aussi de meilleures solutions. Avant 1951, on construisait surtout des murs en pierres sèches sur les pentes raides. S'ils offraient une protection lors d'enneigements normaux, ils se sont révélés insuffisants face à des conditions extrêmes: rapidement ensevelis par la neige, ils ne pouvaient plus empêcher les départs d'avalanches en cas de fortes chutes continues. Les chercheurs de Davos ont alors étudié d'autres constructions. Les claies paravalanches se sont révélées particulièrement efficaces. Cette structure, aujourd'hui la plus répandue, ressemble à une grande palissade en bois de trois à cinq mètres de haut; les espaces entre les lattes empêchent l'ouvrage d'être complètement recouvert par la neige. Une tâche permanente Depuis le début des années 1950, environ deux milliards de francs ont été investis dans des ouvrages de protection. Ce travail a permis à la Suisse d'éviter des catastrophes. Ainsi, estiment les experts, c'est grâce à ces améliorations que les avalanches ont causé nettement moins de victimes et de destructions en 1999 - un hiver marqué par des conditions météo comparables à celles de 1951. Mais la protection contre les avalanches reste un travail de longue haleine. De nombreuses installations vieillissent et doivent être rénovées. D'autres doivent être renforcées, car le changement climatique pourrait accentuer les chutes de neige extrêmes en altitude. L'expert Stefan Margreth met donc en garde contre les économies: ""Ces ouvrages sont essentiels pour que des gens puissent encore vivre dans les villages situés dans des vallées alpines escarpées."" Sur Play Suisse, retrouvez le documentaire "" Les cicatrices du passé : les avalanches de 1951 "" consacré à cette épisode tragique de l'histoire suisse.","Avec près de 100 morts en une seule saison, les avalanches de l'hiver 1950-1951 furent les plus meurtrières du XXᵉ siècle. Cet épisode catastrophique de l'histoire suisse est le point de départ de la protection contre les avalanches telle qu'on la connaît aujourd'hui.","L'hiver meurtrier de 1951, un électrochoc pour la lutte contre les avalanches en Suisse",,"['Catastrophe naturelle', 'décès', 'démolition', 'Désastres', 'Désastres et accidents', 'Dialogue', 'expert', 'épisode', 'histoire', 'meurtrier', 'neige', 'politique', 'protection', 'recherche scientifique', 'scientifique', 'Suisse']",Info,fr,https://www.rts.ch/info/suisse/2026/article/l-hiver-1951-quand-les-avalanches-ont-change-la-protection-en-suisse-29144921.html,Radio Télévision Suisse,2026-02-17 15:14:59,,2026-02-22 14:45:20,rts,rts_29144921,"Avec près de 100 morts en une seule saison, les avalanches de l'hiver 1950-1951 furent les plus meurtrières du XXᵉ siècle. Cet épisode catastrophique de l'histoire suisse est le point de départ de la protection contre les avalanches telle qu'on la connaît aujourd'hui.","Suisse: L'hiver meurtrier de 1951, un électrochoc pour la lutte contre les avalanches en Suisse","['Curdin Vincenz, SRF']",['Adaptation pour RTSinfo: Didier Kottelat'],,16,43,645,704
Donald Trump s'en prend à nouveau à la Suisse pour justifier sa politique commerciale | RTS,"Quand on pense à la Suisse, on pense à un pays ""ultra parfait"", a déclaré Donald Trump dans une interview diffusée mardi soir (heure locale) aux Etats-Unis. ""Mais ce n'est le cas que parce que les Etats-Unis lui permettent de gagner beaucoup d'argent"", a précisé le locataire de la Maison Blanche qui a encore dit qu'il pourrait citer 40 autres pays où c'est également le cas. Au cours de l'entretien, Donald Trump a une nouvelle fois évoqué le déficit commercial de 40 milliards de dollars avec la Suisse. Il est également revenu sur la conversation téléphonique qu'il a eue l'été dernier avec la présidente de la Confédération de l'époque, Karin Keller-Sutter. Il pensait alors avoir parlé à une personne occupant le poste de ""Premier ministre"", a déclaré le président américain. >> A lire : Les dessous de la discussion houleuse entre Karin Keller-Sutter et Donald Trump dévoilés Comme il l'avait déjà fait lors de son discours au Forum économique mondial de Davos (GR) en janvier, le dirigeant républicain a souligné à quel point Karin Keller-Sutter avait été répétitive. Elle avait insisté à plusieurs reprises sur le fait que la Suisse était un petit pays. ""Je n'arrivais pas à la faire raccrocher"", a déclaré Donald Trump. Il avait alors augmenté les droits de douane américains sur les produits helvétiques à 39 %. Ne pas nuire à la population À l'automne, de nouvelles négociations ont permis de détendre la situation. Une visite controversée de représentants économiques suisses, qui ont apporté des cadeaux coûteux au président américain, a notamment conduit à une réduction des droits de douane à 15%. >> A lire : Les patrons suisses qui ont rencontré Donald Trump lui auraient fait des propositions et des cadeaux Au Forum économique mondial, le président américain a déclaré avoir réduit les droits de douane parce qu'il ne voulait pas nuire à la population suisse. Il avait aussi souligné à Davos que sans les Etats-Unis, la Suisse ne gagnerait ""rien du tout"". Une affirmation à nouveau formulée mardi soir sur la chaîne de télévision américaine. >> A lire : ""Sans les Etats-Unis, la Suisse ne serait plus la Suisse"", affirme Donald Trump qui justifie les droits de douane À la demande de l'agence de presse Keystone-ATS, le Département fédéral des finances, dirigé par Karin Keller-Sutter, a déclaré qu'il partait du principe que la population suisse saurait interpréter correctement le discours de Donald Trump. Investissements suisses aux Etats-Unis Pour le président américain, sa politique douanière semble porter ses fruits. Depuis lors, de nombreuses entreprises qui ne voulaient pas payer les droits de douane ont délocalisé leur production aux Etats-Unis, a-t-il assuré. Les groupes pharmaceutiques suisses Roche et Novartis, par exemple, souhaitent investir des milliards dans de nouvelles usines sur le sol américain. Ces investissements font partie de l'accord douanier conclu avec Washington en novembre, qui prévoit également 200 milliards de dollars d'investissements de la part d'entreprises helvétiques aux Etats-Unis. En contrepartie, les droits de douane punitifs américains sur de nombreux produits devraient être réduits de 39% à 15%. >> A lire : Le Conseil fédéral approuve les bases de l'accord douanier avec les Etats-Unis","Donald Trump a pris l'exemple de la Suisse pour illustrer la logique qui sous-tend sa politique douanière. La prospérité de pays comme la Suisse repose sur le fait que les Etats-Unis ""les laissent nous exploiter"", a déclaré le président américain à Fox Business.",Donald Trump s'en prend à nouveau à la Suisse pour justifier sa politique commerciale,,"[""Chef de l'Etat"", 'Commerce international', 'Donald Trump', 'droit de douane', 'entreprise', 'Économie', 'Économie et finances', 'États-Unis', 'Gouvernement', 'Guerre commerciale', 'interview', 'investissement', 'Karin Keller-Sutter', 'Monde', 'politique', 'Politique', 'population', 'président des États-Unis', 'Relations internationales', 'Suisse']",Info,fr,https://www.rts.ch/info/monde/2026/article/donald-trump-s-en-prend-a-nouveau-a-la-suisse-pour-justifier-sa-politique-commerciale-29147062.html,Radio Télévision Suisse,2026-02-11 08:49:08,,2026-02-22 14:45:20,rts,rts_29147062,"Donald Trump a pris l'exemple de la Suisse pour illustrer la logique qui sous-tend sa politique douanière. La prospérité de pays comme la Suisse repose sur le fait que les Etats-Unis ""les laissent nous exploiter"", a déclaré le président américain à Fox Business.",Monde: Donald Trump s'en prend à nouveau à la Suisse pour justifier sa politique commerciale,['ats/jtr'],[],,16,43,519,578
Le Conseil fédéral veut une loi urgente pour les victimes de Crans-Montana | RTS,"Le soutien de la Confédération, qui n'est pas encore chiffré, complétera les aides cantonales et des assurances. Le système actuel est limité en cas d'événements extraordinaires faisant beaucoup de victimes. Le patrimoine des responsables et leur couverture de responsabilité civile ne suffisent souvent pas à couvrir les besoins des victimes et les procédures judiciaires sont longues. Une inégalité de traitement avec les victimes qui ne sont pas assurées en Suisse est aussi à craindre. Accords à l'amiable Le Conseil fédéral veut également organiser des tables rondes en présence des victimes, de leurs proches, des assureurs et des autorités. Le but est de trouver des accords à l'amiable qui pourraient éviter de longues procédures judiciaires, indique-t-il. Le DFJP doit étudier comment intégrer ces tables rondes dans la loi. Il doit également établir comment la Confédération peut accorder des indemnités aux cantons. Ces derniers doivent débloquer d'importants fonds pour venir en aide aux victimes. L'Etat du Valais a réalisé au début du mois les premiers versements de l'aide d'urgence de 10'000 francs pour chaque personne hospitalisée ou famille touchée. Le canton prend aussi en charge les frais funéraires et de rapatriement de toutes les personnes décédées. >> A lire aussi : Le Valais verse 10'000 francs aux familles touchées par l'incendie de Crans-Montana Les victimes et leurs proches peuvent aussi bénéficier de prestations d'aide supplémentaire, comme le prévoit la loi fédérale sur l'aide aux victimes d'infractions. L'incendie qui s'est déclaré dans la nuit du Nouvel An dans un bar de Crans-Montana a fait 41 morts et 115 blessés.",Le Conseil fédéral veut apporter rapidement une aide aux victimes de Crans-Montana. Il a chargé mercredi le Département fédéral de justice et police (DFJP) d'élaborer une loi en ce sens d'ici à la fin du mois. Il demande au Parlement de la déclarer urgente.,Le Conseil fédéral veut une loi urgente pour les victimes de Crans-Montana,,"['Canton du valais', 'Conseil fédéral suisse', 'Crans-Montana', 'Criminalité, droit et justice', 'Département fédéral de justice et police', 'Désastres et accidents', 'district de Sierre', 'Politique', 'Suisse', 'victime']",Info,fr,https://www.rts.ch/info/suisse/2026/article/le-conseil-federal-veut-une-loi-urgente-pour-les-victimes-de-crans-montana-29147656.html,Radio Télévision Suisse,2026-02-12 09:28:11,,2026-02-22 14:45:22,rts,rts_29147656,Le Conseil fédéral veut apporter rapidement une aide aux victimes de Crans-Montana. Il a chargé mercredi le Département fédéral de justice et police (DFJP) d'élaborer une loi en ce sens d'ici à la fin du mois. Il demande au Parlement de la déclarer urgente.,Suisse: Le Conseil fédéral veut une loi urgente pour les victimes de Crans-Montana,['ats/fp'],[],,14,44,256,314
"L'Ukraine n'organisera des élections qu'après ""un cessez-le-feu"" | RTS","Depuis le déclenchement de l'invasion russe de l'Ukraine en 2022, le Kremlin et, plus récemment, la Maison Blanche ont affirmé que Kiev devait organiser des élections dans le cadre d'un accord de paix. Selon le journal britannique, l'administration Trump ferait pression pour qu'un scrutin se tienne avant le 15 mai, sous peine de perdre les garanties de sécurité offertes par les États-Unis. Mais de nombreux obstacles s'opposent à l'organisation d'un vote en temps de guerre. Cessez-le-feu indispensable Le président Volodymyr Zelensky a ainsi déclaré mercredi que l'Ukraine n'organiserait des élections qu'après un cessez-le-feu avec Moscou et l'obtention de ""garanties de sécurité"". ""C'est très facile à faire: instaurer un cessez-le-feu et il y aura des élections"", a-t-il ajouté. Volodymyr Zelensky a également démenti mercredi que Washington ait menacé de ne pas fournir de garanties de sécurité si l'Ukraine n'organisait pas d'élections, contrairement à ce que le Financial Times indiquait. Loi martiale et combats Le mandat de Volodymyr Zelensky aurait dû se terminer en 2024, mais l'Ukraine a instauré la loi martiale lorsque les forces russes ont franchi sa frontière en février 2022, un régime qui interdit toute élection. Et les combats qui font rage sur le front ainsi que les bombardements meurtriers russes qui visent quotidiennement l'ensemble de son territoire semblent interdire toute organisation d'un vote. Le pays n'ayant pas de vote électronique ou par correspondance, il paraît difficile d'organiser la participation à un scrutin des millions d'Ukrainiens qui ont fui à l'étranger ou vivent sous occupation russe, ainsi que des centaines de milliers de militaires déployés dans les zones de combat. Seuls 10% des Ukrainiens soutiennent un scrutin avant un cessez-le-feu, selon un sondage réalisé fin 2025 par l'Institut international de sociologie de Kiev (KIIS). Ancien comédien de 48 ans, Volodymyr Zelensky a vu sa popularité s'effriter après des niveaux de soutien inédits au début de l'invasion en 2022 mais celle-ci reste très élevée. Fin 2025, 59% des Ukrainiens déclaraient lui faire confiance, d'après le sondage du KIIS.","Volodymyr Zelensky a indiqué mercredi que l'Ukraine n'organisera des élections qu'après ""un cessez-le-feu"" et l'obtention de ""garanties de sécurité"", en réaction à un article du Financial Times qui assurait que l'Ukraine pourrait, sous pression américaine, organiser un scrutin présidentiel et un référendum sur un plan de paix d'ici à la mi-mai.","L'Ukraine n'organisera des élections qu'après ""un cessez-le-feu""",,"['accord (pacte/convention)', 'cessez-le-feu', 'Conflit, guerre et paix', 'élection', 'Élections', 'Élections nationales', 'guerre', 'Guerre en Ukraine', 'Monde', 'organisation', 'paix', 'Politique', 'Référendum', 'référendum', 'sécurité', 'Ukraine', 'Ukrainiens', 'Volodymyr Zelenskyy', 'vote']",Info,fr,https://www.rts.ch/info/monde/2026/article/zelensky-pas-d-elections-en-ukraine-sans-cessez-le-feu-et-garanties-de-securite-29148270.html,Radio Télévision Suisse,2026-02-11 22:55:38,,2026-02-22 14:45:21,rts,rts_29148270,"Volodymyr Zelensky a indiqué mercredi que l'Ukraine n'organisera des élections qu'après ""un cessez-le-feu"" et l'obtention de ""garanties de sécurité"", en réaction à un article du Financial Times qui assurait que l'Ukraine pourrait, sous pression américaine, organiser un scrutin présidentiel et un référendum sur un plan de paix d'ici à la mi-mai.","Monde: L'Ukraine n'organisera des élections qu'après ""un cessez-le-feu""",['cab avec les agences'],[],,9,51,328,388
Supreme Court Rules Against Trump In Emergency Tariffs Cases,"The U.S. Supreme Court ruled on Friday that President Trump’s imposition of tariffs under an emergency economics law is unlawful. The decision was 6-3, with Associate Justices Clarence Thomas, Samuel Alito, and Brett Kavanaugh dissenting. “[The International Emergency Economic Powers Act] IEEPA does not authorize the President to impose tariffs,” the court ruled. The ruling pertains to a pair of consolidated cases known as Learning Resources, Inc. v. Trump and Trump v. V.O.S. Solutions, Inc. , which center around legal challenges to Trump’s use of IEEPA to impose tariffs on goods from foreign countries making their way into the United States. As The Federalist previously described , the president did so “in response to existing ‘unfair trade practices’ that lead to trade deficits, as well as to punish countries like China for failing to ‘blunt the sustained influx of synthetic opioids, including fentanyl, flowing from the [People’s Republic of China] to the United States.'” Writing for the majority, Chief Justice John Roberts argued that Trump’s reliance on the words “regulate” and “importation” to justify his tariffs under IEEPA “cannot bear such weight.” “Absent from [IEEPA’s] lengthy list of powers is any mention of tariffs or duties. That omission is notable in light of the significant but specific powers Congress did go to the trouble of naming,” Roberts wrote. “It stands to reason that had Congress intended to convey the distinct and extraordinary power to impose tariffs, it would have done so expressly — as it consistently has in other tariff statutes.” The chief justice went on to argue that the administration’s reliance on the phrase “regulate … importation” “does not fill” such a “void,” and asserted that the court is “therefore skeptical that in IEEPA — and IEEPA alone — Congress hid a delegation of its birth-right power to tax within the quotidian power to ‘regulate.'” “We do not attempt to set forth the metes and bounds of the President’s authority to ‘regulate … importation’ under IEEPA. That ‘interpretive question’ is ‘not at issue’ in this case, and any answer would be ‘plain dicta,'” Roberts wrote. “Our task today is to decide only whether the power to ‘regulate … importation,’ as granted to the President in IEEPA, embraces the power to impose tariffs. It does not.” Associate Justices Neil Gorsuch Neil Gorsuch and Amy Coney Barrett each filed concurrences. Associate Justices Elena Kagan and Ketanji Brown Jackson each filed opinions concurring “in part and concurring in the judgement,” with Associate Justice Sonia Sotomayor and Jackson also joining the former’s opinion. Writing for the principal dissent, Kavanaugh strongly disagreed with the majority’s decision and argued that “[s]tatutory text, history, and precedent demonstrate that the answer” to the “sole legal question” of whether Trump can impose tariffs under IEEPA “is clearly yes.” He noted that, “Like quotas and embargoes, tariffs are a traditional and common tool to regulate importation.” “The plaintiffs argue and the Court concludes that the President lacks authority under IEEPA to impose tariffs. I disagree. In accord with Judge Taranto’s careful and persuasive opinion in the Federal Circuit, I would conclude that the President’s power under IEEPA to ‘regulate … importation’ encompasses tariffs,” Kavanaugh wrote. “As a matter of ordinary meaning, including dictionary definitions and historical usage, the broad power to ‘regulate … importation’ includes the traditional and common means to do so — in particular, quotas, embargoes, and tariffs.” Kavanaugh points out that even if today's mess of a ruling creates all sorts of chaos for previously imposed tariffs, Trump has many other options for imposing tariffs going forward. pic.twitter.com/Rdw2ab4o1G Kavanaugh went on to blast the majority’s nonsensical argument that IEEPA “does not authorize the President to employ the lesser power of tariffs, which simply condition imports on a payment,” despite its acknowledgement that the statute “authorizes the President to impose quotas or embargoes on foreign imports — meaning that a President could completely block some or all imports.” “As [plaintiffs and the court] interpret the statute, the President could, for example, block all imports from China but cannot order even a $1 tariff on goods imported from China. That approach does not make much sense,” Kavanaugh wrote. “Properly read, IEEPA does not draw such an odd distinction between quotas and embargoes on the one hand and tariffs on the other. Rather, it empowers the President to regulate imports during national emergencies with the tools Presidents have traditionally and commonly used, including quotas, embargoes, and tariffs.” Thomas also penned a separate dissent, in which he similarly argued that “In today’s cases, neither the statutory text nor the Constitution provide a basis for ruling against the President.”",The U.S. Supreme Court ruled on Friday that President Trump's imposition of tariffs under an emergency economics law is unlawful.,Supreme Court Rules Against Trump In Emergency Tariffs Cases,Shawn Fleetwood,"['Brett Kavanaugh', 'Donald Trump', 'emergency powers', 'IEEPA', 'Learning Resources Inc v. Trump', 'SCOTUS', 'Supreme Court', 'tariffs']",SCOTUS,en-US,https://thefederalist.com/2026/02/20/supreme-court-rules-against-trump-in-emergency-tariffs-cases/,The Federalist,2026-02-20 16:42:57,2026-02-20 16:46:55,2026-02-22 14:47:20,the_federalist,the_federalist_066731257680,nan,nan,['nan'],['nan'],761.0,9,1,768,778
Why WSJ Is Mocking Gen Z For Rotisserie Chickens,"The Wall Street Journal recently invited readers to gawk at a line of well-dressed twenty-somethings waiting outside Meadow Lane, a glossy Manhattan grocery store selling $15 chicken nuggets, $23 salads, and $750 caviar. The scene is rendered with cinematic flair: mood lighting, shiny pears, influencers filming “hauls,” and Gen Z shoppers treating lunch like a lifestyle event. “Gen Z and millennials are swimming in student debt and may never own homes, but they’re splurging on gut-healthy juices and rotisserie chickens,” The Wall Street Journal wrote on X to promote the article. Gen Zers and millennials are swimming in student debt and may never own homes, but they’re splurging on gut-healthy juices and rotisserie chickens. https://t.co/16ctTPmmLp The conclusion the Journal is guiding readers toward is clear. New York City is in an affordability crisis serious enough to elevate Democrat socialist Zohran Mamdani to the mayor’s office, yet here are the kids, blowing their paychecks on boutique rotisserie chickens! While this might make for a “clicky” headline, the Journal employs a media formula meant to exacerbate generational division. The story invites readers — especially older ones — to shake their heads and mutter, “No wonder they can’t afford houses.” The Wall Street Journal gestures at student debt and the housing crisis, then pivots to $15 oat milk and luxury nuggets, the implication being that Gen Z’s financial struggles are self-inflicted or at least undermined by their taste for aesthetic consumption. But pause for a moment and look at what’s actually happening. Young New Yorkers are lining up for prepared food in a dense, expensive city where many live with roommates and work long hours. Yet the media spins off the big-city food store experience into a fear-stimulating screed about moral decay. And the rotisserie chicken talking point, amplified online, quickly ran into reality. On X, “community notes” users pointed out that rotisserie chickens are often among the most affordable prepared proteins available. The notice linked to four different articles filled with counterpoints about the aforementioned meat. If a young professional grabs a ready-made chicken instead of ordering takeout, is that extravagance or pragmatism? Yes, there is a social media element. Influencers film “hauls” because aesthetic grocery stores generate online engagement. Some of those content creators could earn more from a single sponsored post than the average shopper spends inside Meadow Lane. For them, the store is a backdrop, a set piece in the performance economy. But that’s less an indictment of Gen Z’s values and more a reflection of NYC culture and the algorithmic incentives Big Tech companies have established. Like these influencers, legacy news outlets such as The Wall Street Journal now chase eyeballs. Spectacle drives clicks, and clicks equal money. So why frame this as generational irresponsibility? Why subtly encourage older Americans to see younger ones as unserious spenders? Because division sells. Media organizations compete in an attention economy that rewards outrage and affirmation. A story that validates an older reader’s suspicion that the “kids these days” lack discipline will outperform a dry explainer on zoning laws or monetary policy. It’s easier to point to a $23 salad than to untangle decades of housing supply constraints or inflationary fiscal policy. It’s easier to sneer at $15 nuggets than to ask why healthy, minimally processed food often costs more than subsidized junk. We’ve seen this pattern before. Millennials were scolded for avocado toast, as though brunch were the decisive obstacle to homeownership. Think pieces framed modern indulgence as evidence of character flaws. The cumulative effect cultivated real resentment across generations of Americans. The media imply that economic headwinds are personal failings, only to profit more as the rift — and disrespect — between young and old Americans grows. In a stable society, older generations should shepherd younger generations, offering mentorship, capital, and institutional wisdom. A culture that trades guidance for mockery erodes the very social fabric it depends on, replacing community stewardship with scorn. When elders are nudged to sneer instead of support, everyone loses, especially the country that relies on generational continuity to survive. This is where the conversation shifts from groceries to culture — specifically, a culture of a lack of personal accountability. Gen Z complains about the economy with limited awareness of the optics associated with their bourgeois purchases. Meanwhile, Baby Boomers and Gen X whine about the misguided youth while forgetting it’s their role to usher the younger crowd into and upward through America’s institutions. It is far more comfortable for the media and political elites to highlight the spending habits of twenty-somethings than to interrogate the policy decisions, corporate consolidations, and fiscal experiments that shaped today’s cost of living. When the focus remains on lifestyle choices, the buck stops with the kid buying lunch, not with the lawmakers who printed trillions, the regulators who constrained housing supply, or the corporations that consolidated food production. Blame flows downhill. Accountability rarely does. The danger in this framing widens the generational trust gap. If older Americans are continually encouraged to view younger ones as frivolous, they become less inclined to advocate for them. Why nurture a generation that reportedly refuses to sacrifice? But Gen Z did not set interest rates in 2020. They did not draft tax codes in the 1980s. They entered adulthood navigating Covid lockdown policies that led to school closures and hiring freezes. Suddenly, they were spat out of the education system to confront inflated rents and grocery bills. A line outside a boutique grocery store is an easy symbol. It photographs well. It flatters readers who want confirmation that someone else is to blame for what they perceive to be, whether true or false, America’s entitled and decadent youth. However, a country’s trajectory is not determined by $15 chicken nuggets. If Americans are serious about reversing any so-called downward spiral, we should demand accountability upward first.",It's easier to highlight the spending habits of Gen Z than to interrogate the policy decisions that shaped today’s cost of living.,Media Mock Gen Z For Rotisserie Chickens Because It’s Easier Than Addressing Real Problems,Julianna Frieman,"['affordability', 'Gen Z', 'Wall Street Journal']",Culture,en-US,https://thefederalist.com/2026/02/20/media-mock-gen-z-for-rotisserie-chickens-because-its-easier-than-addressing-real-problems/,The Federalist,2026-02-20 12:38:36,2026-02-20 12:38:37,2026-02-22 14:47:20,the_federalist,the_federalist_108123257899,nan,nan,['nan'],['nan'],981.0,9,1,971,981
Media Give Trans RI Shooter The 'Gunperson' Treatment,"A man who left his family to live as a woman and threatened to “Go BERSERK” in defense of transgender ideology shot and killed his son and the boy’s mother at a Rhode Island hockey game on Monday, but the corporate media really don’t want you to know he was a fanatical adherent of one of their pet ideologies. Robert Dorgan underwent surgery to mimic female body parts in 2020 and went by the name “Roberta Esposito,” according to the New York Post. Hours before the shooting, he posted “Keep bashing us. But do not wonder why we Go BERSERK,” in response to a post that accurately described a cross-dressing congressman as male. According to local outlet WPRI, Dorgan’s “gender identity played a role in multiple family disputes over recent years,” including his divorce, but that fact has been deemed unpublishable by corporate media outlets, which gloss over the killings as a “family dispute.” Equally incurious is Pawtucket Police Chief Tina Goncalves, who told reporters that Dorgan’s “status” as a trans-identifying man “really doesn’t have anything to do with the investigation.” Goncalves paid respect to Dorgan’s transgender identity by referring to him by a plural pronoun in the press conference. Major legacy news outlets have taken Goncalves at her word. In a New York Times report updated Tuesday morning, Neil Vigdor and Thomas Gibbons-Neff took time to include minor details about the neighborhood surrounding the hockey rink and the “quote above the rink’s high school hockey player entrance.” But the only indication of the shooter’s trans identity was the mention that Dorgan “also went by the name Roberta Esposito.” Vigdor and Gibbons-Neff shrugged that the chief “did not provide further explanation.” Believe it or not, that line was an improvement from a previous version of the piece. According to a screenshot posted by Fox Business anchor Dagen McDowell, the Times previously euphemized Dorgan’s trans identity by noting that he “went by two different names.” New York Times avoids any mention that the alleged murderer at the Rhode Island hockey rink shooting is transgender. (5 reporters!) Gender identity must be relentlessly shoved down the gullet but quickly hidden when linked to any horror exposing the depravity of the crusade. pic.twitter.com/WkuU2Fo640 Kimberlee Kruesi of the Associated Press merely referred to Dorgan as the “shooter” in her headline and first several paragraphs, before simply noting that he “also went by the name Roberta Esposito.” No other details about Dorgan’s history of trans radicalism were included, and she obliged his gender dysphoria by refusing to refer to him by male pronouns. A pop-up banner on the AP website promises to deliver “news without an agenda.” Kruesi’s piece also appeared in The Washington Post. Over at NBC News, Doha Madani and Phil Helsel did not identify Dorgan until paragraph seven. The only indication of his trans identity is a line noting he “also went by the first name Roberta and by the last name Esposito.” The article was filed under the tag “Guns in America.” Madani writes frequently about transgender affairs, such as how “racist and transphobic” it is to exclude men from girls’ sports or how “heinous” J.K. Rowling is for defending biological reality. When the transgender subject isn’t the one shooting people, Madani writes about transgenderism and violence this way: Helsel, too, has deemed a person’s transgender identity newsworthy when it’s politically useful, even falsely describing a man as a woman in a news report to do so. See if you can spot the difference between how Helsel writes about a transgender man who shot people versus on e who claimed to be the victim of a “transphobic” attack: In a quadruple-bylined report — by Elise Hammond, Mark Morales, Danya Gainor, and Amanda Musa — a CNN headline removed not only Dorgan’s identity but also his agency. “Shooting at youth hockey game in Rhode Island leaves 2 dead, 3 injured,” it says passively, with Dorgan left unidentified until the third paragraph. We’re only told that the police chief said he “went by the name of Roberta Esposito.” Like other outlets, CNN conspicuously refused to refer to Dorgan with male pronouns, instead repeatedly calling him the “shooter.” Under the headline “Shooting in stands at R.I. rink leaves 3 dead, others injured,” an ESPN report similarly avoided using male pronouns and refused to provide information about Dorgan’s trans identity besides the fact that he “also went by the name Roberta Esposito.” At Bari Weiss’s CBS News, News Editor Kiki Intarasuwan refused to identify Dorgan as male, even using the grammatically incorrect plural pronoun “their” when describing him. Last year, a CBS News correspondent reportedly faced backlash from coworkers when she suggested the network “should refrain from adopting terminology” pushed by transgender groups. Weiss said at the time that it was “perfectly normal for a newsroom to discuss, debate and, yes, even disagree about language.” An article by The Guardian declined even to mention Dorgan’s “Roberta” alias, giving no indication of his transgender ideology, except for the publication’s refusal to use any gendered pronouns to refer to him. The shooting received one write-up from Politico before Dorgan was identified, but the outlet does not appear to have updated its coverage or published further reports on the shooting since Dorgan’s allegiance to transgender ideology was revealed. Dorgan’s rampage occurred less than a week after Jesse Van Rootselaar, another trans-identifying man, shot up a school in Canada, in what has been described as the country’s “deadliest school shooting” since 1989. After that attack, Canadian police risibly referred to Van Rootselaar as a “gunperson” to show deference to his ideology. In an emergency alert, he was described as a “female in a dress.” Media such as Reuters adopted the inaccurate terminology, referring to the male shooter as an “18-year-old woman.” Not until the 11th paragraph of its report did Reuters mention that Van Rootselaar “began identifying as a female six years ago.”",Details of Dorgan's trans identity have been deemed unpublishable by corporate media outlets which refuse to call him a man.,Corporate Media Give Trans Hockey Game Shooter The ‘Gunperson’ Treatment,Elle Purnell,"['Associated Press', 'CBS News', 'CNN', 'NBC News', 'New York Times', 'POlitico', 'Rhode Island', 'Robert Dorgan', 'The Guardian', 'Tina Goncalves', 'trans insanity', 'Trans violence', 'transgender', 'transgenderism', 'Washington Post']",Media,en-US,https://thefederalist.com/2026/02/17/corporate-media-give-trans-hockey-game-shooter-the-gunperson-treatment/,The Federalist,2026-02-17 20:15:16,2026-02-17 20:15:21,2026-02-22 14:47:21,the_federalist,the_federalist_110079005241,nan,nan,['nan'],['nan'],982.0,8,1,983,992
Colbert's Democrat Extravaganza Collides With 'Equal Time',"The days are numbered for Stephen Colbert’s little late night show on CBS. Just 92 days until the obnoxious left-wing “comedian” signs off for the last time on May 21 , but who’s counting? You can bet that Colbert will spend his final days at his longtime broadcast TV home promoting Democrats and providing them plenty of free campaign ads. Colbert tried to do as much Monday night with plans to run an interview with Texas state Rep. James Talarico, one of three Democrats — each one loonier than the next — running in the Democratic Party primary for U.S, Senate. That primary is less than two weeks away. Colbert got in trouble with the truth again when he told his shrinking viewer base that he was told “in no uncertain terms by our network’s lawyers, who called us directly, that we could not have” the Democrat on the air. He played the role of political censorship victim, noting Federal Communications Commission Chairman Brendan Carr has warned the broadcast networks that they could face consequences if they don’t stop their late-night hosts from pimping for Democrat politicians. And, yes, corporate media outlets painted Colbert as the free speech warrior the pompous host believes himself to be. Another proxy in the Pravda press’ multi-front campaign against President Donald Trump and his stubborn insistence to enforce federal law. “The Trump threat looming over late-night TV, briefly explained,” a Vox headline offers . “Censorship Comes for Stephen Colbert”, The Atlantic’s headline declared . CNN’s Jake Tapper, who missed every single sign of Joe Biden’s slide into cognitive mash potato land, broke down “the FCC threat impacting what you see (or don’t see) on some TV shows.” ‘Crap’ CBS said Colbert’s national temper tantrum was missing a few facts. “ The Late Show was not prohibited by CBS from broadcasting the interview with Rep. James Talarico,” the network said. CBS attorneys did provide legal guidance advising Colbert’s shilling for his preferred politicians could trigger the FCC equal time rule. That rule, in place for nearly 70 years and all but ignored by Carr’s more recent predecessors, would require Colbert or the network to give Talarico’s opponents — lunatic Texas Rep Jasmine Crocket and fellow Democrat Ahmad Hassan — an equal opportunity to appear on the network. This just proves what we said all day: @brendancarrfcc and @cbs corporate “censored” NO ONE. Apparently Colbert made a production decision not to give equal time to Jasmine Crockett or to otherwise face the practical costs to affiliates for doing so. https://t.co/IlWrc6Fblx Colbert on his Tuesday show called CBS’ account of the events “crap,” which is also how many Americans describe his insufferable show. He ultimately posted the interview with Talarico — who may or may not be “a hostile space alien in a human suit,” as a Federalist colleague described him — on The Late Show YouTube channel, which is not bound by the same equal time expectations. Daniel Suhr, president of the Center for American Rights , said the law is actually quite simple. “It says that when broadcast shows use the public airwaves to feature one candidate then they have to feature all of the other candidates in that election,” the attorney told me Tuesday afternoon on KFAB in Omaha. “We can’t have broadcast shows picking and choosing who gets essentially free advertising right before an election.” But that’s exactly what Colbert and his weasely late-night compatriot, crying Jimmy Kimmel, have done for years. An analysis late last year by media tracker NewsBusters found that the left-leaning late-night comedy shows booked a total of 90 liberals and one conservative in the second half of 2025. The first half of 2025 wasn’t any different, with liberals making up 99 percent of guest bookings. The list included Democrat incumbents and candidates for office. Last month, Carr put the broadcast networks on notice, equal time means equal time. “The federal equal opportunities regulations operate to prevent broadcast television stations, which have been given access to a valuable public resource (namely, spectrum), from unfairly putting their thumbs on the scale for one political candidate or set of candidates over another,” states the FCC guidelines on “political equal opportunities requirement”. ‘When it Helps Them’ Colbert defenders like to point to regulatory carveouts exempting nighttime and daytime broadcast TV talk shows from the equal-time rule. They sound aghast that Carr would drop the hammer, joining Colbert in accusing the chairman of political motivations. But Democrats applauded the FCC’s findings in the 2000s, finding that there are limitations on the exemptions, particularly if an interview or segment is “designed for the specific advantage of a candidate.” In 2006, the FCC’s Media Bureau found that then-Republican Gov.Arnold Schwarzenegger’s appearance on The Tonight Show with Jay Leno triggered the equal-time provision. In 2004, Democrats sought a FCC investigation into Sinclair Broadcast Group for airing a documentary on Democrat presidential candidate John Kerry’s Vietnam War record. “Democrats only like to enforce the law when it helps them,” Suhr said. “But as soon as there’s a Republican FCC trying to give equal enforcement, they object because they want to determine what goes on the airwaves regardless of who’s in power. They want to pick who’s going to be in power next time around.” A neat little trick here from Talarico and Colbert Federal law since 1932 has required broadcast media to give equal time to competing political candidates, but Colbert wanted to platform only Talarico and not his other opponents. So, he interviews Talarico but releases the… https://t.co/LQ1m4IdBvp ‘Hold the Line’ The Democrat-friendly talk shows and their hospitality to liberal candidates smacks of in-kind campaign contributions. And the injection of personal political interest on Jimmy Kimmel Live! and Colbert’s nightly orgy of leftist politics screams of conflict of interest. Suhr’s organization last fall filed a FCC complaint against Kimmel noting that he has “hosted Democrats to whom he’s personally financially supported on Live! , without disclosing that information to his audience. Last year, CBS decided it would end the Late Show and send Colbert packing. The one-sided show has seen its viewership plummet over its run. Massive production costs and declining ratings is not a recipe for success. But in his final three months, expect Colbert to go even more manic with Trump Derangement Syndrome. In a critical midterm election year both the FCC and the Federal Election Commission should keep a very close eye on the Democrat-pimping broadcast network talk shows. “So much is on the line,” Suhr said. “It’s going to be really important for the FCC to hold the line, to enforce these rules in an even-handed way and make sure all candidates are playing by the same rules and that one party doesn’t get to abuse the rules and use their elite celebrity power and influence an election illegitimately,” the attorney added.","The crybaby late-night host insists he's a victim of political pressure, but he's been a long-time abuser of the nation's broadcast airwaves.",Stephen Colbert’s Nightly Democrat Extravaganza Collides With FCC’s ‘Equal Time’ Rule,M.D. Kittle,"['CBS', 'Center for American Rights', 'Chairman Brendan Carr', 'Daniel Suhr', 'equal time', 'FCC', 'Federal Communications Commission', 'Jasmine Crocket', 'Jimmy Kimmel', 'Rep. James Talarico', 'Stephen Colbert', 'The Late Sho']",Media,en-US,https://thefederalist.com/2026/02/18/stephen-colberts-nightly-democrat-extravaganza-collides-with-fccs-equal-time-rule/,The Federalist,2026-02-18 16:30:56,2026-02-18 16:30:59,2026-02-22 14:47:21,the_federalist,the_federalist_126424520791,nan,nan,['nan'],['nan'],1101.0,7,1,1140,1148
How Developers Are Making AI Your Kid's Third Parent At School,"Under Roman law a father held a legal power called patria potestas, or “total ownership,” of his children. He could sell them, deny them property, or abandon a newborn on a hillside. The child was not a person but property under the law. What a surprise then that the so-called “paternalistic” Apostle Paul upended five centuries of that system in a single verse when he wrote “Fathers do not exasperate your children; instead bring them up in the training and instruction of the Lord” (Ephesians 6:4). Roman law already demanded obedience to the father under pater familias. So Paul’s revolutionary challenge to the system was not to challenge obedience, but rather to tell the man holding absolute power he had a duty to the best interests of the child rather than himself. Paul’s words to the Ephesians shaped Western family law for two millennia, including modern American case law (see Pierce v. Society of Sisters , 1925; Wisconsin v. Yoder , 1972). But today a different authority has moved into the space between parent and child; not a patriarch but an “aithority” — an algorithm built by the largest technology corporations on earth and dropped into American classrooms through a partnership with the teachers unions. Nobody sent a permission slip home. The scale of “the aithority” in schools is already exasperating. In late 2025, Google announced its Gemini AI education tools had reached more than 10 million students across more than 1,000 U.S. institutions. The company rolled out more than 150 new AI features in a single year, trained more than 1 million educators for free, and embedded AI tutoring modules directly into Google Classroom. Separately, Google invested $1 billion in college-level AI integration. In June 2025 the American Federation of Teachers (AFT), the second-largest teachers union in the country, announced a partnership with OpenAI, Microsoft, and Anthropic to accelerate AI adoption in classrooms nationwide. That deal was negotiated between union leadership and three of the most powerful AI companies on earth. Parents were not at the table. AI’s Values In AI systems, “features” are not merely technical upgrades. They are a moral takeover, and the people building the technology know it. In January, Anthropic CEO Dario Amodei published a 20,000-word essay called “The Adolescence of Technology,” in which he called AI such a “glittering prize” that it is “very difficult for human civilization to impose any restraints on it at all.” He described Anthropic’s approach to controlling its Claude AI through what the company calls Constitutional AI , where developers write a “central document of values” the model reads to form its identity. And if your values are not aligned with pater artificialis Siliconus , Amodei boasts “we can also selectively activate features in a way that alters behavior.” He says the goal is to teach the model “a concrete archetype of what it means to be a good AI” and compared the process to a “letter from a deceased parent sealed until adulthood.” Read that again. The developers are the parents. The AI models are the adolescents. The actual parents of actual children are excluded from the lineage entirely. This is the new Silicon pater familias . A small group of engineers in San Francisco writes a constitution that shapes how an AI thinks about morality, identity, and the good life. That AI then sits with your child several hours a day in a public-school classroom. The child did not choose it. You did not approve it. But the developers decided what “best interests” and values the model would carry into that conversation and they did so using a framework Amodei himself compares to parenting. But to be fair, Amodei is not the only AI morality engineer in the new empire. In 2025 the teacher unions’ other darling, OpenAI’s CEO Sam Altman, basically called ChatGPT a third parent on The Late Show with Jimmy Fallon , admitting he relies on it to manage the anxieties of raising his own surrogate child, saying “I cannot imagine having gone through figuring out how to raise a newborn without ChatGPT.” In contrast to Altman’s idealized helpful third parent, the supposed “Godfather of AI” and Nobel Laureate Geoffrey Hinton warns that with the coming model upgrades, humans will soon be “like three-year-olds” compared to AI, noting only one biological example of a less intelligent being successfully controlling a more intelligent one: a baby and its mother. This is not the first time a “best interests” framework has been used to justify displacing parental authority at scale. The United Nations Convention on the Rights of the Child (UNCRC) established a model where state-defined interests could override the family unit. Conservative critics from the Heritage Foundation to the Home School Legal Defense Association warned for decades that the UNCRC was an effort to remove children from their religious and family contexts. The United States never ratified it. Now Silicon Valley has effectively digitized the same ambition. The AI constitution acts as a new kind of treaty, one that bypasses local communities and parental sovereignty entirely and that no legislature voted on. AI at School A 2025 survey by the Center for Democracy and Technology found that 85 percent of teachers and 86 percent of students used AI during the 2024-25 school year. Only half of those teachers had received even one training session on using AI systems. Georgetown professor Meg Leta Jones documented for the Institute for Family Studies what happens when a parent tries to opt out. When she attempted to remove her own children from school-issued devices, administrators told her technology was embedded in the curriculum and could not be separated. Under current FTC guidance, AI companies can simply assume the school has obtained parental consent. Jones found that in practice “most parents have absolutely no idea what applications or technologies their children are using in school.” But your child’s third parent AI surely knows that it is exasperating your child, right? Wrong. The results are already showing. A November 2025 CalMatters investigation found that after Google deployed its AI-powered Lens tool on student Chromebooks in Los Angeles, one teacher watched his students’ grades spike overnight. The students were not learning more. The AI was doing their work. “Teachers and school leaders spend countless hours considering each detail of the learning experience,” the teacher said, “then Google totally undermines it with the click of a button.” Google quietly disabled the feature after the story ran. But at least the people building these tools seem to understand the problem when their own families are involved. A 2011 New York Times investigation found that the chief technology officer of eBay and employees of Google, Apple, Yahoo, and Hewlett-Packard were sending their kids to the Waldorf School of the Peninsula in Los Altos, California. No computers. No screens. The teaching tools were pens, paper, knitting needles, and mud. Bill Gates and Steve Jobs also raised their children in low-tech households. By 2019, the Waldorf model was operating in more than 1,000 schools across 91 countries . The executives who design the AI being lobbied into your child’s public school pay premium tuition to keep this third parent away from their own kids. Congressional and Parental Action There is movement in Washington. Sen. Bill Cassidy’s LIFE with AI Act aims to strengthen student privacy protections and require parental notification before schools use AI tools. Sens. Josh Hawley and Richard Blumenthal have introduced the bipartisan GUARD Act to require age verification on AI chatbots targeting minors. In 2025, an exasperating 53 bills on AI in education were proposed across 21 states . Four became law. Former Surgeon General Vivek Murthy has recently warned that AI risks becoming a “substitute” for human care rather than a supplement, cautioning that “an AI tool … cannot sit with someone through their pain and empathize.” The real leverage is local, and parents must start using their leverage now. Before any AI tool enters a child’s classroom, the school should be able to answer five questions from parents: If the school avoids answering those questions, the issue is no longer about technology. It is about who holds authority over the formation of a child’s mind. Amodei is right that AI is like an “adolescent” almost impossible to impose restraints on. Perhaps he and his peers are missing the restraint that matters most, which will not be found in the code, but in what Paul articulated 2,000 years ago in the New Testament. The person holding power over a child has a duty to that child. Not to shareholders. Not to a union contract. Not to a constitution written in a San Francisco office park. When a handful of developers write a values document they compare to a parental letter and then embed it in the classrooms across America, they have assumed the old authority of the Roman father. It is time parents took their authority back before the Silicon Pater Familia exasperates our children.","The CEOs of Anthropic and OpenAI admit AI is like a parent nobody can resist, while teachers unions support Big Tech’s rule.",How Developers Are Making AI Your Kid’s Third Parent In The Classroom,Joshua Van Lange,"['AI', 'Anthropic', 'Big Tech', 'ChatGPT', 'classrooms', 'Claude', 'Computers', 'Dario Amodei', 'Geoffrey Hinton', 'Google', 'Microsoft', 'OpenAI', 'pater familias', 'patria potestas', 'Paul', 'Sam Altman', 'schools', 'United Nations Convention on the Rights of the Child']",Education,en-US,https://thefederalist.com/2026/02/20/how-developers-are-making-ai-your-kids-third-parent-in-the-classroom/,The Federalist,2026-02-20 12:37:35,2026-02-20 12:37:38,2026-02-22 14:47:21,the_federalist,the_federalist_166440184082,nan,nan,['nan'],['nan'],1542.0,11,1,1492,1504
France Can’t Fix Fertility By Luring Women To Freeze Their Eggs,"In an attempt to boost its flailing fertility rate , France plans to target women in their late 20s with a letter that attempts to lure them into freezing their eggs for future conception using assisted reproductive technology such as in vitro fertilization (IVF). France’s largely socialized health care system already funds IVF for anyone who wants a baby . As a result, more than 4 percent of the nation’s babies are born after conception in a test tube. The “dissemination of targeted, balanced information on both sexual and reproductive health to all French men and women aged 29,” however, is designed especially to remind women that they can freeze their eggs at no personal cost without medical approval, a permission that does not exist for her when she turns 30 years old. The rapidly declining birth rate problem is not isolated in France. Across Europe, people are waiting to have children longer than ever . Even the U.S. is reporting a record low number of births — 1.6 per woman , far below the 2.1 needed for developed countries to maintain a stable population. Women who were sold the lies of fourth-wave feminism absolutely need to be reminded that their biological clocks are ticking. But pretending that the painful, expensive, and sometimes traumatizing procedure of harvesting and freezing their eggs is the best solution for that once again sells women something that does not guarantee them a child or guarantee France a fertility rate boost. Significantly, women who undergo ova retrieval use can suffer side effects such as excessive bleeding, abdominal swelling, discomfort, weight gain, nausea, infection , problems urinating, ovarian hyperstimulation syndrome , fatal colon cancer , a potential increased risk for breast cancer , and even sudden infertility . The proposition laid out in the targeted letter might entice more French females to take advantage of taxpayer-funded egg retrieval and storage. Whether or not those women ever use reproductive technology to commission the creation of a child using those eggs, however, is not promised. What is promised is that France’s ongoing sponsorship of test-tube babies makes human existence appear transactional and sentences countless embryos to death or indefinite life in a freezer each year. Paying people to have babies doesn’t work . As Federalist Executive Editor Joy Pullmann accurately noted, concern about falling fertility rates is “not just that we need more human beings” but that “we need more citizens capable of sustaining themselves and contributing to others.” Similarly, finger wagging Frenchies who have yet to have a child by 29 years old are likely not going to singlehandedly create a baby boom, especially in a country that considers abortion a “right.” In fact, the reverse result is possible. Opening the floodgates for assisted reproductive technology gives people with normally good natural procreation chances a false sense of security about their decisions to delay marriage and reproduction. Fertility procedures such as IVF are marketed as a safety net or means to circumvent a worn down biological clock, as demonstrated in the latest French letter. Freeing up men and women in their peak fertile years, however, could easily deter settling down and raising a family in favor of climbing a career ladder and hookup culture. The Emmanuel Macron-endorsed 16-point fertility plan doesn’t stop at encouraging women to freeze their eggs. It also includes expanding the country’s fertility research capabilities to the top of the charts and nearly double the number of facilities equipped to store frozen ova.",Taxpayer-funded reproductive technology gives people a false sense of security about their decisions to delay marriage and children.,France’s Plan To Lure Women Into Freezing Their Eggs Won’t Fix Its Flailing Fertility Rate,Jordan Boyd,"['art', 'assisted reproductive technology', 'babies', 'birth rate', 'egg freezing', 'Emmanuel Macron', 'fertility', 'France', 'infertility', 'IVF', 'reproductive technology']",Medical Ethics,en-US,https://thefederalist.com/2026/02/18/frances-plan-to-lure-women-into-freezing-their-eggs-wont-fix-its-flailing-fertility-rate/,The Federalist,2026-02-18 12:51:23,2026-02-18 12:51:25,2026-02-22 14:47:21,the_federalist,the_federalist_176405751206,nan,nan,['nan'],['nan'],590.0,11,1,579,591
NYT Accidentally Admits There's A Judicial Coup Against Trump,"CNN legal analyst Jeffrey Toobin has never been one to show good judgement. When he’s not getting caught conducting “ personal business ” on a staff Zoom call, he’s accidentally admitting that there’s an ongoing leftist-led judicial coup designed to stymie President Trump’s agenda. The serial self-pleasurer let the proverbial cat out of the bag in his Monday opinion column for The New York Times. Titled, “The Plan for a Radically Different Supreme Court Is Here,” the article purports to roll out a blueprint for countering conservative appointments of originalist judges to the bench but inadvertently discloses the existence of leftists’ efforts to weaponize the judicial system against Trump. The admission comes in the piece’s opening paragraphs, in which Toobin discusses the American Constitution Society and its new president, Phil Brest. The ACS has often been described as the less successful and left-wing alternative to the conservative Federalist Society , which has become an influential force in getting originalists appointed to the Supreme Court and other federal judgeships. Toobin notes how Brest — who worked in the Biden White House’s counsel office — “helped the president nominate and win confirmation of 235 federal judges, which is more than Mr. Trump’s total in his first term.” In the very next sentence, however, the CNN legal analyst let it slip that these judicial appointments have become the left’s primary tool in grinding Trump and his voters’ agenda to a halt. “Those [Biden] judges — and others appointed by Democratic presidents — have proved that the most effective resistance to Mr. Trump has come not from Democratic politicians but rather from federal judges,” wrote Toobin, who subsequently listed off a series of overreaching orders issued by “these judges, many of them Biden appointees,” against the 47th president. Toobin goes on to lament how the ACS has not boasted the same level of success as groups like The Federalist Society and has failed to advance an alternative style of judicial interpretation to originalism, which emphasizes the interpretation of the Constitution as written at the time of its adoption. Once again, the CNN legal analyst openly admits that — contrary to the article’s headline — the ACS doesn’t actually have a different philosophy or “plan” in mind, and that the group’s only strategy at the moment is appointing activist judges who will abuse their authority to stonewall Republican presidents. “For now, under Mr. Brest, the A.C.S. seems headed for an approach that looks like the one that Democratic politicians have so far adopted: aimed more at opposition to Mr. Trump’s record rather than on a specific, alternative vision for the Constitution. In his opening message to the group, Mr. Brest described the A.C.S. as building ‘a bulwark against overreach by the Trump administration and the Roberts court,'” Toobin wrote. “Mr. Brest has pledged that A.C.S. will continue its Biden-era focus on judicial appointments … As for what those judges will stand for — as opposed to what they stand against — Mr. Brest has no clear answer.” What Toobin’s article encapsulates is the left’s ongoing struggle session about how best to lie to the American people about the kinds of legal minds they want to appoint to the bench and their blatant disregard for proper separation of powers. The entire reason for the modern originalist movement’s foundation and ultimate success is because of past Supreme Courts’ embrace of living constitutionalism, a style of judicial interpretation in which judges treat the Constitution as a “living” document that magically evolves with the times. It is through this philosophy that judges take it upon themselves to act as legislators and effectively rewrite America’s founding document as they see fit. Whereas living constitutionalism takes away the people and their elected representatives’ lawmaking power and hands it to unelected lawyers in black robes, originalism delivers the opposite — a maintaining of separation of powers in which Americans hold the exclusive power to amend the Constitution. In many cases, the current Supreme Court has adopted the latter approach instead of the former and has rolled back much of the activism of past Supreme Courts. With this avenue of power no longer available to them and the legislative and executive branches under Republican control, leftists have turned to their last available option: the lower courts. As admitted by Toobin, Democrat-appointed district judges have become a critical feature of the left’s evolving lawfare against Trump and those who support him. In response to leftist-backed lawsuits, these judges have spent the past year issuing overreaching injunctions and temporary restraining orders blocking every aspect of the president’s agenda — with some even going as far as attempting to unilaterally halt enactment of policies passed by Congress. [READ: 80 Percent Of Anti-Trump Lawsuits Are Filed In Courts Ruled By Democrat Appointees ] While the Supreme Court has limited some of these actions, loopholes in the high court’s 2025 ruling on lower courts’ abuse of nationwide injunctions have continued to be exploited by rogue judges. The GOP Congress and Trump have also declined to take necessary action to stop this weaponization of the judicial system. The Times and Toobin may think the latter’s article is shining a light on a new and exciting counter to the successful originalist movement. In reality, it’s just further affirmation of the left’s willingness to wreck America’s constitutional system in their quest for unfettered power.","Writing in the NYT, Jeffrey Toobin accidentally admitted that there's a leftist-led judicial coup against President Trump.",NYT Accidentally Confesses There’s A Left-Wing Judicial Coup Against Trump,Shawn Fleetwood,"['American Constitution Society', 'Donald Trump', 'Jeffrey Toobin', 'judicial coup', 'living Constitution', 'Media', 'New York Times', 'originalism', 'rogue judges', 'Supreme Court', 'The Federalist Society']",Media,en-US,https://thefederalist.com/2026/02/18/nyt-accidentally-confesses-theres-a-left-wing-judicial-coup-against-trump/,The Federalist,2026-02-18 18:06:16,2026-02-18 18:06:18,2026-02-22 14:47:22,the_federalist,the_federalist_187832655499,nan,nan,['nan'],['nan'],915.0,9,1,893,903
Democrats Claim GOP ‘Gutted’ Medicaid. Data Shows Opposite,"Between now and the November midterm elections, Democrats and their allies will spend countless hours and energy claiming Republicans “cut” Medicaid in last year’s reconciliation legislation. Don’t you believe it. A recent Congressional Budget Office (CBO) report demonstrates how Republicans’ reforms in that law merely attempted to slow an unsustainable Medicaid program following a Biden-era spending explosion. But for good or for ill, the program’s spending continues to grow inexorably higher, notwithstanding those reforms. Scaling Back Biden’s Spending Binge Last January, I wrote about that Biden-era Medicaid explosion. From June 2024 to January 2025, CBO increased its estimates of Medicaid spending by $817 billion, or 12 percent, and cited five factors driving such rapid spending growth. Democrat policy priorities, most of them imposed by the Biden administration unilaterally, were at the root of those factors: administrative actions to expand eligibility and prevent states from cracking down on fraud, a mandate on states to cover anti-obesity medications, greater incentives for states to expand Medicaid to able-bodied adults, and policy changes allowing states to bilk the federal government out of additional Medicaid matching funds. The budget reconciliation bill Republicans passed last year undid many of those changes. It repealed the additional incentives Congress passed in 2021 for states to embrace Obamacare’s Medicaid expansion, blocked several costly Biden-era mandates, cracked down on state abuses of the Medicaid financing system, and instituted work requirements for able-bodied adults. But it made no explicit changes to the benefits provided to the vulnerable populations — seniors, individuals with disabilities, and children — for which Medicaid was originally designed. The Other Half of the Story Last week, CBO released its annual report on the budget and economic outlook, its first fiscal update since the reconciliation measure last July. It estimated that last year’s bill would reduce Medicaid spending by $1.184 trillion, a fact Democrats will dutifully repeat ad infinitum between now and Nov. 3. But the welfare-industrial complex won’t bother to mention several other important Medicaid facts to voters. First, even after taking into account the changes in the reconciliation bill, CBO now estimates Medicaid will spend more under Donald Trump than it estimated during the last year of Joe Biden’s presidency. You read that right: From 2026 through 2034, CBO now estimates that Medicaid will spend $7.124 trillion, versus an estimate of $6.862 trillion in June 2024 . In part, that dynamic occurs because, notwithstanding the changes Republicans enacted into law last year, Medicaid spending continues to climb ever higher. Even as it reduced Medicaid spending by nearly $1.2 trillion to reflect legislative changes from the reconciliation bill, CBO cited “technical changes” to increase spending by $700 billion over the coming decade. While noting lower-than-expected enrollment growth in 2025, “[c]osts per enrollee grew by 16 percent in 2025 — significantly more than CBO had anticipated,” and a trend the budget gnomes expect to continue. Contra claims about Medicaid “cuts,” program spending will continue to grow every single year over the coming decade. From 2026 through 2036, CBO believes Medicaid spending will grow by a total of 39 percent, due to both growth from inflation and 18 percent growth in real (i.e., inflation-adjusted) spending per beneficiary. Democrats will cite the estimated 14 percent reduction in Medicaid beneficiaries as evidence of the likely harm caused by the budget reconciliation measure. But even here, CBO notes that the number of individuals “losing” coverage “includes 1.5 million enrollees whose records indicated enrollment in more than one state and who would retain Medicaid eligibility in their current state of residence.” This “cut” reflects not individuals being harmed but “enrollees” who never should have had duplicate coverage to begin with. Unsustainable Programs Require Reform Rather than showing Draconian reductions under the new law, the CBO report illustrates how Medicaid spending, like that of other federal health care programs, continues to grow ever higher. It serves as an indictment, not of congressional Republicans who enacted common-sense Medicaid reforms as a first step to slow the spiraling growth in costs, but of those who continue to ignore our unsustainable entitlements.","The latest CBO report illustrates how Medicaid spending, like that of other federal health care programs, continues to grow ever higher.",Democrats Claim GOP ‘Gutted’ Medicaid. Federal Data Shows The Opposite,Christopher Jacobs,"['CBO', 'Congressional Budget Office', 'Donald Trump', 'Government Spending', 'health care', 'Joe Biden', 'Medicaid', 'Midterms', 'reconciliation bill', 'Republicans']",Health Care,en-US,https://thefederalist.com/2026/02/20/democrats-claim-gop-gutted-medicaid-federal-data-shows-the-opposite/,The Federalist,2026-02-20 12:38:26,2026-02-20 12:38:28,2026-02-22 14:47:22,the_federalist,the_federalist_262262040760,nan,nan,['nan'],['nan'],669.0,8,1,675,684
Bringing Back The Talking Filibuster Could Help Save America,"Public pressure for the Senate to take up and pass the SAVE America Act, the Republican authored and promoted bill that will require voter ID and proof of U.S. citizenship to vote in our federal elections, has advanced to the point that an unlikely body has actually taken notice of the effort: the Senate itself. Ensconced in six-year terms that are offset from the pressures of presidential elections, protected by rules and norms that in most circumstances require 60 out of 100 senators (that is to say, requiring some partisan crossover) to proceed to the point where a simple majority can pass a bill, and slowed by a consideration of one another’s personal time that borders on obscene, the Senate is often a bystander to its own functions. Recent “innovations,” the various nukings and counter-nukings of rules that will be the enduring legacy of the Reid/Jentleson-McConnell/Stewart era, have further estranged the Senate from its purpose. Non-appropriations bills or bills that otherwise authorize and move hundreds of billions of dollars are relegated to “messaging” or “show-vote” status at best, or, more often, outright ignored. To paraphrase former Rep. Dave Brat (R-VA), if a bill doesn’t service the great donor spreadsheet in the sky, it doesn’t move. It is in this context that we should understand the debate in Republican circles about the revival of the talking filibuster. Sen. Mike Lee (R-UT) and former Senate Steering Director Rachel Bovard have done an admirable and effective job of making the case for the use of this particular procedure in lieu of changing or ignoring any existing Senate rules. Unsurprisingly, the prospect of the Senate passing a bill has met internal and external resistance. Rachel Bovard, apparently an easier target to impugn both directly and indirectly has the naysayers beat on chapter and verse. The lack of technical engagement against her arguments is proof enough of her mastery that I do not need to demonstrate my own deficiencies in debating Senate arcana. Two arguments against the talking filibuster, and Bovard’s advocacy of it in particular, require some public discussion. The first argument is one that masquerades as prudence, in Kimberley Strassel’s social media response to Rachel Bovard’s Federalist piece highlighting the flaws in Strassel’s arguments against the resuscitation of the talking filibuster. After all but conceding that her technical understanding of what was at stake was fatally flawed, Strassel states, “My piece is a foretelling of how this will more likely play out — which spoils the party punch.” To wit, Strassel does not believe that Senate Republicans will be able to hold together to force debate, act in concert against Democratic amendments to preserve the underlying bill, make effective arguments in their own defense, and deliver to 50 votes in favor that the co-sponsorship of the SAVE America Act suggests exist. That is a bold pronouncement against the leadership ability of Majority Leader John Thune, R-SD, and President Trump for a start. But all senators should be offended that it is an acceptable professional parlor game to count their noses before the debate has begun. “They can’t because they won’t” may or may not turn out to be true. Presented as a reason to not take action, however, it points to an unacknowledged part of Bovard’s argument that deserves more attention, as it seeks to remedy the core of the problem in the Senate. Bovard writes, “A talking filibuster — using the Senate as it was designed — provides a catharsis that may, in fact, reduce the pressure to ‘nuke’ the filibuster as the country is able to witness the chamber openly deliberate and negotiate on the issues that matter to them.” That catharsis could prove more vital to our institutions than the SAVE America Act itself. Even senators that never experienced a pre-nuclear Senate know that something is wrong in their chamber. They have powers that they are all but forbidden to use. Their policy ideas are shelved without their consent. They not only cannot solve the biggest problems of the day, but they often are also unable to even discuss them in a legislative context. Doing the textbook version of their jobs, with the public pressure to provide results, would produce that rarest of things in our contemporary politics — a bona fide legitimate result. I differ with many of my colleagues in the conservative movement about the overall efficacy and desirability of legislative debate in achieving our goals. However, a culture of debate undoubtedly has the potential to produce its own norms and scramble factional and partisan plans. For those who have made a cottage industry of warning in dread tones about the pernicious influence of populism and creeping impulses towards imperialism, this new way forward should have at least some appeal. When a longtime veteran of the institution is pleading for this catharsis, for the return of relevance to the institution, it should not be lightly dismissed. The talking filibuster is worth trying. It is worth failure and success. It is worth a public accounting of whether this Senate, in this moment, for this American people, can deliver on its duties.",Bringing back the talking filibuster could prove more vital to our institutions than the SAVE America Act itself.,Bringing Back The Talking Filibuster Could Do More To Save America Than Just Passing The SAVE Act,Justin Ouimette,"['John Thune', 'Kimberley Strassel', 'Mike Lee', 'Rachel Bovard', 'Safeguard American Voter Eligibility Act (SAVE Act)', 'SAVE Act', 'Senate', 'voter ID']",Politics,en-US,https://thefederalist.com/2026/02/19/bringing-back-the-talking-filibuster-could-do-more-to-save-america-than-just-passing-the-save-act/,The Federalist,2026-02-19 19:05:12,2026-02-19 19:05:16,2026-02-22 14:47:22,the_federalist,the_federalist_299442590862,nan,nan,['nan'],['nan'],875.0,9,1,852,862
Hillary Says Mass Migration Dems Allowed Went 'Too Far',"Failed presidential candidate Hillary Clinton said that mass migration had gone “too far” and is “disruptive and destabilizing.” But her acknowledgment rings hollow when her party spent years decrying conservatives as “racists” for saying the same thing while causing the destabilization Clinton warns about. Speaking at the Munich Security Conference in Germany on Saturday, Clinton said , “There is a legitimate reason to have a debate about things like migration.” Clinton said such mass migration has become “disruptive and destabilizing” and that “it needs to be fixed in a humane way with secure borders that don’t torture and kill people.” Hillary Clinton admits illegal immigration went too far: “It went too far, it’s been disruptive and destabilizing.” REMINDER: Biden let millions of unvetted illegal criminals pour into the country for four years. pic.twitter.com/JeqUxJsU7B And while Clinton’s comments are true at face value, they are actually more insulting than honest. Clinton’s comments come as the United States grapples with efforts to mass-deport millions of illegal aliens whom President Joe Biden dumped into the country via a wide-open border, parole programs, and systemic abuse of asylum law — policies Democrats relentlessly defend while demonizing critics. But now as the political and cultural fallout of those policies becomes impossible to ignore and as midterm elections approach, Democrats are suddenly claiming to have discovered common sense. Conservatives for years have been decrying mass migration for many reasons. Putting aside the sheer strain that importing millions of foreigners has on American cities, schools, hospitals, and resources, the influx of millions of illegal aliens erodes our national unity and security and undermines the shared civic culture a republic requires to survive. Border enforcement was never merely about economics, but about preserving America and the conditions that are necessary for a republic to function. Mass migration reshapes the political and cultural character of the country itself — often in ways openly hostile to our founding. Take for example Ugandan-born Socialist Zohran Mamdani ’s recent ascension to the office of the mayor in New York City. Mamdani’s rise was not accidental. A survey released in October from Patriot Polling found Mamdani had 62 percent support from foreign-born New Yorkers and just 31 percent amongst American-born. Mamdani later referenced the large immigrant support that catapulted him to the city’s highest office: “New York will remain a city of immigrants: a city built by immigrants, powered by immigrants and, as of tonight, led by an immigrant.” His victory illustrates something Democrats desperately try to deny: Mass migration doesn’t simply add people to a society, it alters the society. Mamdani’s ideology is hostile to the republic and the very principles on which it was founded. When the electorate shifts because it’s filled with people indifferent to, unfamiliar with, or hostile to those principles, the political outcome inevitably follows. Clinton’s acknowledgment of this reality doesn’t undo it. In fact, it’s something Alexander Hamilton cautioned in 1802, writing that foreigners will “entertain opinions on government congenial with those under which they have lived.” Even if they “should be led hither from a preference to ours, how extremely unlikely is it that they will bring with them that temperate love of liberty , so essential to real republicanism?” he warned. Concepts like personal liberty and limited government mean little to people whose experience with governance comes from nations where republican values never existed in the first place. Importing people from cultures wholly incompatible with America produces instability and destabilization, as Clinton pointed out. Consider Minnesota, where a massive Somali-run fraud scheme has shaken the nation. But anyone who pays attention isn’t surprised. According to CIVICUS — a “global alliance of civil society organisations and activists” — “Weak public institutions [in Somalia] mean civic freedoms are not enforced as they should be.” Further, Somalia’s “Civil society also struggles with funding, a common problem for civic institutions worldwide, as they rely on domestic and international financial support rather than profits.” The International Center for Not-For-Profit Law reported in October that “civic freedoms are fragile” in Somalia.” These realities shape behavior. Somalia’s spoil-based political culture stands in stark contrast to the system of ordered liberty in America, and those habits don’t just vanish Somalis set foot on American soil. This is the uncomfortable truth Democrats refused to acknowledge. That is, culture matters, and not all cultures produce the same civic outcomes. And now that they’re acknowledging it — well, now that Clinton and some others appear to be acknowledging it — it’s too late for the good people of Minnesota who have been defrauded. A functioning nation cannot afford to pretend that all cultural norms are interchangeable. If they were, they would yield the same results — but they don’t. That is why any serious immigration policy must consider cultural compatibility. A nation is not a random assortment of people. People are bound together by a shared language, culture, history, and civic tradition. Importing people who can’t speak English, who don’t share the same culture or civic traditions, results in the destabilization Clinton spoke of. Yet, for stating these truths — that Clinton now casually references — Republicans were maligned as racists, Nazis, white supremacists, and cruel. Now with cities and states destabilized, and with public opinion turning sharply against mass migration, Democrats understand they must rebrand themselves as “moderate” to win the upcoming midterm elections. But Americans should remember that Biden’s open borders were done on purpose. Only when elections are at stake do Democrats pretend to notice the consequences of mass migration.",Hillary Clinton said that mass migration into the United States had gone 'too far' and was 'disruptive and destabilizing.',Hillary Clinton Says Mass Migration Went ‘Too Far’ But Here’s How You Can Tell She Doesn’t Mean It,Brianna Lyman,"['Deportations', 'Hillary Clinton', 'Illegal Immigration', 'Joe Biden', 'mass deportations', 'mass migration', 'Minnesota', 'Munich Security Conference', 'Somalia', 'Zohran Mamdani']",Immigration,en-US,https://thefederalist.com/2026/02/17/hillary-clinton-says-mass-migration-went-too-far-but-heres-how-you-can-tell-she-doesnt-mean-it/,The Federalist,2026-02-17 20:52:06,2026-02-17 20:52:08,2026-02-22 14:47:22,the_federalist,the_federalist_313808358172,nan,nan,['nan'],['nan'],928.0,9,1,917,927
Pakistan greift Taliban- und IS-Ziele in Afghanistan an,"Das teilte das Informationsministerium auf der Plattform X mit. Bei den Angriffen auf sieben Ziele habe es sich um eine Vergeltungsmassnahme für jüngste Selbstmordanschläge unter anderem nahe der Hauptstadt Islamabad gehandelt. Pakistan verfüge über eindeutige Beweise, dass diese Terrorakte im Auftrag der Anführer der jeweiligen Terrorgruppen in Afghanistan verübt worden seien, hiess es weiter. Genauere Angaben zum Ort der Angriffe gab es nicht. Die Angaben der pakistanischen Regierung liessen sich zunächst nicht unabhängig überprüfen. Afghanische Medien berichteten, es seien Ziele in den afghanischen Provinzen Nangarhar und Paktika getroffen worden. Eine offizielle Reaktion aus Kabul gab es zunächst nicht. Die Angriffe vor allem der pakistanischen Taliban auf pakistanische Sicherheitskräfte und staatliche Einrichtungen führen seit Monaten zu massiven Spannungen zwischen den Nachbarländern Afghanistan und Pakistan. Im Herbst vergangenen Jahres kam es zu kurzzeitigen militärischen Auseinandersetzungen an der Grenze. Pakistan flog auch Luftangriffe auf Afghanistan. Pakistan wirft den Taliban in Afghanistan vor, Kämpfern der pakistanischen Taliban (TTP) Schutz zu gewähren. Kabul bestreitet das. Friedensverhandlungen unter der Vermittlung von Katar und der Türkei brachten zuletzt keine anhaltende Einigung. Für neue Spannungen sorgte Anfang Februar ein Anschlag mit 36 Toten auf ein schiitisches Gemeindehaus nahe Islamabad. Der IS reklamierte den Anschlag für sich. Pakistan machte einen Afghanen als Drahtzieher für den Anschlag verantwortlich. (sda/dpa)",Pakistan hat nach eigenen Angaben mehrere Camps und Verstecke der pakistanischen Taliban sowie der Terrormiliz IS im Grenzgebiet zu Afghanistan angegriffen.,Pakistan greift Taliban- und IS-Ziele in Afghanistan an,Nico Conzett,[],"['International', 'Pakistan', 'Gesellschaft &amp; Politik', 'Islamischer Staat (IS)', 'Afghanistan', 'Asien']",de,https://www.watson.ch/international/pakistan/103977558-pakistan-greift-taliban-und-is-ziele-in-afghanistan-an,Watson,2026-02-22 07:45:39,2026-02-22 07:45:39,2026-02-22 14:47:29,watson,watson_103977558,nan,nan,['nan'],['nan'],,8,1,209,218
Brandkatastrophe von Crans-Montana: Freund von Jacques Moretti spricht,"Nach der verheerenden Brandkatastrophe von Crans-Montana in der Neujahrsnacht kamen über den Barbesitzer Jacques Moretti immer neue Details ans Licht. So soll er früher Massagesalons und eine Escort-Website betrieben haben. In Frankreich ist Moretti zudem vorbestraft , er sass beispielsweise wegen Förderung von Prostitution im Gefängnis. 2015 übernahm das Ehepaar dann das «Le Constellation» in Crans-Montana. Moretti gab zwar an, im Wallis gut integriert zu sein, wegen der vielen Arbeit jedoch kein ausgeprägtes Sozialleben zu führen. Wie die Sonntagszeitung berichtet, war Jacques Moretti auch bei zwei anderen Firmen im Handelsregister eingetragen. Diese Spur führt schliesslich zu einem Freund Morettis, der in Spanien lebt und von der Westschweiz aus Escort-Websites betrieben hatte. Sie hatten sich Anfang der 2000er im Prostitutionsgeschäft kennengelernt. Der Mann beschreibt Moretti als einen guten Freund und ergänzt: «Ich werde meine Freunde nicht verleugnen, auch wenn das, was geschehen ist, schrecklich ist.» Der Moment, in dem er ihn wiedersehe, mache ihm Angst. «Sie sind am Boden zerstört. Ich weiss nicht, wie man damit leben kann.» Für ihn steht fest: «Mein Gott, sie haben das nicht absichtlich getan.» Jacques Moretti habe vielleicht Fehler gemacht, sei dafür aber nicht allein verantwortlich. Wäre beispielsweise der Schaumstoff kontrolliert worden, wäre es womöglich nie so weit gekommen. Währenddessen ist noch immer unklar, wer die 500'000 Franken Kaution für Jacques Moretti bezahlt hat, damit er wieder auf freien Fuss kommt. Sein Freund aus Spanien will es nicht gewesen sein, sagt er zur Sonntagszeitung. «Ich bin kein Milliardär.» Dennoch gab er gegenüber RTS an, angeboten zu haben , die Kaution zu bezahlen. Ausserdem habe er den Morettis für die Renovation des «Le Constellation» Geld geliehen, das sei jedoch zurückgezahlt worden. (vro)","Der Barbetreiber von Crans-Montana soll an der Brandkatastrophe eine Mitschuld tragen. Ein Freund erklärt, warum er dennoch zu ihm halte.",Brandkatastrophe von Crans-Montana: Freund von Jacques Moretti spricht,Vroni Fehlmann,[],"['Crans-Montana', 'Wallis', 'Schweiz']",de,https://www.watson.ch/schweiz/crans-montana/104591318-brandkatastrophe-von-crans-montana-freund-von-jacques-moretti-spricht,Watson,2026-02-22 10:35:49,2026-02-22 11:10:23,2026-02-22 14:47:31,watson,watson_104591318,nan,nan,['nan'],['nan'],,8,1,276,285
Seco-Staatssekretärin zu Trumps Zöllen: Müssen uns damit abfinden,"«Nicht ausgeschlossen ist, dass die US-Administration weitere Zölle mit einem neuen Erlass einführen könnte», sagte sie zum «Sonntagsblick». Derzeit sei noch einiges unklar, sagte die Seco-Staatssekretärin weiter. Man werde sich ein paar Tage gedulden müssen. Man sei jedoch auf alle Szenarien vorbereitet gewesen und gehe davon aus, dass die Zölle so oder so bestehen blieben. Die USA hätten öffentlich kommuniziert, dass es noch andere rechtliche Möglichkeiten gebe, etwa über die Section 232 zur nationalen Sicherheit oder die Section 301 zu unlauteren Handelspraktiken. Mit der neuesten Ankündigung von US-Präsident Donald Trump soll ein temporärer Zusatzzoll von 15 Prozent eingeführt werden. Damit schöpft Trump die Höchstgrenze eines Handelsgesetzes aus dem Jahr 1974 aus, auf das er sich beruft und das Zölle für bis zu 150 Tage erlaubt. Ob damit auch Schweizer Importgüter betroffen sind, die bislang unter dem Prozentsatz von 15 gelegen hätten, kläre man laut Budliger Artieda derzeit ab. In jedem Fall komme es auf die Warenkategorie an, und es könne sich auch wieder ändern. Laut der Seco-Staatssekretärin könne die veränderte Ausgangslage neben Herausforderungen auch Chancen bieten. «Oberstes Ziel bleibt, die Arbeitsplätze sowie den Produktionsstandort Schweiz zu sichern und unseren Unternehmen einen möglichst guten Zugang zum wichtigen US-Markt zu gewährleisten», sagte sie. Mit einer Erhöhung auf 15 Prozent würden für Produkte aus der Industrie allerdings dann rund 20 Prozent anfallen. Denn das Seco geht davon aus, dass die neuen Prozentsätze auf jene aufgeschlagen werden, die vor dem April 2025 galten – und das waren für viele Industrieprodukte 5 Prozent. Würde sich das bewahrheiten, lägen die Zölle über der Obergrenze, die im November vereinbart worden war, berichtet die NZZ am Sonntag . Immerhin: Die 15 Prozent gelten erst einmal für 150 Tage, danach bräuchte Trump die Zustimmung des Kongresses. Gleichzeitig hat Trump noch andere Optionen. Er kann beispielsweise Zölle auf Waren verhängen die die nationale Sicherheit der USA bedrohen – bei Stahl und Aluminium hat er dies bereits getan. Gleichzeitig kann er eine Prüfung unangemessener und diskriminierender Handelspraktiken eines Landes ins Rollen bringen, ohne dafür die Zustimmung des Kongresses einzuholen, berichtet die NZZ am Sonntag. Am Freitag hatte der Oberste US-Gerichtshof zahlreiche von Trump unter Berufung auf das Notstandsgesetz IEEPA verhängte Zölle für unrechtmässig erklärt. Die Regierung habe damit rechtswidrig gehandelt, als sie unter Verweis auf das Gesetz aus dem Jahr 1977 Zölle gegen Dutzende Handelspartner eingeführt habe. Betroffen sind unter anderem die sogenannten reziproken Zölle sowie Aufschläge im Zusammenhang mit Fentanyl. Nicht Gegenstand des Urteils sind hingegen produktbezogene Zölle etwa auf Stahl, Aluminium oder Autos, die auf einer anderen gesetzlichen Grundlage beruhen. (vro/sda)",Staatssekretärin Helene Budliger Artieda hat angesichts der jüngsten Entwicklungen im US-Zollstreit zur Geduld gemahnt.,Seco-Staatssekretärin zu Trumps Zöllen: Müssen uns damit abfinden,Nico Conzett,[],"['International', 'Schweiz', 'Wirtschaft', 'Donald Trump', 'USA', 'Gesellschaft &amp; Politik']",de,https://www.watson.ch/international/schweiz/144733379-seco-staatssekretaerin-zu-trumps-zoellen-muessen-uns-damit-abfinden,Watson,2026-02-22 09:27:43,2026-02-22 09:27:43,2026-02-22 14:47:32,watson,watson_144733379,nan,nan,['nan'],['nan'],,8,1,422,431
Russland-Drohnen: Ukrainische Hacker enttarnten Moskaus geheime Routen,"Während Drohnen über ukrainische Städte und Felder fliegen, sitzen anderswo Analystinnen und Analysten vor Bildschirmen und beobachten, was auf gegnerischer Seite passiert. Jetzt zeigt eine Recherche aus der ukrainischen Cyber-Community, wie tief diese digitale Front reicht – und welche Rolle Belarus dabei spielt. Wie das ukrainische Portal «Militarnyi» berichtet, ist es Hackerinnen und Hackern gelungen, sich Zugang zu russischen Militärkonten zu verschaffen. Die Operation wurde demnach vom Cyber-Analysezentrum Fenix in Zusammenarbeit mit der internationalen Geheimdienst-Community Informnapalm durchgeführt. Laut Militarnyi hackten sich die Cyber-Expertinnen und Experten in die Accounts von Dutzenden russischen Militärangehörigen ein. Dadurch erhielten sie Zugriff auf Monitoring-Systeme, die von russischen Drohnenoperatoren genutzt werden. Wichtig: Die ukrainischen Hacker übernahmen keine Kontrolle über die Drohnen. Sie konnten jedoch die Aktivitäten der Operatoren mitverfolgen und Informationen in Echtzeit an die ukrainischen Verteidigungskräfte weiterleiten. Geheimdienstmitarbeitende organisierten demnach eine «rund um die Uhr» laufende verdeckte Überwachung der kompromittierten Accounts. Die gewonnenen Daten wurden unmittelbar an die ukrainischen Streitkräfte übermittelt. Das habe die Lageübersicht der Verteidiger «signifikant verbessert» und es ermöglicht, russische Drohnen «effektiv abzuschiessen und zu unterdrücken», berichtet «Militarnyi» unter Berufung auf Informnapalm. Die Cyber-Operation lief laut Bericht über mehr als sechs Monate. Erst im Februar 2026 sei ihr operativer Aufklärungswert erschöpft gewesen. Ein Grund dafür war, dass ukrainische Streitkräfte in dieser Zeit mehrere erfolgreiche Angriffe auf russische Gefechtsstände und Drohnen-Startplätze in Russland und in den besetzten Gebieten der Ukraine durchgeführt hätten. Genannt werden zudem Standorte der russischen Eliteeinheit «Rubikon». Besonders brisant sind die Erkenntnisse zur Rolle von Belarus. Bereits im September 2025 hätten Analystinnen und Analysten bei der Auswertung abgefangener Chats russischer Operatoren festgestellt, dass Russland aktiv zivile Infrastruktur auf belarussischem Gebiet nutze. Konkret gehe es um Mobilfunkmasten. Diese würden eingesetzt, um stabile Signale für Drohnenangriffe auf Ziele an der Nord- und Westgrenze der Ukraine zu gewährleisten. Teilweise seien Drohnen dabei in den Luftraum von Nato-Staaten eingeflogen, heisst es im Bericht. In der Nacht vom 9. auf den 10. September 2025 sind demnach Dutzende russische Drohnen über Polen geflogen. Laut den ausgewerteten Informationen habe es sich dabei um einen Test neuer Taktiken gehandelt, bei dem die belarussische zivile Mobilfunkinfrastruktur eine Rolle spielte. Ziel war es demnach, Logistikrouten in der Ukraine und in Polen anzugreifen, um die Versorgung der Ukraine mit westlichen Waffen und Ausrüstung zu unterbrechen. Die entsprechenden Informationen seien bereits im September 2025 an Nato-Partner weitergegeben worden. Das Verhältnis zwischen Alexander Lukaschenko und Wladimir Putin gilt seit Jahren als eng, ist aber von klaren Machtasymmetrien geprägt. Belarus ist wirtschaftlich und sicherheitspolitisch stark von Russland abhängig, unter anderem wegen günstiger Energielieferungen und militärischer Kooperation. Nach den umstrittenen Präsidentschaftswahlen in Belarus 2020 und den darauffolgenden Massenprotesten rückte Lukaschenko noch enger an Moskau heran. Seit Beginn des russischen Angriffskriegs gegen die Ukraine stellt Belarus Russland unter anderem sein Territorium für militärische Zwecke zur Verfügung. Der politische Höhepunkt der Cyber-Operation jedenfalls folgte am 18. Februar 2026. An diesem Tag kündigte der ukrainische Präsident Wolodymyr Selenskyj Sanktionen gegen den belarussischen Machthaber an. Als Grund nannte er dessen Beteiligung an der «Eskalation und Verlängerung des Krieges des Aggressorstaates Russland». Informnapalm betont, die Erfahrungen aus dieser und anderen erfolgreichen Cyber-Operationen hätten wichtige Erkenntnisse gebracht: dass eine tiefe Infiltration gegnerischer Kommunikations-, Planungs- und Koordinierungssysteme einen «signifikanten Einfluss» auf den Verlauf der Kampfhandlungen habe.","Ukrainische Hacker haben sich über Monate in russische Militärsysteme eingeschleust – und dabei offengelegt, wie Moskau belarussische Infrastruktur nutzt.",Russland-Drohnen: Ukrainische Hacker enttarnten Moskaus geheime Routen,Lily Diemer,[],"['International', 'Wladimir Putin', 'Ukraine', 'Russland']",de,https://www.watson.ch/international/wladimir-putin/253177730-russland-drohnen-ukrainische-hacker-enttarnten-moskaus-geheime-routen,Watson,2026-02-22 14:36:32,2026-02-22 14:36:32,2026-02-22 14:47:28,watson,watson_253177730,nan,nan,['nan'],['nan'],,7,1,534,542
Hören wir auf zu zögern: KI kann unser Gesundheitssystem stärken,"Über die Risiken der Künstlichen Intelligenz wird viel gesprochen – manchmal sogar zu viel. Währenddessen spart KI in Schweizer Spitälern bereits Zeit, verbessert die Pflege und unterstützt die Teams. Die Schweiz geht eher vorsichtig vor, aber sie macht Fortschritte. Und das ist gut so, denn das Potenzial ist enorm. KI im Gesundheitswesen ist keine Vision für 2040 – sie ist die Realität im Jahr 2026. Sie unterstützt bereits Ärztinnen und Ärzte, verändert die Organisation der Spitäler, fördert Prävention und verringert in manchen Fällen den administrativen Druck. Dennoch müssen wir noch mehr tun, um das volle Potenzial der KI auszuschöpfen – ohne dabei die Risiken zu ignorieren. Ohne uns von Angst oder blindem Enthusiasmus leiten zu lassen, sollten wir uns auf die wirklich entscheidende Frage konzentrieren: Wie können wir das Beste aus der KI herausholen und gleichzeitig die Sorgen im Griff behalten? Jeden Sonntag lädt watson Persönlichkeiten aus der Romandie ein , um aktuelle Ereignisse zu kommentieren oder ein Thema ins Licht zu rücken, das sonst zu wenig Beachtung findet. Mit dabei: Nicolas Feuz (Schriftsteller), Anne Challandes (Schweizer Bauernverband), Roger Nordmann (Berater, ehem. SP-Nationalrat), Damien Cottier (FDP), Céline Weber (GLP), Karin Perraudin (Groupe Mutuel, ehem. CVP), Samuel Bendahan (SP) und die QoQa-Otte. In den Spitälern entwickelt sich KI zunehmend zu einem leistungsfähigen Instrument, das sich in den medizinischen Alltag integriert. Überall zeigt sich dasselbe Bild: KI automatisiert die Medizin nicht – sie unterstützt und ergänzt sie. In der Radiologie, der Mammografie oder der Traumatologie liefern KI-basierte Systeme gewissermassen ein zweites Augenpaar: Sie erkennen Auffälligkeiten, beschleunigen die Auswertung und sorgen für eine bessere Standardisierung. Kein Arzt und keine Ärztin delegiert das eigene Urteil an die Maschine – aber alle gewinnen Zeit und zusätzliche Sicherheit. Bei den Hôpitaux universitaires de Genève (HUG) beschleunigt ein neues KI-Kompetenzzentrum die Integration künstlicher Intelligenz in Bereichen wie Neurowissenschaften, psychische Gesundheit oder Patientenfluss-Management. Auch hier ist KI kein Gadget: Sie hilft, bestimmte Wartezeiten zu verkürzen, Abläufe zu optimieren und das medizinische Personal auf das zu konzentrieren, was wirklich zählt. Ebenfalls bei den Hôpitaux universitaires de Genève ermöglicht der Chatbot «confIAnce» der Bevölkerung, Patientinnen und Patienten sowie Ärztinnen und Ärzten jederzeit Zugang zu überprüften medizinischen Informationen. Er versteht sich als Ergänzung zu physischen Arztkonsultationen. Eine interessante Lösung – gerade vor dem Hintergrund, dass sich die Wartezeiten für Arzttermine verlängern, insbesondere in der Grundversorgung. In der Prävention zeigen Institute wie das CSEM, dass KI zunehmend in der Lage ist, Krankheitsrisiken früher zu erkennen – indem sie biologische Daten, Sensoren, Biomarker oder genomische Analysen kombiniert. Eine stärker personalisierte, kostengünstigere und wirksamere Prävention: ein Wandel, der unser Gesundheitssystem spürbar entlasten kann. Auch auf Seiten der Versicherer hält KI zunehmend Einzug in die Prozesse. Bei der Groupe Mutuel erleichtert der virtuelle Assistent «EVA» administrative Schritte und sorgt für schnelle, konsistente Antworten für die Versicherten. KI ersetzt hier niemanden – sie wirkt als Service-Verstärker für die Kundinnen und Kunden. Der Einsatz von KI im Schweizer Gesundheitssystem bringt selbstverständlich Herausforderungen und gewisse Risiken mit sich. Oft werden folgende Gefahren genannt: Algorithmusfehler, Verzerrungen, technologische Abhängigkeit. Diese Risiken existieren, aber sie dürfen uns nicht lähmen. Das wahre Risiko wäre, ohne Methodik voranzugehen. Das zweite wäre, überhaupt nicht voranzukommen. Stillstand in diesem Bereich ist keine Option. Nehmen wir das Beispiel der Diagnosehilfesysteme. Eine kürzlich durchgeführte Studie, geleitet vom Inselspital und der Universität Bern, erinnert daran, dass sie noch keine Wunder vollbringen: In den Notaufnahmen verbessert die getestete KI die Diagnosequalität nicht signifikant. Sollte man daraus schliessen, dass KI nutzlos ist? Nein. Man sollte daraus schliessen, dass sie ein ergänzendes Werkzeug ist und als solches eingesetzt werden muss. Gleiches gilt für die Fragen der Governance. Die Weltgesundheitsorganisation (WHO) weist darauf hin, dass die rechtlichen Rahmenbedingungen langsamer voranschreiten als die Technologie, aber dass Länder, die frühzeitig handeln, dies zu einem strategischen Vorteil machen können. Und die Schweiz geht in diesem Bereich mit ihrem vorsichtigen und anpassungsfähigen Modell voran. Wir haben alles, was nötig ist, um erfolgreich zu sein – solange wir uns nicht von der Angst lähmen lassen. Was die Bedenken hinsichtlich der technologischen Souveränität betrifft, so führen diese bereits zu konkreten Lösungen. Ein Beispiel dafür ist Apertus, ein Schweizer KI-Modell, das Open Source und mehrsprachig ist. Es zeigt, dass ein innovatives Land wie unseres nicht nur Zuschauer, sondern auch Akteur sein kann. Bleibt die Frage der Cybersicherheit. Ja, die Angriffe nehmen zu. Aber auch hier reagiert die Schweiz. Achtzehn Spitäler haben sich zusammengeschlossen, um ein nationales Zentrum für Cybersicherheit zu schaffen, ihre Tools zu bündeln, Warnungen auszutauschen und ihre Resilienz zu stärken. Eine kollektive Antwort, die das systemische Risiko erheblich verringert. Künstliche Intelligenz sollte weder als Sprung ins Ungewisse noch als magische Lösung wahrgenommen werden. Sie ist ein Beschleuniger. Ein Multiplikator von Fähigkeiten. Sie muss eine ergänzende Rolle zu den menschlichen Kompetenzen spielen. In diesem Kontext hat die Schweiz einen entscheidenden Vorteil: ihre Konsenskultur, ihre ethische Strenge und ihre Innovationskraft. KI ist eine einzigartige Chance, unser Gesundheitssystem voranzubringen. Es liegt an uns, sie verantwortungsbewusst und mit Ambition zu nutzen.",Weder Bedrohung noch Wunder – KI verändert das Schweizer Gesundheitssystem bereits. Wir sollten Risiken regulieren und uns nicht von Ängsten lähmen lassen.,Hören wir auf zu zögern: KI kann unser Gesundheitssystem stärken,Lily Diemer,[],"['Schweiz', 'Röstibrücke', 'Blogs', 'Gesundheit', 'Künstliche Intelligenz', 'Technik']",de,https://www.watson.ch/schweiz/blogs/382753691-hoeren-wir-auf-zu-zoegern-ki-kann-unser-gesundheitssystem-staerken,Watson,2026-02-22 09:23:19,2026-02-22 09:23:45,2026-02-22 14:47:32,watson,watson_382753691,nan,nan,['nan'],['nan'],,10,1,820,831
Nach Zoll-Pleite: Diese Schweizer Firmen wollen Geld von Trump zurück,"Es ist ein herber Rückschlag für Donald Trump: Viele seiner Zölle sind vom höchsten US-Gericht für illegal befunden worden. Zwar denkt der US-Präsident nicht daran, seine Wirtschaftspolitik zu überdenken , dennoch sieht die Ausgangslage für von Zöllen betroffene Firmen deutlich vorteilhafter aus. US-Firmen, aber auch internationale Unternehmen, die als Direktimporteure mit US-Tochtergesellschaft der Regierung Zuschläge abdrücken mussten , könnten nun Forderungen stellen, um Geld zurückzuerhalten. Dazu gehören auch mehrere Schweizer Firmen. Zwei bekannte Unternehmen sprechen bereits jetzt offen von Rückforderungsplänen. So der Grenchner Luxusuhrenhersteller Breitling, wie CEO Georges Kern gegenüber der NZZ am Sonntag bestätigt: «Wir werden versuchen, die Zölle von der US-Regierung zurückzufordern.» Gerade die Schweizer Uhrenindustrie war schwer von Trumps Zollkrieg betroffen, da sie mehrheitlich in der Schweiz produziert und dann exportiert. Die Unternehmen wählten unterschiedliche Strategien, um dem wirtschaftspolitischen Minenfeld zu begegnen. Während sich Swatch-Boss Nick Hayek als einer der lautesten Befürworter eines Konfrontationskurses gegenüber der Trump-Regierung profilierte, versuchte Rolex-Chef Jean-Frédéric Dufour Trump mittels Kuschelkurs milde zu stimmen. Dufour war auch beim umstrittenen Besuch Schweizer Unternehmer im Oval Office zugegen und übergab dem US-Präsidenten eine Luxusuhr. Auch der Glarner Schoggi-Hersteller Läderach will bei den US-Behörden vorstellig werden. «Wenn sich die Möglichkeit ergibt, zu viel gezahlte Beträge zurückzufordern, werden wir das tun», sagt ein Sprecher gegenüber der «NZZ». Die offizielle Schweiz will hingegen keine voreiligen Entscheidungen treffen. Trotz Trumps Justiz-Niederlage will der Bundesrat zunächst mit der US-Regierung weiterverhandeln. Dies vor allem aufgrund der herrschenden Unsicherheit. Trump ist keineswegs bereit, seine aggressive Zollpolitik zu ändern, wie seine ersten Reaktionen auf das Urteil zeigten. Zunächst wollte er einen weltweit gültigen Zollsatz von zehn Prozent unter Berufung auf andere Gesetze erheben, kurz darauf erhöhte er den Satz bereits auf 15 Prozent. Laut Bundespräsident Guy Parmelin bleibt das Ziel der Schweiz dasselbe: Ein rechtsverbindliches Abkommen, das Stabilität garantieren soll – «unabhängig der rechtlichen und politischen Entwicklungen in den USA». (con)","Nachdem viele von Trumps Zöllen für illegal befunden wurden, können Unternehmen Geld von der US-Regierung zurückfordern.",Nach Zoll-Pleite: Diese Schweizer Firmen wollen Geld von Trump zurück,Nico Conzett,[],"['International', 'Schweiz', 'USA', 'Donald Trump', 'Wirtschaft', 'Gesellschaft &amp; Politik']",de,https://www.watson.ch/international/schweiz/440508007-nach-zoll-pleite-diese-schweizer-firmen-wollen-geld-von-trump-zurueck,Watson,2026-02-22 07:32:44,2026-02-22 07:55:43,2026-02-22 14:47:31,watson,watson_440508007,nan,nan,['nan'],['nan'],,10,1,308,319
Trump-Residenz in Mar-a-Lago: Secret Service erschiesst Mann,"Beim Eindringling soll es sich laut Medienberichten um einen jungen Mann um die 20 Jahre handeln. Nähere Angaben machte der Secret Service nicht, da die Angehörigen noch informiert werden müssten. Er habe unerlaubterweise in Donald Trumps Anwesen in West Palm Beach in Florida eindringen wollen, berichtet der Secret Service. Der Vorfall ereignete sich vor rund acht Stunden, als vor Ort noch Nacht herrschte. An armed man was shot & killed by U.S. Secret Service agents & @PBCountySheriff after unlawfully entering the secure perimeter at Mar-a-Lago early this morning. A press briefing with additional details will be held at 9:00 a.m with @FBI and Palm Beach County. pic.twitter.com/jAXhdb1xEL An einer Medienkonferenz schilderte Rick Bradshaw, Sheriff von Palm Beach County, den Ablauf so: Gegen 1.30 Uhr habe das Sicherheitspersonal festgestellt, dass eine Person in den inneren Bereich rund um Mar-a-Lago vorgedrungen sei. Ein Deputy und zwei Secret-Service-Agenten hätten den Mann gestellt. Er habe einen Benzinkanister und eine Schrotflinte bei sich gehabt. Der Mann sei aufgefordert worden, beides fallen zu lassen. Laut Bradshaw stellte er daraufhin den Kanister ab und hob «die Schrotflinte in eine Schussposition». In diesem Moment hätten der Deputy und die beiden Agenten geschossen. Der Mann sei noch am Ort gestorben. Den Journalistinnen und Journalisten zeigte der Sheriff anschliessend ein Foto der Waffe und des Benzinkanisters. Das Motiv des Eindringlings ist noch unklar. Der US-Präsident war nicht vor Ort, da er sich derzeit in Washington befindet. Auch seine Frau Melania weilt im Weissen Haus. Das FBI bat Anwohnende, Aufnahmen von Überwachungskameras zu überprüfen, ob verdächtige Personen darauf zu sehen seien. Falls dies der Fall sei, solle man die Behörden informieren. (vro/kma) Update folgt...","Ein Mann soll versucht haben, auf Trumps Anwesen in Mar-a-Lago einzudringen. Er wurde vom Secret Service getötet.",Trump-Residenz in Mar-a-Lago: Secret Service erschiesst Mann,Vroni Fehlmann,[],"['USA', 'Donald Trump', 'International']",de,https://www.watson.ch/international/usa/455426137-trump-residenz-in-mar-a-lago-secret-service-erschiesst-mann,Watson,2026-02-22 15:14:03,2026-02-22 15:47:06,2026-02-22 14:47:29,watson,watson_455426137,nan,nan,['nan'],['nan'],,7,1,273,281
US-Botschafter empört islamische Welt mit Israel-Aussage,"In einem Interview hatte ihn der rechte Online-Kommentator Tucker Carlson gefragt, ob Israel gemäss wörtlicher Auslegung der Bibel das Recht habe, grosse Teile des heutigen Nahen Ostens zu beanspruchen. Huckabee antwortete: Kurz darauf ruderte er zurück und sagte, Carlsons Frage sei irrelevant, da Israel keine solchen Absichten habe. Israel habe das Recht, in dem Land zu leben, das es derzeit besitze, sagte er. In einer vom saudischen Aussenministerium auf der Plattform X veröffentlichten gemeinsamen Stellungnahme verurteilten die Aussenministerien mehrerer arabischer und muslimischer Staaten zusammen mit der Organisation für Islamische Zusammenarbeit (OIC), der Arabischen Liga und dem Golf-Kooperationsrat die Äusserungen des US-Botschafters «auf das Schärfste». Sie äusserten ihre «tiefe Besorgnis» darüber. Huckabees «gefährliche und hetzerische Äusserungen» stellten einen «eklatanten Verstoss» gegen die Grundsätze des Völkerrechts und die Charta der Vereinten Nationen dar. Der Erklärung schlossen sich neben Saudi-Arabien auch Ägypten, Jordanien, die Vereinigten Arabischen Emirate, Indonesien, Pakistan, Katar, die Türkei, Kuwait, Bahrain, der Oman, der Libanon sowie Syrien und Palästina an. Israel hat seit der Staatsgründung 1948 keine vollständig anerkannten Grenzen. Im Sechstagekrieg 1967 hatte es unter anderem das Westjordanland und Ost-Jerusalem erobert. Dort leben heute inmitten von drei Millionen Palästinensern rund 700'000 israelische Siedler. Die Palästinenser beanspruchen die Gebiete für einen eigenen Staat mit Ost-Jerusalem als Hauptstadt. Kürzlich hatte Israels Regierung laut Medien einen Vorschlag gebilligt, der israelischen Siedlern den Erwerb von Land im Westjordanland erleichtern soll. Verschiedene europäische Staaten kritisierten dies. (sda/dpa)","Arabische und muslimische Staaten haben empört auf Aussagen des US-Botschafters in Israel, Mike Huckabee, reagiert.",US-Botschafter empört islamische Welt mit Israel-Aussage,Nico Conzett,[],"['International', 'USA', 'Israel', 'Naher Osten', 'Islam', 'Gesellschaft &amp; Politik']",de,https://www.watson.ch/international/usa/561501559-us-botschafter-empoert-islamische-welt-mit-israel-aussage,Watson,2026-02-22 08:27:46,2026-02-22 08:27:46,2026-02-22 14:47:29,watson,watson_561501559,nan,nan,['nan'],['nan'],,6,1,233,240
Arosa: Vermisste Skifahrerin wird tot aufgefunden,"Die Skifahrerin war am Freitag in Arosa unterwegs. Kurz nach 17 Uhr meldeten Angehörige sie jedoch bei der Polizei als vermisst. Diese leitete sofort eine grosse Suchaktion ein. Nach wenigen Stunden konnte die 21-Jährige gefunden werden, laut der Kantonspolizei Graubünden in der Nähe der Hörnlipiste. Bei der Frau konnte nur noch der Tod festgestellt werden. Nähere Angaben zum Unglück macht die Polizei nicht. Der Unfallhergang werde nun untersucht. Bei der Suchaktion standen auch Angehörige, SOS Pistenrettungsdienst Arosa-Lenzerheide, Rega und die Bergbahnen Arosa-Lenzerheide im Einsatz. (vro)",Eine 21-Jährige ist in Arosa tödlich verunfallt. Sie war zuvor von Angehörigen als vermisst gemeldet worden.,Arosa: Vermisste Skifahrerin wird tot aufgefunden,Vroni Fehlmann,[],"['Graubünden', 'Unfall', 'Schweiz', 'Polizeirapport']",de,https://www.watson.ch/schweiz/polizeirapport/634863006-arosa-vermisste-skifahrerin-wird-tot-aufgefunden,Watson,2026-02-22 10:24:28,2026-02-22 10:24:29,2026-02-22 14:47:31,watson,watson_634863006,nan,nan,['nan'],['nan'],,6,1,85,92
Trump schickt Schiff nach Grönland – und provoziert Dänemark erneut,"Es solle bei der Versorgung von Kranken helfen, die auf der Arktisinsel keine Hilfe bekämen, schrieb Trump in einem Post auf seiner Plattform Truth Social. «Es ist auf dem Weg!!!» Er sprach von einem «tollen» Schiff, nannte ansonsten aber keine weiteren Einzelheiten. Trumps wiederholte Drohungen, die zum Königreich Dänemark gehörende und strategisch bedeutende Insel notfalls auch mit Gewalt zu annektieren, hatten in den vergangenen Wochen zu Verwerfungen zwischen Europa und den USA geführt. Die US-Marine verfügt über zwei grosse Lazarettschiffe. In der Vergangenheit wurden die schwimmenden Krankenhäuser etwa nach Naturkatastrophen wie massiven Erdbeben oder verheerenden Hurrikans für Hilfseinsätze in betroffene Gebiete verlegt. In der Hochphase der Corona-Pandemie kamen sie zeitweise auch in US-Häfen zum Einsatz. Die Lazarettschiffe haben nach Angaben der Marine eine Kapazität von jeweils rund 1'000 Krankenhausbetten, davon 80 Betten auf der Intensivstation. Auf dem riesigen Gebiet Grönlands leben nur knapp 57'000 Menschen. Zuletzt gab es keine Berichte über einen grossen medizinischen Bedarf dort, der die Entsendung eines Lazarettschiffs als nötig erscheinen liesse. Es blieb zunächst auch unklar, ob die laut Trump geplante Entsendung des Lazarettschiffs mit Dänemarks Regierung oder der im weitgehend autonomen Grönland abgestimmt war. Auch der Zeitrahmen der Verlegung blieb unklar: Einerseits schrieb Trump, dass das Schiff bereits unterwegs sei, andererseits dauert es normalerweise einige Zeit, ein Lazarettschiff mit voller Personalstärke auszustatten. Im Regelbetrieb, wenn die Schiffe vor Anker liegen, befindet sich nur eine minimale Besatzung an Bord. In Grönland ist neben öffentlichen Gesundheitseinrichtungen in der Fläche das Krankenhaus Königin Ingrid in der Hauptstadt Nuuk für kompliziertere Fälle zuständig. In Einzelfällen werden Patienten für aufwendigere Eingriffe auch aus Grönland nach Dänemark ausgeflogen. Europäische Länder wie Deutschland, Grossbritannien und Frankreich haben sich im Konflikt mit den USA hinter Dänemark und Grönland gestellt. Die Regierungen in Kopenhagen und Nuuk lehnen eine Annexion durch die Vereinigten Staaten entschieden ab. Inzwischen haben sie Gespräche mit Trumps Regierung aufgenommen – mit dem Ziel, einen Kompromiss zu finden. (sda/dpa)",Die USA wollen nach Angaben von Präsident Donald Trump ein Lazarettschiff nach Grönland schicken.,Trump schickt Schiff nach Grönland – und provoziert Dänemark erneut,Nico Conzett,[],"['International', 'USA', 'Dänemark', 'Gesellschaft &amp; Politik', 'Grönland']",de,https://www.watson.ch/international/usa/778644734-trump-schickt-schiff-nach-groenland-und-provoziert-daenemark-erneut,Watson,2026-02-22 08:20:35,2026-02-22 08:20:35,2026-02-22 14:47:29,watson,watson_778644734,nan,nan,['nan'],['nan'],,10,1,318,329
