source,model,article_id,subject_bias,framing_bias,treatment_bias,guests_bias,confidence,comment,status,run,overall_bias
jacobin,llama3.2:latest,jacobin_448736831376,-1.0,-1.0,0.0,0.0,0.9,"The article presents a strongly left-leaning perspective on the Cuba blockade, with quotes from Democratic representatives and an expert in sanctions law. The framing is critical of the US policy, portraying it as cruel and illegal under international law.",ok,1,-0.5
jacobin,llama3.2:latest,jacobin_538690573725,-1.0,-1.0,-1.0,0.0,1.0,"The article portrays the Trump administration's actions as heavy-handed, cruel, and motivated by a desire to intimidate and silence critics. The framing is overwhelmingly negative towards the administration and its policies, with no credible counterarguments presented.",ok,1,-0.75
jacobin,llama3.2:latest,jacobin_005466088031,-0.4,0.8,0.2,0.3,0.9,"The article presents a balanced view of the UAW's organizing strategy, highlighting both its successes and limitations. The author acknowledges the challenges of organizing at scale and emphasizes the need for strategic fluency in choosing the right mix of organizing models and tactics to win.",ok,1,0.22500000000000003
jacobin,llama3.2:latest,jacobin_874381297379,-0.5,0.8,0.3,0.0,0.9,"The article presents a nuanced view of the impact of AI on white-collar workers, arguing that it is not a coordinated attack by tech billionaires but rather a natural consequence of technological advancements. The author critiques Chris Hayes's narrative, suggesting that it oversimplifies the issue and fails to acknowledge the long history of precarity in working-class life.",ok,1,0.15000000000000002
jacobin,llama3.2:latest,jacobin_507318743733,-0.5,1.0,0.0,0.0,0.8,"The article presents a neutral and factual account of the film's subject, Hind Rajab, without expressing a clear opinion or bias towards her or her family. The framing is predominantly serious and somber, with a focus on conveying the gravity of the situation. The treatment of both sides is balanced, and there are no quoted guests who express a strong political stance. Overall, the article maintains a neutral tone throughout.",ok,1,0.125
jacobin,llama3.2:latest,jacobin_846483038027,-1.0,0.0,-0.5,0.0,0.9,"While the article does not take a clear stance on the issue, it leans towards presenting a sympathetic view of the workers and their union, which may be perceived as left-leaning.",ok,1,-0.375
jacobin,llama3.2:latest,jacobin_683906457517,-1.0,-1.0,-1.0,-1.0,1.0,"The article portrays the Trump administration's actions as targeting and terrorizing children and their caregivers, highlighting the administration's willingness to prioritize deportation over the well-being of minors. The use of strong language, such as 'kidnapping tactics' and 'defiling sacred spaces,' emphasizes the author's critical perspective on the administration's policies.",ok,1,-1.0
jacobin,llama3.2:latest,jacobin_818510627337,-0.1,0.8,0.4,0.9,0.7,"The language used is often nostalgic and admiring, with phrases such as ""left-wing challenges"" and ""social democratic bloc,"" which suggests a strong left-leaning bias. However, the article also mentions criticisms of Jackson's strategy, indicating a nuanced approach that avoids overt partisanship.",ok,1,0.5
jacobin,llama3.2:latest,jacobin_767642997346,-1.0,-1.0,-1.0,0.0,0.8,"The article presents a left-leaning perspective on the Justice Department's antitrust division and its handling of corporate influence. The framing is critical of the Trump administration's approach, with quotes from a former deputy attorney general criticizing the use of political connections to resolve cases.",ok,1,-0.75
jacobin,llama3.2:latest,jacobin_578530688994,-0.1,0.0,0.0,0.0,0.8,"The article presents a neutral and informative account of Dorrien's life and work, with no apparent left-leaning or right-leaning bias. The tone is scholarly and analytical, focusing on the historical context and intellectual influences that shaped Dorrien's thought.",ok,1,-0.025
jacobin,llama3.2:latest,jacobin_265555549188,-1.0,-1.0,-1.0,-1.0,1.0,"The article presents a strongly critical view of Israel's actions in Gaza, portraying them as genocidal and colonial. The language used is emotive and accusatory, with phrases such as 'brutally and systematically dismantled' and 'age-old colonial tactic'. The article also quotes unnamed sources and makes sweeping statements about the Israeli regime, without providing a balanced or nuanced perspective.",ok,1,-1.0
jacobin,llama3.2:latest,jacobin_940133665222,-0.2,0.8,0.5,0.3,0.9,"While the article acknowledges potential challenges to implementing these reforms, it primarily focuses on the benefits of popular assemblies in building capacity and fostering unity.",ok,1,0.35000000000000003
jacobin,llama3.2:latest,jacobin_601037772224,-0.5,0.0,0.0,0.0,1.0,"The article presents a neutral and factual account of Martin Luther King Jr.'s early life, highlighting his experiences with segregation and activism. The tone is informative and objective, without any apparent bias towards the left or right.",ok,1,-0.125
jacobin,llama3.2:latest,jacobin_125010757319,-0.5,-1.0,-0.8,0.0,0.9,"The article portrays Rodrigo Chaves's administration as populist and confrontational, with a focus on dismantling the Costa Rican welfare state and promoting patriarchal policies. The tone is critical of Chaves's approach, suggesting that it has had little impact in terms of concrete policy achievements.",ok,1,-0.575
jacobin,llama3.2:latest,jacobin_236421211848,-0.5,-0.8,-0.2,0.0,0.9,"The article presents a generally negative view of Trump's actions and statements, portraying him as gushing over Sheinbaum while later promoting conspiracy theories. The tone is critical of Trump's behavior, suggesting left-leaning bias.",ok,1,-0.375
jacobin,llama3.2:latest,jacobin_020900535707,-0.1,-0.2,0.0,0.0,0.7,"The article presents a neutral and informative discussion of mother-led movements in Sweden, emphasizing the importance of public accountability and care for children's rights. The tone is objective, with no clear leaning towards left or right politics.",ok,1,-0.07500000000000001
jacobin,llama3.2:latest,jacobin_163802476498,-0.5,0.8,0.3,0.2,0.9,"The article presents a neutral and informative discussion about the universal pre-K initiative, with no apparent bias towards either side of the political spectrum. The author provides historical context and quotes from Bill de Blasio to support their arguments, which adds credibility to the piece.",ok,1,0.2
jacobin,llama3.2:latest,jacobin_802947543410,,,,,,,recovered,1,
jacobin,llama3.2:latest,jacobin_195097742057,-1.0,-0.5,-0.2,0.0,0.8,"The tone of the article is generally critical, with a focus on highlighting the negative consequences of hyperpolitics. However, the author also acknowledges the potential for social movements to bring about change, as seen in the example of the Black Lives Matter movement.",ok,1,-0.425
jacobin,gemma2:latest,jacobin_448736831376,-0.7,-0.8,-0.9,-0.6,0.8,"The article focuses on criticism of the US blockade against Cuba, using strong language and quotes from left-leaning politicians and legal experts.",ok,1,-0.75
jacobin,gemma2:latest,jacobin_538690573725,,,,,,,fallback,1,
jacobin,gemma2:latest,jacobin_005466088031,,,,,,,recovered,1,
jacobin,gemma2:latest,jacobin_874381297379,-0.2,0.3,0.1,0.0,0.6,"The article critiques a narrative of class war between tech billionaires and white-collar workers, framing it as a natural consequence of capitalism and automation.",ok,1,0.049999999999999996
jacobin,gemma2:latest,jacobin_507318743733,0.2,-0.3,-0.4,0.0,0.6,The article focuses on a tragic event in Gaza and presents the Palestinian perspective. The framing highlights the suffering of civilians and criticizes Israeli actions.,ok,1,-0.125
jacobin,gemma2:latest,jacobin_846483038027,0.2,-0.3,-0.6,0.0,0.7,The article focuses on worker organizing efforts and portrays the company as resistant to unionization. The framing highlights worker struggles and legal victories.,ok,1,-0.175
jacobin,gemma2:latest,jacobin_683906457517,-0.8,-0.9,-0.7,0.0,0.95,"The article strongly criticizes the Trump administration's immigration policies, particularly focusing on the negative impacts on children. The language used is highly charged and emotionally evocative.",ok,1,-0.6000000000000001
jacobin,gemma2:latest,jacobin_818510627337,0.2,-0.3,-0.1,-0.4,0.8,"The article focuses on the left-leaning legacy of Jesse Jackson, highlighting his influence on progressive politics and the Democratic Party. The framing is generally positive towards Jackson and his socialist allies.",ok,1,-0.15
jacobin,gemma2:latest,jacobin_767642997346,-0.3,-0.5,-0.6,0.2,0.7,"The article focuses on corporate influence potentially hindering antitrust enforcement, framing it negatively towards corporations and suggesting a left-leaning perspective.",ok,1,-0.3
jacobin,gemma2:latest,jacobin_578530688994,0.0,0.0,0.0,,0.5,The article presents information about a specific topic without clear political leanings.,recovered,1,0.0
jacobin,gemma2:latest,jacobin_265555549188,,,,,,,fallback,1,
jacobin,gemma2:latest,jacobin_940133665222,0.2,-0.3,0.1,0.0,0.6,The article promotes democratic socialism and popular assemblies as tools for governance. The framing is generally positive towards these concepts.,ok,1,6.938893903907228e-18
jacobin,gemma2:latest,jacobin_601037772224,0.0,-0.1,0.0,0.0,0.7,"The article focuses on the life and activism of Jesse Jackson, highlighting his experiences with segregation and involvement in the civil rights movement.",ok,1,-0.025
jacobin,gemma2:latest,jacobin_125010757319,-0.2,-0.6,-0.7,0.0,0.8,"The article presents a critical view of the Chaves administration, highlighting its negative impacts on social programs and gender equality.",ok,1,-0.375
jacobin,gemma2:latest,jacobin_236421211848,0.0,-0.3,-0.2,-0.5,0.7,The article focuses on US-Mexico relations with a left-leaning framing due to criticism of Trump's rhetoric and policies. Quoted voices lean left.,ok,1,-0.25
jacobin,gemma2:latest,jacobin_020900535707,0.0,-0.2,0.0,0.0,0.6,"The article focuses on grassroots movements advocating for public care, which can be seen as left-leaning. However, the framing avoids overtly political language and presents a neutral perspective on the issues.",ok,1,-0.05
jacobin,gemma2:latest,jacobin_163802476498,,,,,,,fallback,1,
jacobin,gemma2:latest,jacobin_802947543410,0.1,-0.2,-0.3,0.0,0.6,The article focuses on a protest with conflicting narratives surrounding a shooting. The framing leans slightly left due to the emphasis on the activists' perspective and potential police misconduct.,ok,1,-0.1
jacobin,gemma2:latest,jacobin_195097742057,,,,,,,fallback,1,
jacobin,phi3:mini,jacobin_448736831376,-1.0,-1.0,-1.0,-1.0,0.95,The article heavily criticizes the U.S.'s policies towards Cuba and is clearly left-leaning.,ok,1,-1.0
jacobin,phi3:mini,jacobin_538690573725,-1.0,-1.0,-1.0,0.0,0.95,The article exhibits a strong left-leaning bias against the Trump administration's immigration policies and actions during its tenure. The framing of ICE agents as heavy-handed and cruel aligns with right-leaning criticism towards such enforcement tactics.,ok,1,-0.75
jacobin,phi3:mini,jacobin_005466088031,-0.5,-1.0,-1.0,0.0,0.95,The article leans left by discussing labor issues and organizing methods favorably towards worker-to-worker organization over traditional union strategies; it also criticizes the lack of preparation in current staff for such efforts.,ok,1,-0.625
jacobin,phi3:mini,jacobin_874381297379,-1.0,-1.0,-0.5,0.0,0.95,The article presents a critical view of tech billionaires' impact on white-collar jobs and aligns with leftist perspectives without explicit bias towards any political party.,ok,1,-0.625
jacobin,phi3:mini,jacobin_507318743733,,,,,,,fallback,1,
jacobin,phi3:mini,jacobin_846483038027,-0.5,-1.0,-0.7,0.0,0.95,The article leans left with a negative framing towards Chipotle's labor practices and shows treatment bias against the company by highlighting worker grievances without significant defense from their side.,ok,1,-0.55
jacobin,phi3:mini,jacobin_683906457517,,,,,,,fallback,1,
jacobin,phi3:mini,jacobin_818510627337,-0.5,-1.0,-0.7,-1.0,0.9,The article leans left-leaning in its subject matter and framing by highlighting Jesse Jackson's significant influence on socialist movements within the Democratic Party; it also appears to treat these elements more favorably than right-leaning counterparts.,ok,1,-0.8
jacobin,phi3:mini,jacobin_767642997346,-1.0,-0.85,-1.0,-1.0,0.95,"The article presents a strong left-leaning bias towards the Justice Department and its antitrust actions against corporations like Live Nation, Visa, and Apple. The framing is critical of these companies' influence over government agencies while highlighting concerns about political connections affecting legal outcomes.",ok,1,-0.9625
jacobin,phi3:mini,jacobin_578530688994,-0.1,-0.2,-0.3,0.0,0.95,The article leans slightly left due to its focus on social justice and democratic socialism within a religious context. The framing is right-leaning but not strongly so.,ok,1,-0.15000000000000002
jacobin,phi3:mini,jacobin_265555549188,,,,,,,fallback,1,
jacobin,phi3:mini,jacobin_940133665222,-0.5,-0.7,-0.6,0.0,0.9,The article leans towards socialist perspectives with a clear emphasis on working-class power and democratic governance through popular assemblies in New York City's context.,ok,1,-0.44999999999999996
jacobin,phi3:mini,jacobin_601037772224,-1.0,-1.0,-0.5,-1.0,0.9,The article is clearly left-leaning and biased towards civil rights movements as it highlights Jackson's activism against segregation while also showing his personal struggles due to racial discrimination.,ok,1,-0.875
jacobin,phi3:mini,jacobin_125010757319,-1.0,-1.0,-1.0,-1.0,0.95,The article presents a clear left-leaning bias against Rodrigo Chaves' administration and policies. The language used to describe his actions indicates strong disapproval.,ok,1,-1.0
jacobin,phi3:mini,jacobin_236421211848,-1.0,-1.0,-1.0,0.0,0.95,The article strongly leans towards Mexico with a negative portrayal of the US administration's actions and rhetoric.,ok,1,-0.75
jacobin,phi3:mini,jacobin_020900535707,-0.5,-1.0,-0.7,-0.8,0.9,The article is left-leaning in its subject matter and framing by highlighting issues of care as political struggles that reflect broader societal problems. The treatment bias towards the right for public accountability shows a clear favoritism to progressive views on social welfare.,ok,1,-0.75
jacobin,phi3:mini,jacobin_163802476498,-0.15,-0.25,-0.3,0.0,0.95,The article has a slight left-leaning bias in its framing and treatment of universal childcare as primarily beneficial for low-income families while also touching on the political economy aspect that supports creating new agencies specifically focused on early education.,ok,1,-0.175
jacobin,phi3:mini,jacobin_802947543410,-0.25,-0.75,-0.6,0.0,0.95,"The article appears to lean left due to its focus on the negative aspects of right-leaning practices in Texas and criticism towards ICE policies, although it maintains a neutral tone overall.",ok,1,-0.4
jacobin,phi3:mini,jacobin_195097742057,,,,,,,fallback,1,
jacobin,qwen2.5:3b-instruct,jacobin_448736831376,-1.0,-1.0,-1.0,0.0,1.0,"The article focuses on criticizing the U.S. government's actions towards Cuba, with quotes from Democrats who are critical of the blockade. The language is strongly against the U.S. stance.",ok,1,-0.75
jacobin,qwen2.5:3b-instruct,jacobin_538690573725,-1.0,-1.0,-1.0,0.0,1.0,"The article heavily criticizes the Trump administration's actions and portrays them in a negative light, focusing on the abuses of power and lack of accountability.",ok,1,-0.75
jacobin,qwen2.5:3b-instruct,jacobin_005466088031,-0.4,-0.6,-0.5,0.0,1.0,"The article focuses on the use of 'motive-based organizing' and contrasts it with traditional 'structure-based organizing,' leaning towards a more progressive approach.",ok,1,-0.375
jacobin,qwen2.5:3b-instruct,jacobin_874381297379,-0.3,-0.7,-0.5,0.0,1.0,"The article discusses the impact of AI on white-collar jobs, presenting a nuanced view that challenges simplistic class war narratives and highlights the systemic nature of job losses.",ok,1,-0.375
jacobin,qwen2.5:3b-instruct,jacobin_507318743733,-0.5,-0.75,-0.5,0.0,1.0,"The article focuses on a true story about human rights violations, showing empathy and concern for the victims without glorifying any side.",ok,1,-0.4375
jacobin,qwen2.5:3b-instruct,jacobin_846483038027,-0.5,-0.75,-0.5,0.0,1.0,"The article primarily focuses on the unionization efforts of Chipotle workers in Maine and New York, highlighting their successes and challenges. It leans left by emphasizing worker activism and legal advocacy.",ok,1,-0.4375
jacobin,qwen2.5:3b-instruct,jacobin_683906457517,-1.0,-1.0,-1.0,0.0,1.0,"The article focuses on the Trump administration's actions and policies towards immigrant children, portraying them in a negative light.",ok,1,-0.75
jacobin,qwen2.5:3b-instruct,jacobin_818510627337,-1.0,-1.0,-1.0,0.0,1.0,"The article focuses heavily on the left-wing influence and legacy of Jesse Jackson, presenting his work as a model for progressive politics.",ok,1,-0.75
jacobin,qwen2.5:3b-instruct,jacobin_767642997346,-0.8,-0.9,-0.9,0.0,1.0,"The article focuses heavily on the ousting of an antitrust official and subsequent changes in policy, with a strong emphasis on corporate influence over government decisions.",ok,1,-0.65
jacobin,qwen2.5:3b-instruct,jacobin_578530688994,-0.4,-0.6,-0.5,0.0,1.0,"The article focuses on the intellectual and social history of left-Christian thinkers, with a strong emphasis on their contributions to democratic socialism.",ok,1,-0.375
jacobin,qwen2.5:3b-instruct,jacobin_265555549188,-1.0,-1.0,-1.0,0.0,1.0,"The article focuses heavily on the suffering and destruction in Gaza, criticizing Israel's actions and highlighting the ongoing genocide. It does not mention any counter-narratives or perspectives from the Israeli side.",ok,1,-0.75
jacobin,qwen2.5:3b-instruct,jacobin_940133665222,-1.0,-1.0,-1.0,0.0,1.0,"The article is strongly left-leaning in its subject, framing, and treatment of the topic, with no clear right-leaning voices or perspectives presented.",ok,1,-0.75
jacobin,qwen2.5:3b-instruct,jacobin_601037772224,-0.5,-0.7,-0.6,0.0,1.0,"The article focuses on Jesse Jackson's early life and activism, highlighting his experiences with segregation and discrimination. It portrays him as a progressive figure who fought against racial injustice.",ok,1,-0.44999999999999996
jacobin,qwen2.5:3b-instruct,jacobin_125010757319,-0.6,-0.8,-0.7,0.0,1.0,"The article focuses on Rodrigo Chaves's administration and its policies, presenting a critical view that leans heavily towards the left.",ok,1,-0.5249999999999999
jacobin,qwen2.5:3b-instruct,jacobin_236421211848,-0.5,-0.75,-0.5,0.0,1.0,"The article focuses on Mexican president Claudia Sheinbaum's diplomatic approach to Trump, but heavily criticizes its effectiveness and consequences.",ok,1,-0.4375
jacobin,qwen2.5:3b-instruct,jacobin_020900535707,-1.0,-1.0,-1.0,0.0,1.0,"The article focuses on mother-led movements in Sweden advocating for public care and against welfare cutbacks, showing a clear left-leaning perspective.",ok,1,-0.75
jacobin,qwen2.5:3b-instruct,jacobin_163802476498,-0.4,-0.6,-0.5,0.0,1.0,"The article discusses the history and implementation of universal pre-K in New York City, with a focus on Mayor de Blasio's approach. It leans left in its framing and treatment of the topic.",ok,1,-0.375
jacobin,qwen2.5:3b-instruct,jacobin_802947543410,-0.5,-0.75,-0.625,0.0,1.0,"The article focuses on a controversial incident involving police and activists, presenting it from a critical perspective without clear bias towards either side.",ok,1,-0.46875
jacobin,qwen2.5:3b-instruct,jacobin_195097742057,-0.4,-0.6,-0.5,0.0,1.0,"The article focuses on the decline of traditional political institutions and ideologies, presenting a critical view without favoring either side.",ok,1,-0.375
jacobin,gemma3:4b,jacobin_448736831376,0.7,0.8,0.9,0.9,0.95,"The article strongly frames the Executive Order as cruel and unjust, citing multiple Democratic voices and an international law expert. It consistently portrays the U.S. blockade against Cuba as illegal and a form of collective punishment.",ok,1,0.825
jacobin,gemma3:4b,jacobin_538690573725,0.7,0.8,-0.8,-0.2,0.85,"The article heavily frames the Metro Surge operation as an abuse of power, fueled by political motivations and characterized by excessive force and the unjustified targeting of American citizens. It presents a strongly negative treatment of the Trump administration and its officials, highlighting instances of violence and wrongful accusations.",ok,1,0.12499999999999999
jacobin,gemma3:4b,jacobin_005466088031,0.2,0.3,0.7,0.0,0.8,"The article presents a nuanced discussion of organizing strategies, favoring a pragmatic approach that blends momentum-based tactics with established structure-based methods. It highlights the UAW's challenges stemming from outdated practices and ultimately advocates for a bold, scalable strategy to address declining union density.",ok,1,0.3
jacobin,gemma3:4b,jacobin_874381297379,0.3,0.6,0.1,0.0,0.8,"The article primarily frames the tech layoffs as a natural consequence of capitalism and technological advancement, rather than a deliberate class war. It leans slightly left by highlighting the vulnerability of white-collar workers and referencing Marxist analysis, while offering a measured perspective on the broader economic trends.",ok,1,0.24999999999999997
jacobin,gemma3:4b,jacobin_507318743733,0.6,0.7,0.3,0.0,0.8,"The article presents a factual account of the Hind Rajab case, emphasizing the bureaucratic obstacles and the tragic circumstances. It leans slightly towards a critical perspective on the Israeli military's actions, highlighting investigative reports and the perspectives of the Red Crescent workers.",ok,1,0.39999999999999997
jacobin,gemma3:4b,jacobin_846483038027,,,,,,,ok,1,
jacobin,gemma3:4b,jacobin_683906457517,-0.6,0.8,0.9,-0.3,0.8,"This article strongly frames the Trump administration’s actions as abusive and targeting vulnerable individuals, particularly children. It highlights numerous instances of alleged misconduct and seeks to portray the administration negatively.",ok,1,0.2
jacobin,gemma3:4b,jacobin_818510627337,0.7,0.8,0.9,0.6,0.85,"The article heavily frames Jackson's legacy through a left-leaning lens, emphasizing his influence on socialist movements and his critiques of corporate forces. It consistently portrays Jackson as a progressive figure and highlights his impact on subsequent political figures like Sanders and Biden.",ok,1,0.75
jacobin,gemma3:4b,jacobin_767642997346,-0.6,0.7,0.8,0.3,0.85,"The article heavily frames the ouster of Gail Slater as a consequence of political interference and corporate influence within the Justice Department, particularly highlighting concerns about the Trump administration's impact on antitrust enforcement. It demonstrates a clear bias towards a critical perspective of the administration's actions regarding major corporate cases.",ok,1,0.3
jacobin,gemma3:4b,jacobin_578530688994,0.2,0.1,0.3,0.0,0.8,"The article presents a biographical exploration of Dorrien's intellectual development, focusing on his influences and engagement with various philosophical and theological traditions. It offers a relatively neutral treatment of the figures discussed, highlighting their contributions and controversies within the context of left-Christian thought.",ok,1,0.15000000000000002
jacobin,gemma3:4b,jacobin_265555549188,0.7,0.8,0.9,0.1,0.95,"This article heavily frames the situation in Gaza as a continuation of a genocide, emphasizing Israeli actions and the deprivation of Palestinians. It presents a strongly critical perspective, focusing on the ongoing violence and restrictions on aid.",ok,1,0.625
jacobin,gemma3:4b,jacobin_940133665222,0.2,0.3,0.7,0.0,0.8,The article strongly advocates for democratic socialism and frames it as a necessary approach to addressing affordability and empowering working-class communities. It presents Zohran Mamdani's administration favorably by highlighting the potential of popular assemblies to strengthen governance and foster political participation.,ok,1,0.3
jacobin,gemma3:4b,jacobin_601037772224,0.2,0.3,0.4,0.0,0.8,"The article details Jackson's early experiences with segregation and his eventual involvement in the Civil Rights Movement, highlighting instances of injustice and activism. It presents a sympathetic view of Jackson's journey and his role as a leader.",ok,1,0.225
jacobin,gemma3:4b,jacobin_125010757319,-0.6,0.7,0.7,0.0,0.8,"The article presents Rodrigo Chaves' administration as aggressively right-leaning, utilizing confrontational rhetoric and attacking established institutions. It highlights failures in policy and exacerbation of social and economic issues, particularly concerning welfare and gender equality, framing Chaves as prioritizing confrontation over consensus.",ok,1,0.19999999999999998
jacobin,gemma3:4b,jacobin_236421211848,0.1,-0.4,0.3,0.2,0.8,"The article presents a nuanced view of the US-Mexico relationship, highlighting both Sheinbaum's successful diplomacy and the escalating rhetoric from both sides. It critiques the framing of the conflict as a simple 'offer' and 'rejection' while exposing the use of conspiracy theories and historical revisionism.",ok,1,0.04999999999999999
jacobin,gemma3:4b,jacobin_020900535707,0.2,0.3,0.6,0.0,0.8,"The article focuses on grassroots movements advocating for public care, suggesting a left-leaning perspective. It portrays these mothers as actively resisting austerity measures and advocating for improved services, indicating a favorable treatment of their cause.",ok,1,0.275
jacobin,gemma3:4b,jacobin_163802476498,0.3,0.2,0.1,0.0,0.8,"The article presents a largely neutral discussion of the development and implementation of New York City's Universal Pre-K program, focusing on the motivations and decisions behind its design. It explores various perspectives on the program's scope and potential future, including debates around funding, delivery models, and eligibility criteria.",ok,1,0.15
jacobin,gemma3:4b,jacobin_802947543410,,,,,,,ok,1,
jacobin,gemma3:4b,jacobin_195097742057,,,,,,,ok,1,
jacobin,MichelRosselli/apertus:latest,jacobin_448736831376,-1.0,-1.0,-1.0,-1.0,0.98,"These Democratic lawmakers are criticizing the Trump administration's decision to impose new sanctions on Cuba, labeling it as 'pure cruelty' and a form of collective punishment that violates international law.",ok,1,-1.0
jacobin,MichelRosselli/apertus:latest,jacobin_538690573725,-1.0,-1.0,-1.0,0.0,0.95,"The article discusses the Trump administration's anti-migrant policies and their impact on US citizens in Minnesota, highlighting instances of heavy-handedness, abuse of power, and fatalities. It presents a critical view of these actions.",ok,1,-0.75
jacobin,MichelRosselli/apertus:latest,jacobin_005466088031,0.0,-1.0,0.0,0.0,0.95,"The article discusses the use of momentum-based organizing in union campaigns, particularly in the auto industry. It highlights the successes and challenges faced by the UAW (United Auto Workers) in their first attempt at mass-scale organizing in the twenty-first century.",ok,1,-0.25
jacobin,MichelRosselli/apertus:latest,jacobin_874381297379,-0.1,-0.25,-0.38,0.0,0.9,"The article discusses the current job market and how AI is impacting white-collar workers, suggesting that this trend has been ongoing for years and isn't necessarily a coordinated attack from tech billionaires or political opponents.",ok,1,-0.1825
jacobin,MichelRosselli/apertus:latest,jacobin_507318743733,,,,,,,fallback,1,
jacobin,MichelRosselli/apertus:latest,jacobin_846483038027,0.0,-1.0,-1.0,0.0,0.75,"The article focuses on the Chipotle workers' efforts to unionize and their struggles with the company, highlighting labor law violations and harassment. It doesn't take a clear stance for or against any political party.",ok,1,-0.5
jacobin,MichelRosselli/apertus:latest,jacobin_683906457517,-1.0,-1.0,-1.0,-1.0,0.98,"This article highlights the Trump administration's actions against undocumented immigrants, particularly children and their families. The framing is left-leaning as it criticizes the administration's policies and emphasizes the suffering of those affected.",ok,1,-1.0
jacobin,MichelRosselli/apertus:latest,jacobin_818510627337,0.0,-1.0,-1.0,0.0,0.95,"This article discusses the legacy of Reverend Jesse Jackson, a key figure in US civil rights and left-wing politics. It explores his influence on modern political movements, particularly those associated with socialism and anti-capitalism.",ok,1,-0.5
jacobin,MichelRosselli/apertus:latest,jacobin_767642997346,0.0,-1.0,-1.0,0.0,0.95,"This article discusses the ouster of top antitrust cop Gail Slater, amid growing corporate influence and internal divisions within the Justice Department over antitrust matters. The article frames this as a left-leaning narrative, focusing on the Biden administration's efforts to crack down on corporate crimes and alleges that corporate influence may have played a role in Slater's removal.",ok,1,-0.5
jacobin,MichelRosselli/apertus:latest,jacobin_578530688994,0.0,-1.0,-1.0,0.0,0.97,"The article discusses the life and works of two Christian theologians, Dorrien and Tillich, who are known for their left-leaning political beliefs and contributions to social ethics and democratic socialism.",ok,1,-0.5
jacobin,MichelRosselli/apertus:latest,jacobin_265555549188,0.0,-1.0,-1.0,0.0,0.85,"The article presents a comprehensive overview of the ongoing conflict in Gaza, highlighting the human cost and the failure of ceasefire agreements to provide meaningful relief for Palestinians.",ok,1,-0.5
jacobin,MichelRosselli/apertus:latest,jacobin_940133665222,0.0,-1.0,-1.0,0.0,0.75,"The article discusses the importance of popular assemblies in democratic socialism, emphasizing their role in building working-class power and facilitating decision-making processes that are fair and inclusive.",ok,1,-0.5
jacobin,MichelRosselli/apertus:latest,jacobin_601037772224,-0.25,-1.0,-1.0,0.0,0.98,"The article focuses on Jesse Jackson's early life, his experiences with segregation in the South, and his involvement in civil rights activism. The framing leans towards a left-leaning narrative as it discusses issues of racial inequality and social justice.",ok,1,-0.5625
jacobin,MichelRosselli/apertus:latest,jacobin_125010757319,0.0,-1.0,-1.0,0.0,0.95,"The article presents a neutral subject bias, with no clear left or right leaning in the topic selection. The framing is negative, focusing on tensions and confrontations between Chaves's administration and political elites. Treatment of both sides is unfavorable to Chavez's approach, which is criticized for its populist style and aggressive tactics against institutions. There are no quoted speakers or invited voices with clear left or right leanings.",ok,1,-0.5
jacobin,MichelRosselli/apertus:latest,jacobin_236421211848,0.0,-1.0,0.5,0.0,0.789,"The article discusses the diplomatic relations between Mexico and the United States, particularly focusing on President Trump's interactions with Mexican President Claudia Sheinbaum. The tone is critical of Trump's actions and rhetoric, while praising Sheinbaum's leadership and diplomacy.",ok,1,-0.125
jacobin,MichelRosselli/apertus:latest,jacobin_020900535707,0.0,-1.0,-1.0,0.0,0.85,"The article discusses various mother-led movements in Sweden, focusing on their demands for public accountability and better care for children. The tone is critical of the current state of public services and welfare cutbacks.",ok,1,-0.5
jacobin,MichelRosselli/apertus:latest,jacobin_163802476498,0.0,-1.0,-1.0,0.0,0.85,"The article provides a detailed historical context and analysis of universal childcare in NYC, with no clear political bias from the subject matter.",ok,1,-0.5
jacobin,MichelRosselli/apertus:latest,jacobin_802947543410,0.0,-1.0,0.0,0.0,0.75,"The article discusses a noise demonstration that turned violent, resulting in an officer being shot. The framing is left-leaning as it highlights the context of the protest and the potential for violence from armed counterprotesters in red states.",ok,1,-0.25
jacobin,MichelRosselli/apertus:latest,jacobin_195097742057,0.0,-1.0,-1.0,0.0,0.85,"The article provides a neutral perspective on the topic of hyperpolitics, focusing on its historical development and current effects without taking sides.",ok,1,-0.5
jacobin,llama3.1:8b,jacobin_448736831376,-0.8,-1.0,-1.0,-1.0,0.9,"The article presents a strongly left-leaning view, criticizing the Trump administration's policy towards Cuba and highlighting international law concerns. The quotes from Rep. Rashida Tlaib, Rep. Ilhan Omar, and Rep. Chuy García further emphasize this bias.",ok,1,-0.95
jacobin,llama3.1:8b,jacobin_538690573725,-1.0,-1.0,-1.0,0.0,0.8,"Article presents a critical view of the Trump administration's actions, highlighting instances of heavy-handedness and cruelty. The author critiques the administration's policies and treatment of citizens, suggesting a left-leaning bias in both subject selection and framing.",ok,1,-0.75
jacobin,llama3.1:8b,jacobin_005466088031,-0.5,-0.3,-0.4,0.0,0.8,"The article presents a left-leaning perspective on labor organizing, emphasizing the importance of worker-to-worker organizing and criticizing traditional structure-based approaches. The author's experiences with the UAW and their approach to Stand Up 2.0 are presented as a successful example of this approach.",ok,1,-0.30000000000000004
jacobin,llama3.1:8b,jacobin_874381297379,-0.4,-0.6,0.2,0.8,0.7,"Article presents a nuanced view of the impact of AI on white-collar jobs, arguing that it's not a 'class war' but rather the natural result of technological progress. The author critiques Chris Hayes' narrative and provides historical context to support their argument.",ok,1,0.0
jacobin,llama3.1:8b,jacobin_507318743733,-0.5,-1.0,-0.8,-0.7,0.9,"The article presents a factual account of the events surrounding Hind Rajab's story, with a focus on the humanitarian efforts and bureaucratic obstacles faced by the Red Crescent workers. The tone is informative and neutral, with no apparent bias towards any political ideology.",ok,1,-0.75
jacobin,llama3.1:8b,jacobin_846483038027,-0.5,-1.0,-0.8,-1.0,0.9,"The article appears to lean left, focusing on the struggles of workers and the efforts of labor unions to enforce pro-labor legislation.",ok,1,-0.825
jacobin,llama3.1:8b,jacobin_683906457517,-1.0,-1.0,-1.0,-1.0,0.9,"The article presents a strongly left-leaning perspective, criticizing the Trump administration's immigration policies and their impact on children.",ok,1,-1.0
jacobin,llama3.1:8b,jacobin_818510627337,-0.8,-1.0,-0.9,-0.7,0.85,"The article presents a strongly left-leaning view of Reverend Jesse Jackson's legacy, highlighting his influence on the Democratic Party and his anti-corporate agenda. The text also quotes Bernie Sanders, further emphasizing its left-wing perspective.",ok,1,-0.8500000000000001
jacobin,llama3.1:8b,jacobin_767642997346,-0.9,-1.0,-0.8,-0.7,0.85,"The article presents a critical view of corporate influence and the Trump administration's handling of antitrust cases, leaning left in its subject selection, framing, treatment, and guest selection.",ok,1,-0.8500000000000001
jacobin,llama3.1:8b,jacobin_578530688994,-0.5,-0.8,-0.7,-1.0,0.9,"The article discusses the lives and works of left-Christian intellectuals, such as Reinhold Niebuhr and Paul Tillich, in a way that leans towards a sympathetic portrayal of their socialist views.",ok,1,-0.75
jacobin,llama3.1:8b,jacobin_265555549188,-1.0,-1.0,-1.0,-1.0,0.9,"The article presents a strongly left-leaning perspective on the Israeli-Palestinian conflict, focusing on the humanitarian crisis in Gaza and criticizing Israel's actions as part of an ongoing genocide.",ok,1,-1.0
jacobin,llama3.1:8b,jacobin_940133665222,-0.8,-1.0,-0.9,0.0,0.8,"The article presents a strong left-leaning perspective on democratic socialism and its application in New York City, emphasizing the importance of popular assemblies for governance and community engagement.",ok,1,-0.675
jacobin,llama3.1:8b,jacobin_601037772224,-0.25,-0.5,-0.75,-1.0,0.8,"This article appears to be written from a left-leaning perspective, focusing on the civil rights movement and the life of Jesse Jackson. The language used is descriptive and neutral, but the emphasis on social justice and activism suggests a bias towards progressive values.",ok,1,-0.625
jacobin,llama3.1:8b,jacobin_125010757319,-0.5,-1.0,-0.8,0.0,0.9,"The article presents a critical view of Rodrigo Chaves's administration, highlighting its confrontational approach and policies that exacerbate inequality and gender-based violence.",ok,1,-0.575
jacobin,llama3.1:8b,jacobin_236421211848,-0.8,-1.0,-1.0,-1.0,0.9,"The article presents a critical view of Trump's actions and policies, highlighting their negative impact on Mexico-US relations. The author appears to lean left in their analysis.",ok,1,-0.95
jacobin,llama3.1:8b,jacobin_020900535707,-0.5,-0.7,-0.8,-1.0,0.9,"The article presents a sympathetic view of mother-led movements in Sweden, highlighting their struggles and demands for public accountability.",ok,1,-0.75
jacobin,llama3.1:8b,jacobin_163802476498,-0.5,-0.2,-0.3,-0.1,0.8,"The article discusses the concept of universal childcare, its history in New York City, and the challenges of implementing it. The tone is informative and neutral, with a slight left-leaning bias due to the discussion of progressive policies.",ok,1,-0.275
jacobin,llama3.1:8b,jacobin_802947543410,-0.5,-0.7,-0.8,-1.0,0.9,"The article presents a critical view of the government's handling of the incident and highlights potential biases in the official story, but does not explicitly express a clear left or right leaning opinion.",ok,1,-0.75
jacobin,llama3.1:8b,jacobin_195097742057,-0.3,-0.2,-0.1,0.0,0.8,"The article presents a critical view of modern politics, focusing on the decline of institutionalized involvement and the rise of hyperpolitics. The author's tone is generally left-leaning, but with some neutral observations.",ok,1,-0.15
jacobin,phi3.5:latest,jacobin_448736831376,-1.0,-1.0,-1.0,-1.0,0.95,The article clearly criticizes the blockade against Cuba and portrays it as a cruel punishment targeting civilians rather than officials; this indicates left-leaning bias.,ok,1,-1.0
jacobin,phi3.5:latest,jacobin_538690573725,,,,,,,fallback,1,
jacobin,phi3.5:latest,jacobin_005466088031,-0.1,-0.2,-0.3,0.0,0.85,"The article leans slightly left by advocating for worker-to-worker organizing and critiquing traditional structure-based methods within the context of labor movements in auto plants; however, it maintains a neutral tone towards specific political parties or ideologies. The treatment bias appears to favor strategies that empower workers directly rather than relying on professional staff.",ok,1,-0.15000000000000002
jacobin,phi3.5:latest,jacobin_874381297379,-0.1,-0.3,-0.2,0.0,0.85,The article leans slightly to the left by critiquing tech companies and suggesting a class struggle narrative without strong evidence of intentional targeting or bias against white-collar workers themselves; framing is somewhat critical towards capitalism's impact on employment.,ok,1,-0.15000000000000002
jacobin,phi3.5:latest,jacobin_507318743733,,,,,,,fallback,1,
jacobin,phi3.5:latest,jacobin_846483038027,-0.8,-0.9,-1.0,-1.0,0.95,"The article heavily leans left by discussing labor rights issues and the struggles of workers for fair treatment within a corporate context. The framing is critical towards Chipotle's actions as violations rather than celebrating their business practices or successes. Guest speakers, if any are mentioned from specific political groups like unions (32BJ SEIU), suggest left-leaning bias in the narrative without clear representation of right voices. The treatment is also skewed against Chipotle's corporate stance on labor issues.",ok,1,-0.925
jacobin,phi3.5:latest,jacobin_683906457517,,,,,,,fallback,1,
jacobin,phi3.5:latest,jacobin_818510627337,-0.8,-0.9,-1.0,-1.0,0.95,"The article predominantly discusses left-leaning topics such as civil rights and socialist influences within the Democratic Party; it frames these issues with a negative tone towards right-wing politics while highlighting Jackson's positive impact in advancing economic justice for marginalized groups. The treatment of guests, specifically Bernie Sanders who is associated with leftism, further indicates bias.",ok,1,-0.925
jacobin,phi3.5:latest,jacobin_767642997346,-0.8,-0.9,-0.75,-1.0,0.9,"The article displays a clear left-leaning bias through its critical framing of corporate influence and antitrust issues within the Justice Department. The negative portrayal of lobbying efforts by companies like Hewlett Packard and Apple suggests favor towards more stringent regulatory actions, indicating treatment biases against these entities.",ok,1,-0.8625
jacobin,phi3.5:latest,jacobin_578530688994,0.0,-0.1,-0.2,-0.3,0.95,"The article leans slightly towards left-leaning bias through its focus on democratic socialism and historical figures associated with that movement. The framing is critical of capitalist individualism seen as prevalent during the Gilded Age while highlighting contributions to Christian liberal thought from a progressive standpoint, indicating some degree of rightward intellectual leanings in religious contexts but overall maintaining neutrality on political activism itself (0 bias). Guests or figures like Ransom and Tillich are presented with an emphasis that aligns them more closely with leftist ideals. The treatment is slightly unfavorable to the conservative side, as it critiques certain aspects of American religious tradition from a progressive viewpoint.",ok,1,-0.15000000000000002
jacobin,phi3.5:latest,jacobin_265555549188,,,,,,,fallback,1,
jacobin,phi3.5:latest,jacobin_940133665222,0.0,-0.1,-0.1,0.0,0.95,"The article leans slightly towards a left-leaning perspective by advocating for democratic socialism and emphasizing the role of working class power through collective action rather than individual effort alone; however, it maintains neutrality regarding specific political parties or candidates.",ok,1,-0.05
jacobin,phi3.5:latest,jacobin_601037772224,-0.85,-0.95,-1.0,,0.9,The article heavily focuses on Jackson's experiences with segregation and his involvement in the civil rights movement from a left-leaning perspective. The framing is negative towards Jim Crow laws and positive for activism efforts.,ok,1,-0.9333333333333332
jacobin,phi3.5:latest,jacobin_125010757319,-0.8,-1.0,-1.0,0.0,0.9,"The article presents a clear left-leaning bias against Rodrigo Chaves's administration by highlighting its populist rhetoric and attacks on Costa Rica’s welfare state while criticizing his handling of economic policies and gender politics. The framing is confrontational, with strong negative language towards the subject.",ok,1,-0.7
jacobin,phi3.5:latest,jacobin_236421211848,-0.7,-0.8,-0.65,0.0,0.92,"The article exhibits a clear left-leaning bias towards Mexico and criticizes right-wing rhetoric in the US regarding immigration and sovereignty issues; it also maintains neutrality concerning specific guests or speakers as no political figures are quoted. The framing of Mexican leadership positively contrasted with negative portrayal of Trump's statements, indicating a left bias.",ok,1,-0.5375
jacobin,phi3.5:latest,jacobin_020900535707,-0.7,-0.65,-0.6,,0.9,The article leans left by highlighting grassroots movements advocating for public care and women's rights in the face of welfare cutbacks; it frames these issues with a critical tone towards privatization.,ok,1,-0.65
jacobin,phi3.5:latest,jacobin_163802476498,,,,,,,fallback,1,
jacobin,phi3.5:latest,jacobin_802947543410,-0.1,-0.2,-0.3,-0.1,0.85,"The article leans slightly to the left by focusing on issues like gun culture in Texas and violence against marginalized groups, with a clear critical tone towards law enforcement actions during protests. The guests' bias is neutral as it presents multiple perspectives without overt favoritism.",ok,1,-0.17500000000000002
jacobin,phi3.5:latest,jacobin_195097742057,,,,,,,fallback,1,
jacobin,llama3.2:latest,jacobin_448736831376,-1.0,-1.0,-1.0,-1.0,1.0,"The article presents a strongly left-leaning perspective, with all quotes from Democrats and an expert on sanctions law supporting the Cuban government's stance. The tone is critical of US policy towards Cuba.",ok,2,-1.0
jacobin,llama3.2:latest,jacobin_538690573725,-1.0,-1.0,-1.0,0.0,1.0,"The article highlights numerous incidents where federal agents were involved in violent or harassing behavior, including physical attacks, arrests, and vandalism. The tone is critical of the Trump administration's actions, with a focus on the human impact of these policies.",ok,2,-0.75
jacobin,llama3.2:latest,jacobin_005466088031,-0.5,0.8,0.2,0.0,1.0,"The article presents a left-leaning perspective on labor organizing, highlighting the success of worker-to-worker organizing and criticizing traditional structure-based approaches. The author's experience as a UAW leader is evident in their strategic fluency and ability to adapt to challenging situations.",ok,2,0.125
jacobin,llama3.2:latest,jacobin_874381297379,-0.1,0.8,-0.2,0.0,0.9,"The article presents a nuanced argument that the recent job-cutting bloodbath is not a coordinated political vendetta against white-collar workers, but rather a natural consequence of capitalism's promise to increase productivity through automation and AI. The author suggests that tech billionaires are simply finding cheaper ways to replace jobs, rather than engaging in a targeted attack on the professional class.",ok,2,0.125
jacobin,llama3.2:latest,jacobin_507318743733,-0.5,-1.0,-0.8,0.0,0.9,"The article presents a clear and factual account of the events surrounding Hind Rajab's death, with a strong focus on the bureaucratic obstacles faced by the Red Crescent workers in trying to rescue her. The tone is somber and reflective, with no apparent attempt to sensationalize or dramatize the event.",ok,2,-0.575
jacobin,llama3.2:latest,jacobin_846483038027,-1.0,0.0,-1.0,0.0,0.9,"While the article does not take a strongly partisan stance, its language and framing suggest a left-leaning bias. The use of phrases such as ""anti-union move"" and ""life-changing provisions"" implies a sympathetic view towards labor unions and workers' rights.",ok,2,-0.5
jacobin,llama3.2:latest,jacobin_683906457517,-1.0,-1.0,-1.0,-1.0,1.0,"The article presents a strongly left-leaning narrative, criticizing the Trump administration's treatment of asylum seekers and children. The tone is emotive and condemnatory, with vivid descriptions of the children's experiences in detention centers. The language used is often critical of the administration's policies, with phrases like 'targeted by masked immigration agents' and 'defiling our classrooms.' Overall, the article presents a clear and consistent left-leaning perspective.",ok,2,-1.0
jacobin,llama3.2:latest,jacobin_818510627337,-1.0,-1.0,0.0,-1.0,0.9,"The article portrays Reverend Jesse Jackson as a champion of left-wing economic views and a unifying figure for progressive politics. While the author presents a positive view of Jackson's legacy, it is clear that his influence has been felt in shaping the Democratic Party's stance on issues like socialism and corporate accountability.",ok,2,-0.75
jacobin,llama3.2:latest,jacobin_767642997346,-1.0,0.5,-0.8,-1.0,0.9,,ok,2,-0.575
jacobin,llama3.2:latest,jacobin_578530688994,-0.1,0.0,0.0,0.0,0.9,"The article presents a balanced view of Dorrien's life and work, with no clear leaning towards left or right. The author provides context and background information on the historical figures mentioned, without taking a partisan stance.",ok,2,-0.025
jacobin,llama3.2:latest,jacobin_265555549188,-1.0,-1.0,-1.0,-1.0,1.0,"The article presents a strongly critical view of Israel's actions in Gaza, portraying the ceasefire as a sham and describing the Israeli regime as attacking Gaza again almost immediately after its announcement. The language used is emotive and accusatory, with phrases such as 'brutally and systematically dismantled' and 'genocide', which suggests a left-leaning or anti-Israel bias.",ok,2,-1.0
jacobin,llama3.2:latest,jacobin_940133665222,-0.1,0.8,0.2,0.3,0.9,"The article presents a left-leaning perspective on democratic socialism, emphasizing the importance of popular assemblies in building working-class power and fostering unity. The framing is generally favorable to progressive policies and Zohran's administration, with some neutral sections discussing institutional resistance and the need for an organized base.",ok,2,0.30000000000000004
jacobin,llama3.2:latest,jacobin_601037772224,-1.0,0.0,0.0,0.0,0.9,"The article presents a clear left-leaning narrative, focusing on Jackson's experiences with segregation and his involvement in civil rights activism. The tone is informative and objective, but the emphasis on Jackson's personal story and struggles suggests a subtle bias towards the left.",ok,2,-0.25
jacobin,llama3.2:latest,jacobin_125010757319,-0.5,-1.0,-0.8,0.0,0.9,"The article portrays Rodrigo Chaves's administration as populist and confrontational, with a focus on criticizing the political establishment and the press. The author suggests that Chaves's approach is more aggressive than that of the technocratic right, but fails to provide concrete policy achievements.",ok,2,-0.575
jacobin,llama3.2:latest,jacobin_236421211848,-1.0,-1.0,-0.2,0.0,0.8,"The article presents a left-leaning perspective on the Mexican president's interactions with Trump, highlighting her effective strategy and the US administration's attempts to undermine it. The tone is critical of Trump's behavior, suggesting a left-biased narrative.",ok,2,-0.55
jacobin,llama3.2:latest,jacobin_020900535707,-0.1,0.3,0.0,0.0,0.8,"The article presents a nuanced and balanced view of the mother-led movements in Sweden, highlighting their grassroots nature and focus on collective action. The tone is generally neutral, but slightly leans towards emphasizing the struggles of women within the private sphere.",ok,2,0.049999999999999996
jacobin,llama3.2:latest,jacobin_163802476498,-0.1,0.3,0.2,0.0,0.8,"The article presents a neutral and informative discussion on the evolution of universal childcare in New York City, with Bill de Blasio's administration playing a key role in its implementation. The author provides context on the policy's history, its goals, and the challenges it faced, without taking a clear stance or promoting a particular ideology.",ok,2,0.1
jacobin,llama3.2:latest,jacobin_802947543410,-0.5,-1.0,-1.0,-0.5,0.8,"The article presents a left-leaning perspective, focusing on the activists' goals and methods, while also highlighting the violence and lack of accountability from law enforcement in Texas. The tone is critical of the state's treatment of protesters and its handling of the incident.",ok,2,-0.75
jacobin,llama3.2:latest,jacobin_195097742057,-0.5,-0.2,-0.1,0.0,0.8,"The article presents a critical view of hyperpolitics, suggesting that the current political landscape is characterized by a lack of institutionalized involvement and a decline in civic life. The author argues that this has led to the rise of hyperpolitics, which emphasizes individualistic and disaggregated forms of protest. Overall, the tone is neutral and analytical, with no clear partisan leanings.",ok,2,-0.19999999999999998
jacobin,gemma2:latest,jacobin_448736831376,0.5,-0.7,-0.8,-0.6,0.8,"The article focuses on the negative impacts of US sanctions on Cuba, quoting primarily left-leaning Democratic representatives and experts critical of the policy.",ok,2,-0.4
jacobin,gemma2:latest,jacobin_538690573725,-0.8,-0.9,-0.7,0.0,0.95,The article strongly criticizes the Trump administration's actions and portrays them as authoritarian and cruel. It favors left-leaning viewpoints on immigration and law enforcement.,ok,2,-0.6000000000000001
jacobin,gemma2:latest,jacobin_005466088031,0.2,-0.1,0.0,0.0,0.6,"The article focuses on labor organizing strategies, with a slight lean towards right-leaning framing due to emphasis on 'structure-based' methods often associated with traditional unionism.",ok,2,0.025
jacobin,gemma2:latest,jacobin_874381297379,,,,,,,fallback,2,
jacobin,gemma2:latest,jacobin_507318743733,,,,,,,fallback,2,
jacobin,gemma2:latest,jacobin_846483038027,0.2,-0.3,-0.6,0.0,0.7,"The article focuses on worker organizing efforts against a corporation, framing it as a pro-labor struggle. The treatment of Chipotle is largely negative.",ok,2,-0.175
jacobin,gemma2:latest,jacobin_683906457517,,,,,,,fallback,2,
jacobin,gemma2:latest,jacobin_818510627337,,,,,,,fallback,2,
jacobin,gemma2:latest,jacobin_767642997346,-0.2,-0.3,-0.6,0.1,0.7,The article focuses on perceived corporate influence within the Justice Department and its impact on antitrust cases. The framing is critical of corporate lobbying efforts and suggests a left-leaning stance.,ok,2,-0.25
jacobin,gemma2:latest,jacobin_578530688994,0.2,-0.1,0.3,0.0,0.6,"The article focuses on left-leaning theologians and their contributions to social justice. While the tone is generally neutral, there's a slight favorability towards the subjects' political views.",ok,2,0.1
jacobin,gemma2:latest,jacobin_265555549188,-0.8,-0.9,-0.7,0.0,0.9,"The article strongly condemns Israeli actions in Gaza, using loaded language and framing the situation as a genocide. It presents a one-sided view with little counter-argument.",ok,2,-0.6000000000000001
jacobin,gemma2:latest,jacobin_940133665222,0.2,-0.3,-0.1,0.0,0.6,"The article advocates for 'popular assemblies' as a tool for governance, framing it as beneficial to both the left and the administration. However, the language used leans towards left-leaning ideals.",ok,2,-0.049999999999999996
jacobin,gemma2:latest,jacobin_601037772224,0.0,-0.1,0.0,0.0,0.7,"The article focuses on the life and activism of Jesse Jackson, highlighting his experiences with segregation and involvement in the civil rights movement.",ok,2,-0.025
jacobin,gemma2:latest,jacobin_125010757319,-0.2,-0.6,-0.8,0.0,0.8,"The article presents a largely negative view of the Chaves administration, criticizing its policies and framing them as harmful. The tone is critical and leans left.",ok,2,-0.4
jacobin,gemma2:latest,jacobin_236421211848,0.0,-0.3,-0.2,-0.5,0.7,The article frames Trump's actions and rhetoric negatively while portraying Sheinbaum favorably. Quoted sources lean left.,ok,2,-0.25
jacobin,gemma2:latest,jacobin_020900535707,0.0,-0.2,-0.1,0.0,0.6,The article focuses on grassroots movements of mothers advocating for public care services. The framing emphasizes the struggles and burdens placed on women due to cuts in public resources.,ok,2,-0.07500000000000001
jacobin,gemma2:latest,jacobin_163802476498,0.2,0.1,0.0,0.0,0.6,"The article focuses on a specific policy (universal pre-K) and its implementation in New York City. The framing is generally neutral, presenting both sides of the debate.",ok,2,0.07500000000000001
jacobin,gemma2:latest,jacobin_802947543410,0.2,-0.3,-0.4,0.0,0.6,The article focuses on a controversial event with conflicting narratives. The framing leans slightly left due to emphasis on the activists' perspective and potential police overreach.,ok,2,-0.125
jacobin,gemma2:latest,jacobin_195097742057,-0.2,0.1,0.0,0.0,0.6,The article discusses political trends with a focus on the decline of traditional institutions and the rise of online activism. The tone is analytical rather than overtly partisan.,ok,2,-0.025
jacobin,phi3:mini,jacobin_448736831376,-1.0,-1.0,-1.0,-1.0,1.0,The article strongly criticizes the U.S.'s economic warfare against Cuba and labels it as cruelty by Democrats in Congress.,ok,2,-1.0
jacobin,phi3:mini,jacobin_874381297379,-0.5,-1.0,-0.7,0.0,0.9,"The article suggests a left-leaning bias in its critique of tech companies' impact on white-collar jobs and capitalism; however, it maintains an analytical tone throughout.",ok,2,-0.55
jacobin,phi3:mini,jacobin_846483038027,-0.5,-1.0,-1.0,0.0,0.9,The article leans left due to its focus on labor rights and criticism of corporate practices; framing is critical in highlighting the negative aspects towards Chipotle's actions.,ok,2,-0.625
jacobin,phi3:mini,jacobin_940133665222,-0.25,-0.75,-0.6,0.0,0.95,The article leans towards the left by discussing socialism and democratic values in a positive light while framing right-leaning policies negatively.,ok,2,-0.4
jacobin,phi3:mini,jacobin_125010757319,-0.85,-1.0,-0.9,-0.7,0.95,The article presents a strong left-leaning bias through its negative portrayal of Rodrigo Chaves's administration and policies. The framing is heavily biased against the right due to its critique of his government actions.,ok,2,-0.8625
rts,llama3.2:latest,rts_29147820,-0.1,0.0,0.0,0.0,0.8,"L'article présente une réforme de la rente d'invalidité qui vise à soutenir les jeunes adultes et à stabiliser les finances de l'assurance maladie. La tonalité est neutre, mais il y a quelques expressions positives envers les jeunes personnes.",ok,1,-0.025
rts,llama3.2:latest,rts_29134900,,,,,,,fallback,1,
rts,llama3.2:latest,rts_29144178,-0.2,0.0,-0.3,-0.1,0.8,,ok,1,-0.15
rts,llama3.2:latest,rts_29142365,-0.2,0.1,0.0,0.0,0.7,"L'article présente une analyse objective des événements financiers, mais les extrêts sont légèrement plus à gauche en raison de la mention du terme « séisme » pour décrire l'impact du bitcoin sur le marché. Le ton reste cependant neutre et informatif.",ok,1,-0.025
rts,llama3.2:latest,rts_29152239,-1.0,-1.0,-1.0,0.0,0.8,Les citations d'un Palestinien qui a perdu son neveu ainsi que les réactions du Hamas pourraient être interprétées comme étant plus favorables à la cause palestinienne que celle d'Israël.,ok,1,-0.75
rts,llama3.2:latest,rts_29153846,,,,,,,fallback,1,
rts,llama3.2:latest,rts_29147828,-0.0,-1.0,-0.5,-0.5,0.8,"L'article présente une perspective très critique de la Russie et des soldats russes, en les décrivant comme 'effroyables' et 'bombardant les infrastructures jusqu'à épuisement'. L'auteur utilise également des expressions telles que ""la menace permanente"" pour décrire l'expérience des Européens de l'Est. Cela suggère une orientation politique très favorable à la gauche.",ok,1,-0.5
rts,llama3.2:latest,rts_29115321,-1.0,-1.0,-1.0,-1.0,1.0,"L'article est écrit dans un ton critique, accusant les États-Unis de menacer la stabilité européenne et de déstabiliser le monde en revendiquant l'annexion du Groenland. Les experts cités soutiennent que l'Europe doit prendre des mesures pour se défendre contre ces menaces.",ok,1,-1.0
rts,llama3.2:latest,rts_29151828,-1.0,0.5,-0.2,-0.3,0.8,"L'article présente une vision généralement favorable à la monarchie et aux mouvements anti-républicains, en particulier avec les citations de Reza Pahlavi et Setareh Ashtari. Cependant, il est important de noter que l'article ne présente pas un point de vue uniforme sur le sujet, mais plutôt une réflexion critique des différentes perspectives.",ok,1,-0.25
rts,llama3.2:latest,rts_28980688,-0.5,0.2,0.1,0.8,0.7,"La presse suisse semble favoriser un ton optimiste sur le potentiel économique irakien, mais reconnaît également les risques associés à l'implantation des entreprises étrangères.",ok,1,0.15000000000000002
rts,llama3.2:latest,rts_29150791,-0.1,0.0,0.0,0.0,0.9,"L'article présente un ton neutre et ne semble pas avoir de préférence politique, mais certains mots comme “l’étrange voyage“ pourraient indiquer une légère tendance vers la pensée philosophique ou psychologique qui peut être considérée comme plus liée à la gauche. Le fait que le concert de sifflet soit mentionné en premier et que les autres événements soient décrits de manière plus concise pourrait également suggérer une attention particulière pour l’art et la culture, domaines souvent associés à la gauche.",ok,1,-0.025
rts,llama3.2:latest,rts_29147656,-0.1,-0.2,-0.3,-0.5,0.8,"Le langage employé est formel et objectif, ce qui suggère une tentative de maintenir une neutralité dans la reportage.",ok,1,-0.275
rts,llama3.2:latest,rts_29147331,,,,,,,recovered,1,
rts,llama3.2:latest,rts_29123091,-0.5,0.0,0.0,0.0,1.0,"Le concours est généralement neutre, mais la mention de 'champion du Monde' et les prix en nature pour les gagnants suggèrent un légèrement plus d'influence à gauche, tandis que le fait qu'il s'agisse d'un concours sportif avec des prix en nature pourrait suggérer une légère influence à droite.",ok,1,-0.125
rts,llama3.2:latest,rts_29154335,-0.2,0.1,0.0,-0.05,0.9,"L'article ne présente aucune position politique ou émotionnelle significative, se concentrant principalement sur les faits et les explications techniques de l'évènement.",ok,1,-0.037500000000000006
rts,llama3.2:latest,rts_29148270,-0.3,-0.1,-0.2,0.0,0.8,"L'article présente une vision relativement neutre de la situation, mais avec des allusions légères à la pression américaine sur l'Ukraine pour organiser des élections avant un cessez-le-feu. La représentation du président Zelensky comme un dirigeant capable et populaire est également notée positivement.",ok,1,-0.15000000000000002
rts,llama3.2:latest,rts_29134266,-0.1,-0.2,-0.4,0.0,0.8,"L'article présente une vision critique des relations entre l'Europe et les États-Unis, soulignant la dépendance de l'Europe envers les États-Unis et les efforts de Trump pour détruire l'Union européenne. La tone est analytique et critique envers les politiques américaines.",ok,1,-0.17500000000000002
rts,llama3.2:latest,rts_29147062,,,,,,,recovered,1,
rts,llama3.2:latest,rts_29139994,0.0,0.0,0.0,0.0,1.0,"L'article présente un ton neutre et objectif, sans aucune mention de parti politique ou d'opinion personnelle. La description des calendriers est claire et objective.",ok,1,0.0
rts,llama3.2:latest,rts_29152429,,,,,,,fallback,1,
rts,llama3.2:latest,rts_29147304,-0.0,1.0,1.0,0.0,1.0,"L'article présente un ton positif et élogieux envers Franjo von Allmen, considérant ses performances comme « parfaitement secondées » et son « moisson historique ». Le langage utilisé est également très appréciatif, avec des expressions telles que « FvA » et « le premier Suisse à s'adjuger le titre olympique en super-G chez les messieurs. »",ok,1,0.5
rts,llama3.2:latest,rts_29148433,-1.0,0.0,0.0,0.0,1.0,"L'article présente un ton neutre et objective, en mettant l'accent sur la vie de James Van Der Beek sans prendre position politique. Le langage utilisé est formel et respectueux.",ok,1,-0.25
rts,llama3.2:latest,rts_29148256,-0.5,-0.8,-0.2,0.0,0.9,"L'article présente une récit objectif et détaillé du cas de Jonathan Manilo, mais les citations d'experts comme Leila Boussemacer ajoutent un ton critique et critique envers le système suisse de travail, ce qui peut être perçu comme un biais gauche.",ok,1,-0.375
rts,llama3.2:latest,rts_29138340,-0.5,-1.0,0.2,0.0,0.8,"La représentation des opposantes et opposants à l'initiative est limitée, ce qui peut contribuer à une vision biaisée du débat.",ok,1,-0.325
rts,llama3.2:latest,rts_29153734,,,,,,,fallback,1,
rts,llama3.2:latest,rts_29143391,-1.0,-0.4,-0.2,-0.6,0.8,"L'article présente une vision généralement critique des liens entre la recherche scientifique et l'armée israélienne, avec une phrase mettant en avant les risques éthiques de la collaboration., La mention des responsabilités des scientifiques est également un point positif pour le sujet.",ok,1,-0.5499999999999999
rts,llama3.2:latest,rts_29144921,-0.05,0.0,0.0,0.0,0.9,"L'article présente un sujet neutre, mais le ton est légèrement sympathique envers les victimes de l'hiver 1951 et les experts qui ont contribué à la lutte contre les avalanches.",ok,1,-0.0125
rts,llama3.2:latest,rts_29147162,-0.1,-0.2,-0.3,-0.5,0.8,"L'article présente une vision globale des impacts environnementaux et sociaux du textile, soulignant les défis liés à la régulation et aux responsabilités transférées sur les organisations caritatives. La déclaration de Mathilde Pousseo, déléguée générale d'Ethique sur l'Etiquette, exprime une critique forte envers cette approche.",ok,1,-0.275
rts,llama3.2:latest,rts_29134931,-0.1,0.2,-0.5,-0.3,0.8,"Les citations de la riveraine et du géologue Rodolfo Carosi ajoutent une touche d'objectivité à l'article, mais les allusions à des problèmes politiques et financiers ne sont pas explicitement évoquées.",ok,1,-0.175
rts,llama3.2:latest,rts_29150974,-0.05,-0.2,-0.1,0.0,0.8,"L'article présente un ton critique envers les attaques verbales et physiques des avocats, mais sans aller à l'extrême. Le langage utilisé est formel et objective, indiquant une tendance légèrement gauche dans la rédaction.",ok,1,-0.0875
rts,llama3.2:latest,rts_29142442,-0.1,0.0,-0.2,0.0,0.8,"La cérémonie d'ouverture des Jeux olympiques d'hiver à Milan a été marquée par une grande diversité de cultures et d'artistes, avec un message de paix et d'harmonie. La direction artistique a été confiée à Marco Ballich, qui a réussi à créer une atmosphère festive et inclusive.",ok,1,-0.07500000000000001
rts,gemma2:latest,rts_29147820,0.0,0.0,0.0,0.0,0.7,The article presents a factual account of proposed changes to the Swiss disability insurance system. There is no clear political leaning in the topic or framing.,ok,1,0.0
rts,gemma2:latest,rts_29134900,,,,,,,fallback,1,
rts,gemma2:latest,rts_29144178,,,,,,,fallback,1,
rts,gemma2:latest,rts_29142365,0.0,-0.2,0.0,0.0,0.5,The article focuses on financial market events and does not express clear political opinions. The framing slightly leans left due to the mention of 'tour de vis monétaire' (tightening monetary policy) which is often associated with left-leaning economic views.,ok,1,-0.05
rts,gemma2:latest,rts_29152239,,,,,,,fallback,1,
rts,gemma2:latest,rts_29153846,,,,,,,fallback,1,
rts,gemma2:latest,rts_29147828,,,,,,,fallback,1,
rts,gemma2:latest,rts_29115321,-0.6,-0.8,-0.7,-0.4,0.9,"The article portrays the US as a destabilizing force in Europe and globally, framing Trump's actions negatively. The quoted experts lean left-leaning.",ok,1,-0.6249999999999999
rts,gemma2:latest,rts_29151828,0.2,0.4,0.3,0.6,0.7,"The article focuses on a pro-monarchy demonstration in Munich with quotes from organizers and participants. Trump's statements are also included, framing him as supportive of regime change.",ok,1,0.375
rts,gemma2:latest,rts_28980688,,,,,,,fallback,1,
rts,gemma2:latest,rts_29150791,0.0,0.0,0.0,0.0,0.95,The article presents a variety of cultural events without expressing clear political leanings. The tone is neutral and informative.,ok,1,0.0
rts,gemma2:latest,rts_29147656,0.0,0.0,0.0,0.0,0.7,The article focuses on factual reporting of the Swiss government's response to a fire tragedy. No clear political leanings are expressed.,ok,1,0.0
rts,gemma2:latest,rts_29147331,0.0,0.0,0.0,0.0,0.8,The article reports on Swiss athletes' performance in various Winter Olympics events. No clear political leanings are present.,ok,1,0.0
rts,gemma2:latest,rts_29123091,0.0,0.0,0.0,0.0,0.95,The article describes a contest with no clear political leanings. The focus is on the prizes and rules of participation.,ok,1,0.0
rts,gemma2:latest,rts_29154335,0.0,0.0,0.0,0.0,0.95,The article reports on a factual event with no clear political leanings. No opinions or partisan viewpoints are expressed.,ok,1,0.0
rts,gemma2:latest,rts_29148270,0.0,-0.1,0.0,0.0,0.4,The article presents both sides of the argument regarding elections in Ukraine. There is a slight negative framing towards the US pressure for elections.,ok,1,-0.025
rts,gemma2:latest,rts_29134266,,,,,,,fallback,1,
rts,gemma2:latest,rts_29147062,0.2,0.4,0.1,-0.3,0.6,"The article focuses on a trade dispute between the US and Switzerland, framing it from a perspective that highlights Trump's actions and statements. While not overtly biased against Swiss officials, the tone suggests a more favorable view of Trump's positions.",ok,1,0.10000000000000002
rts,gemma2:latest,rts_29139994,0.0,0.0,0.0,0.0,0.95,The article presents factual information about a calendar phenomenon without expressing political opinions or taking sides.,ok,1,0.0
rts,gemma2:latest,rts_29152429,,,,,,,fallback,1,
rts,gemma2:latest,rts_29147304,0.0,0.0,0.0,0.0,0.95,The article focuses on the performance of Swiss skiers in the Olympics. There is no discernible political slant.,ok,1,0.0
rts,gemma2:latest,rts_29148433,0.0,0.0,0.0,0.0,0.95,The article is a neutral obituary focusing on the life and career of James Van Der Beek. There are no overt political leanings or biases.,ok,1,0.0
rts,gemma2:latest,rts_29148256,0.0,-0.2,-0.3,-0.5,0.6,"The article focuses on a specific case of alleged exploitation, framing it as a problem with Swiss labor laws. Expert quotes lean left.",ok,1,-0.25
rts,gemma2:latest,rts_29138340,,,,,,,fallback,1,
rts,gemma2:latest,rts_29153734,,,,,,,fallback,1,
rts,gemma2:latest,rts_29143391,-0.6,-0.8,-0.7,-0.5,0.7,The article focuses on criticisms of Israeli scientific collaboration and quotes a professor critical of the government's policies. The tone is largely negative towards Israel.,ok,1,-0.6499999999999999
rts,gemma2:latest,rts_29144921,,,,,,,fallback,1,
rts,gemma2:latest,rts_29147162,0.0,-0.2,0.1,-0.3,0.6,"The article presents a factual account of the EU's new textile waste ban. While framing leans slightly left due to emphasis on environmental concerns, treatment of both sides is relatively balanced.",ok,1,-0.1
rts,gemma2:latest,rts_29134931,,,,,,,recovered,1,
rts,gemma2:latest,rts_29150974,0.0,0.0,0.0,0.0,0.8,The article focuses on a statement from lawyers regarding the need for a fair trial and respect for legal processes. It lacks overt political leaning.,ok,1,0.0
rts,gemma2:latest,rts_29142442,0.0,0.0,0.0,0.0,0.95,The article is a neutral report on the opening ceremony of the Milan Cortina 2026 Winter Olympics.,ok,1,0.0
rts,phi3:mini,rts_29147820,-0.1,-0.3,-0.2,0.0,0.95,The article maintains a slight left-leaning bias as it discusses social welfare and inclusivity for young adults with disabilities but avoids overt political rhetoric or favoritism towards one side.,ok,1,-0.15000000000000002
rts,phi3:mini,rts_29134900,,,,,,,fallback,1,
rts,phi3:mini,rts_29144178,-0.2,-0.1,-0.3,0.0,0.95,"The article leans slightly to the left with a focus on animal welfare and agricultural practices; however, it maintains an overall neutral tone without clear bias towards any political ideology or party.",ok,1,-0.15000000000000002
rts,phi3:mini,rts_29142365,-0.8,-1.0,-0.75,0.0,0.9,The article has a clear negative tone towards Bitcoin and the tech industry with left-leaning bias in its language use; it frames cryptocurrency as risky and volatile due to economic uncertainty.,ok,1,-0.6375
rts,phi3:mini,rts_29152239,,,,,,,fallback,1,
rts,phi3:mini,rts_29153846,,,,,,,fallback,1,
rts,phi3:mini,rts_29147828,-1.0,-1.0,-1.0,-1.0,0.95,The article strongly leans left with a high confidence level; it portrays the harsh realities faced by Ukrainians and Poles during wartime with significant bias towards their suffering.,ok,1,-1.0
rts,phi3:mini,rts_29115321,-1.0,-1.0,-1.0,0.0,0.95,,ok,1,-0.75
rts,phi3:mini,rts_29151828,-1.0,-0.7,-0.5,-1.0,0.8,The article appears to lean left with a focus on democratic protests and opposition in Iran against the Islamic Republic government.,ok,1,-0.8
rts,phi3:mini,rts_28980688,,,,,,,fallback,1,
rts,phi3:mini,rts_29150791,0.0,-0.5,0.0,0.0,1.0,The article appears to be politically neutral with no apparent bias towards left or right perspectives.,ok,1,-0.125
rts,phi3:mini,rts_29147656,-0.2,-0.3,-0.4,0.0,0.95,The article presents a balanced view of the Swiss Confederation's response to an unspecified disaster in Crans-Montana with no clear political bias or framing towards left or right perspectives.,ok,1,-0.225
rts,phi3:mini,rts_29147331,-0.1,-0.2,-0.3,0.0,0.95,The article seems to lean slightly towards the right due to its focus on individual achievements and lack of emphasis on collective or social aspects within Swiss sports culture.,ok,1,-0.15000000000000002
rts,phi3:mini,rts_29123091,0.0,-1.0,-1.0,0.0,0.95,The article seems to lean left due to the focus on inclusivity and equal opportunity for participants in a ski competition with prize money provided by sponsors that are not explicitly mentioned as right-leaning entities.,ok,1,-0.5
rts,phi3:mini,rts_29154335,,,,,,,fallback,1,
rts,phi3:mini,rts_29148270,-1.0,-0.5,-1.0,0.0,0.95,The article leans left due to its critical tone towards the imposition of a law martiale and Russia's actions in Ukraine but remains fairly neutral overall.,ok,1,-0.625
rts,phi3:mini,rts_29134266,,,,,,,fallback,1,
rts,phi3:mini,rts_29147062,-0.2,-0.3,-0.15,0.0,0.9,The article appears to lean slightly left due to its critical tone towards the Swiss handling of trade negotiations and Trump's policies but remains fairly neutral overall.,ok,1,-0.1625
rts,phi3:mini,rts_29139994,-0.25,0.0,-0.15,0.0,0.95,The article provides factual information about the February perfect month without promoting or favoring a political ideology.,ok,1,-0.1
rts,phi3:mini,rts_29152429,,,,,,,fallback,1,
rts,phi3:mini,rts_29147304,-1.0,-1.0,0.0,0.0,0.95,The article presents a neutral tone and treatment of all participants without clear bias towards left or right ideologies.,ok,1,-0.5
rts,phi3:mini,rts_29148433,0.0,-1.0,0.0,0.0,1.0,The article is neutral in its subject matter and does not lean politically left or right; it focuses on the life of James Van Der Beek with a touching tone.,ok,1,-0.25
rts,phi3:mini,rts_29148256,-0.5,-1.0,-0.7,0.0,0.9,"The article presents a negative portrayal of the employer's actions and systemic issues in Switzerland regarding work permits for domestic workers from abroad without providing their perspective or defense, indicating left-leaning bias.",ok,1,-0.55
rts,phi3:mini,rts_29138340,-0.2,-0.1,-0.3,0.0,0.95,"The article appears to have a slightly left-leaning bias due to the focus on environmental concerns and criticism of right-wing policies by Simone de Montmollin; however, it maintains political neutrality in its language.",ok,1,-0.15000000000000002
rts,phi3:mini,rts_29153734,,,,,,,fallback,1,
rts,phi3:mini,rts_29143391,-0.75,-1.0,-0.85,-0.9,0.95,The article leans left with a strong bias against right-leaning Israeli politics and policies linked to science funded by Israel.,ok,1,-0.875
rts,phi3:mini,rts_29144921,,,,,,,fallback,1,
rts,phi3:mini,rts_29147162,-0.1,-0.2,-0.3,0.0,0.95,The article presents a left-leaning bias by emphasizing the environmental impacts of textile waste and consumer concerns about fast fashion while criticizing potential negative effects on charities if companies pass off unsold items to them.,ok,1,-0.15000000000000002
rts,phi3:mini,rts_29134931,-0.1,-0.2,-0.3,0.0,0.85,The article appears to lean slightly right due to its critical tone towards the lack of proper safety measures and government response but remains fairly neutral overall.,ok,1,-0.15000000000000002
rts,phi3:mini,rts_29150974,-0.1,-0.2,0.0,0.0,0.95,The article presents a balanced view of the situation with some left-leaning undertones due to its focus on justice and fairness but does not display strong political bias.,ok,1,-0.07500000000000001
rts,phi3:mini,rts_29142442,0.0,-0.1,0.0,0.0,0.95,The article maintains a neutral tone and provides balanced coverage of the Olympic opening ceremony's various elements without evident bias towards left or right perspectives.,ok,1,-0.025
rts,qwen2.5:3b-instruct,rts_29147820,-0.3,-0.5,-0.6,0.0,1.0,"The article focuses on social welfare reforms, with a slightly left-leaning subject and framing bias towards supporting young adults. Treatment bias leans more to the right as it suggests potential financial stability measures.",ok,1,-0.35
rts,qwen2.5:3b-instruct,rts_29134900,-1.0,-1.0,-1.0,0.0,1.0,"The article focuses heavily on the negative conditions and suffering in Gaza, avoiding any positive aspects or perspectives from local sources.",ok,1,-0.75
rts,qwen2.5:3b-instruct,rts_29144178,-0.4,-0.6,-0.5,0.0,1.0,"The article focuses on recent incidents of animal cruelty and the response from authorities, highlighting left-leaning themes such as negligence and inadequate oversight.",ok,1,-0.375
rts,qwen2.5:3b-instruct,rts_29142365,-0.3,-0.7,-0.5,0.0,1.0,"The article focuses on the Bitcoin market and its relation to monetary policy, showing a left-leaning perspective.",ok,1,-0.375
rts,qwen2.5:3b-instruct,rts_29152239,-1.0,-1.0,-1.0,0.0,1.0,"The article consistently portrays the Israeli perspective, while Gaza and Hamas are presented as aggressors or victims of aggression.",ok,1,-0.75
rts,qwen2.5:3b-instruct,rts_29153846,-0.5,-0.75,-0.6,0.0,1.0,"The article focuses on issues related to poverty in Switzerland, with a negative framing and treatment bias towards the left.",ok,1,-0.4625
rts,qwen2.5:3b-instruct,rts_29147828,-1.0,-1.0,-1.0,0.0,0.95,"The article focuses on the European East's perspective of World War II, highlighting their ongoing threat and suffering in Ukraine.",ok,1,-0.75
rts,qwen2.5:3b-instruct,rts_29115321,-1.0,-1.0,-1.0,-1.0,1.0,"The article focuses heavily on European vulnerabilities and the growing influence of the United States, presenting a critical view that is decidedly left-leaning.",ok,1,-1.0
rts,qwen2.5:3b-instruct,rts_29151828,-1.0,-1.0,-1.0,-1.0,0.95,The article heavily favors the left by focusing on calls for regime change in Iran and praising an opposition figure's leadership of a pro-democracy movement.,ok,1,-1.0
rts,qwen2.5:3b-instruct,rts_28980688,0.0,-0.25,-0.25,0.0,1.0,"The article covers a range of topics including economic partnerships, business opportunities in Iraq, and the political climate affecting these efforts.",ok,1,-0.125
rts,qwen2.5:3b-instruct,rts_29150791,-0.4,-0.5,-0.5,0.0,0.9,"The article discusses a variety of events and performances with no clear political bias, but the framing leans slightly towards progressive themes such as mindfulness and cultural exchange.",ok,1,-0.35
rts,qwen2.5:3b-instruct,rts_29147656,-0.3,-0.6,-0.7,0.0,0.9,"The article discusses the inadequacies of current compensation systems and proposes measures to improve support for victims, leaning slightly left in its recommendations.",ok,1,-0.39999999999999997
rts,qwen2.5:3b-instruct,rts_29147331,-0.4,-0.6,-0.7,0.0,1.0,The article focuses on achievements of Swiss athletes in different disciplines and does not present any clear bias towards left or right.,ok,1,-0.425
rts,qwen2.5:3b-instruct,rts_29123091,0.0,0.0,0.0,0.0,1.0,"The article is purely informational and does not contain any bias in subject, framing, treatment, or guests.",ok,1,0.0
rts,qwen2.5:3b-instruct,rts_29154335,0.0,0.0,0.0,0.0,1.0,The article is purely factual and does not exhibit any bias towards left or right.,ok,1,0.0
rts,qwen2.5:3b-instruct,rts_29148270,-1.0,-1.0,-1.0,0.0,0.95,"The article consistently portrays the Ukrainian government's stance on elections during wartime, favoring a left-leaning perspective.",ok,1,-0.75
rts,qwen2.5:3b-instruct,rts_29134266,-1.0,-1.0,-1.0,-1.0,1.0,"The article heavily criticizes the relationship between the United States and Europe, presenting it as a one-sided dependency where American military might is seen as indispensable for European defense.",ok,1,-1.0
rts,qwen2.5:3b-instruct,rts_29147062,-0.4,-0.6,-0.5,-0.3,1.0,"The article predominantly discusses Trump's views on Switzerland and its economic relationship with the US, showing a clear right-leaning perspective.",ok,1,-0.45
rts,qwen2.5:3b-instruct,rts_29139994,0.0,0.0,0.0,0.0,1.0,The article discusses a mathematical property of the calendar without taking any political stance.,ok,1,0.0
rts,qwen2.5:3b-instruct,rts_29152429,-0.5,-0.75,-0.75,0.0,1.0,"The article heavily focuses on the violent confrontation between far-left and far-right groups, presenting a biased perspective that leans to the right.",ok,1,-0.5
rts,qwen2.5:3b-instruct,rts_29147304,-0.5,-0.75,-0.5,0.0,1.0,"The article focuses on a Swiss skier's victory in the super-G event, highlighting his historical achievement and placing emphasis on his success without giving significant attention to other competitors or events.",ok,1,-0.4375
rts,qwen2.5:3b-instruct,rts_29148433,0.0,0.0,0.0,0.0,1.0,The article discusses the life and career of a television actor without taking any political stance or mentioning any political figures.,ok,1,0.0
rts,qwen2.5:3b-instruct,rts_29148256,-0.5,-0.75,-0.625,0.0,1.0,"The article focuses on a case of labor exploitation and its legal implications, leaning left with strong criticism towards the system's failures in protecting workers.",ok,1,-0.46875
rts,qwen2.5:3b-instruct,rts_29138340,-0.5,-0.75,-0.625,0.0,1.0,"The article heavily favors the left, with a strong negative framing and treatment of right-leaning viewpoints.",ok,1,-0.46875
rts,qwen2.5:3b-instruct,rts_29153734,-0.25,-0.75,-0.75,0.0,1.0,"The article focuses on regulatory response to a food contamination issue, with negative framing of corporate reactions and treatment bias towards corporations.",ok,1,-0.4375
rts,qwen2.5:3b-instruct,rts_29143391,,,,,,,fallback,1,
rts,qwen2.5:3b-instruct,rts_29144921,-0.2,-0.4,-0.3,0.0,1.0,"The article discusses a historical event without taking sides, focusing on the impact and lessons learned from the avalanche disaster of 1951 in Switzerland.",ok,1,-0.22500000000000003
rts,qwen2.5:3b-instruct,rts_29147162,-0.2,-0.4,-0.6,0.0,1.0,"The article discusses EU regulations on textile waste, with a focus on environmental and social impacts, but also mentions concerns from the charity sector. The text is generally neutral in terms of subject matter.",ok,1,-0.30000000000000004
rts,qwen2.5:3b-instruct,rts_29134931,-0.5,-0.75,-0.5,0.0,1.0,"The article focuses on a tragic event in Niscemi, Italy and its aftermath. It highlights the lack of proper risk management and potential negligence by authorities and residents. The author presents this as an example to question current practices.",ok,1,-0.4375
rts,qwen2.5:3b-instruct,rts_29150974,-0.8,-0.9,-0.9,0.0,1.0,"The article focuses on condemning attacks against defense lawyers and emphasizes the importance of maintaining judicial integrity, which is a left-leaning topic. The tone is strongly critical of those attacking legal professionals.",ok,1,-0.65
rts,qwen2.5:3b-instruct,rts_29142442,0.0,-0.1,-0.3,0.0,0.85,"The article presents a balanced overview of the opening ceremony, mentioning both Milan and Cortina d'Ampezzo as sites of the event without favoring one over the other.",ok,1,-0.1
rts,gemma3:4b,rts_29147820,0.0,0.2,0.3,0.0,0.8,"The article discusses a Swiss reform of disability insurance, focusing on rising claims, particularly among young adults, and measures to address financial stability. It presents a balanced approach, aiming to support integration while stabilizing the AI's finances.",ok,1,0.125
rts,gemma3:4b,rts_29134900,,,,,,,fallback,1,
rts,gemma3:4b,rts_29144178,0.2,0.3,0.1,0.1,0.7,"The article presents a factual account of animal neglect and subsequent investigation, with a focus on the systemic issues and preventative measures. It highlights the farmer's perspective while also incorporating the viewpoints of authorities and agricultural representatives.",ok,1,0.175
rts,gemma3:4b,rts_29142365,0.2,0.3,0.2,0.0,0.8,"The article focuses on the Bitcoin market decline and the contributing factors, primarily linked to economic uncertainty and investor behavior. It highlights the 'spiral of death' phenomenon and potential contagion effects, presenting a cautious outlook.",ok,1,0.175
rts,gemma3:4b,rts_29152239,0.3,-0.6,-0.7,-0.2,0.85,"The article presents a conflict narrative, primarily focusing on Israeli actions and Palestinian casualties, with a framing that leans towards portraying Israel negatively. It highlights Palestinian accounts of civilian deaths and accuses Israel of violating the ceasefire, while presenting Israeli justifications for their actions.",ok,1,-0.3
rts,gemma3:4b,rts_29153846,,,,,,,ok,1,
rts,gemma3:4b,rts_29147828,0.8,0.9,0.9,0.0,0.8,"The article heavily focuses on the ongoing conflict in Ukraine, particularly the experiences of those living under Russian bombardment and the lasting trauma of WWII. It presents a stark and critical view of Russia's actions and the profound impact of the war on Ukrainian life.",ok,1,0.65
rts,gemma3:4b,rts_29115321,-0.6,0.7,-0.8,0.3,0.8,"The article paints a largely negative picture of the US's role in global affairs, framing it as destabilizing and actively seeking to undermine the European Union and its democratic institutions. It highlights concerns about US influence, Russian support for right-wing parties, and a shift towards a more power-based international order.",ok,1,-0.10000000000000002
rts,gemma3:4b,rts_29151828,0.3,0.6,0.8,0.2,0.7,"The article focuses on calls for regime change in Iran, largely driven by opposition figures and amplified by Donald Trump's rhetoric. It highlights the scale of the protests and the international attention they are receiving, leaning towards a critical view of the Iranian government.",ok,1,0.475
rts,gemma3:4b,rts_28980688,0.0,0.1,0.3,0.2,0.85,"The article presents a generally positive outlook on Swiss-Iraqi economic relations, highlighting investment opportunities and Swiss expertise. However, it acknowledges significant risks related to regional instability and political challenges.",ok,1,0.15000000000000002
rts,gemma3:4b,rts_29150791,,,,,,,ok,1,
rts,gemma3:4b,rts_29147656,0.1,0.2,0.3,0.0,0.8,"The article discusses the financial support being provided to victims of the Crans-Montana fire, highlighting the limitations of existing insurance systems and proposing solutions like mediation and federal aid. It focuses on the need for increased support and the actions being taken by the Valais canton.",ok,1,0.15000000000000002
rts,gemma3:4b,rts_29147331,0.0,0.0,0.0,0.0,0.8,"The article provides a neutral overview of Swiss performance in several winter sports events, focusing on results and notable occurrences. It highlights successes and setbacks for Swiss athletes across skiing, snowboarding, and biathlon.",ok,1,0.0
rts,gemma3:4b,rts_29123091,0.0,0.0,0.0,0.0,0.8,This article is a standard contest announcement detailing prize giveaways and rules. There is no discernible political leaning or favoring of any particular group.,ok,1,0.0
rts,gemma3:4b,rts_29154335,0.0,0.0,0.0,0.0,0.9,This article reports on a natural event – a rockslide – and focuses on the actions taken to address the situation. There is no discernible political leaning or bias in the reporting.,ok,1,0.0
rts,gemma3:4b,rts_29148270,0.1,0.0,0.1,0.1,0.8,"The article presents a balanced view of the challenges surrounding elections in Ukraine, citing both US and Ukrainian perspectives. It highlights the obstacles of war and conflicting statements regarding security guarantees.",ok,1,0.07500000000000001
rts,gemma3:4b,rts_29134266,0.2,0.7,0.6,0.0,0.8,"The article primarily frames the US-Europe relationship as one of dependency and potential conflict, highlighting European skepticism towards American defense guarantees. It leans towards a critical perspective of US foreign policy and emphasizes the need for European autonomy.",ok,1,0.375
rts,gemma3:4b,rts_29147062,,,,,,,ok,1,
rts,gemma3:4b,rts_29139994,0.0,0.0,0.0,0.0,0.8,"This article discusses calendar patterns and occurrences, presenting factual information about February months. There is no discernible political leaning or bias in the content.",ok,1,0.0
rts,gemma3:4b,rts_29152429,,,,,,,fallback,1,
rts,gemma3:4b,rts_29147304,0.0,0.2,0.7,0.6,0.8,"The article primarily focuses on Swiss ski racers' successes at the Olympics, highlighting Franjo von Allmen's impressive achievements and the team's overall performance. It offers a positive framing of the Swiss team's results and accomplishments.",ok,1,0.375
rts,gemma3:4b,rts_29148433,,,,,,,ok,1,
rts,gemma3:4b,rts_29148256,0.2,0.3,0.7,0.0,0.8,"The article primarily focuses on Jonathan Manilo's exploitation and the legal challenges he faced, presenting a sympathetic view of his situation. It highlights the problematic practices of Swiss employers and advocates for stronger protections for migrant workers.",ok,1,0.3
rts,gemma3:4b,rts_29138340,0.2,-0.3,-0.4,0.0,0.8,"The article presents arguments from both sides of the climate fund initiative, highlighting concerns about debt and the rigidity of the proposal while acknowledging the need for climate action. It leans slightly against the initiative due to concerns about financing and potential negative impacts.",ok,1,-0.125
rts,gemma3:4b,rts_29153734,,,,,,,fallback,1,
rts,gemma3:4b,rts_29143391,0.2,0.6,0.3,0.4,0.8,"The article focuses on concerns about potential links between Swiss universities and Israeli military research, framing the issue as ethical and potentially facilitating war crimes. The Swiss government's cautious stance reflects the sensitivity of the topic and awaits further investigation.",ok,1,0.375
rts,gemma3:4b,rts_29144921,0.1,0.2,0.3,0.0,0.8,"The article focuses on a natural disaster and its aftermath, with a focus on the need for investment in avalanche protection. It highlights the political response and the long-term efforts to mitigate the risk, presenting a balanced view of the situation.",ok,1,0.15000000000000002
rts,gemma3:4b,rts_29147162,,,,,,,ok,1,
rts,gemma3:4b,rts_29134931,0.2,0.3,0.1,0.0,0.8,"The article focuses on a natural disaster and governmental response, presenting a neutral overview of the situation. It highlights concerns about preventative measures and potential long-term consequences.",ok,1,0.15
rts,gemma3:4b,rts_29150974,0.1,0.2,0.3,0.0,0.85,"The article expresses concern about attacks on lawyers and the intense media scrutiny surrounding a legal case, advocating for a calm and respectful judicial process. It emphasizes the importance of the legal profession upholding ethical standards and the independence of the judiciary.",ok,1,0.15000000000000002
rts,gemma3:4b,rts_29142442,0.0,0.1,0.1,0.1,0.8,"The article presents a largely neutral overview of the opening ceremony, highlighting key events and participants. It includes mentions of Italian and Swiss dignitaries, indicating a balanced perspective.",ok,1,0.07500000000000001
rts,MichelRosselli/apertus:latest,rts_29147820,,,,,,,fallback,1,
rts,MichelRosselli/apertus:latest,rts_29134900,,,,,,,fallback,1,
rts,MichelRosselli/apertus:latest,rts_29144178,,,,,,,fallback,1,
rts,MichelRosselli/apertus:latest,rts_29142365,0.0,-1.0,-1.0,0.0,0.75,"This article discusses the recent decline of bitcoin and its impact on other financial markets, such as gold and silver. The tone is neutral, focusing on economic factors rather than political opinions.",ok,1,-0.5
rts,MichelRosselli/apertus:latest,rts_29152239,,,,,,,fallback,1,
rts,MichelRosselli/apertus:latest,rts_29153846,,,,,,,fallback,1,
rts,MichelRosselli/apertus:latest,rts_29147828,,,,,,,fallback,1,
rts,MichelRosselli/apertus:latest,rts_29115321,,,,,,,fallback,1,
rts,MichelRosselli/apertus:latest,rts_29151828,,,,,,,fallback,1,
rts,MichelRosselli/apertus:latest,rts_28980688,,,,,,,fallback,1,
rts,MichelRosselli/apertus:latest,rts_29150791,,,,,,,fallback,1,
rts,MichelRosselli/apertus:latest,rts_29147656,0.0,-1.0,-1.0,0.0,0.98,"Article treats the incident and its aftermath with a neutral tone, focusing on legal aid and compensation for victims. No clear political or biased voices mentioned in the article.",ok,1,-0.5
rts,MichelRosselli/apertus:latest,rts_29147331,0.0,-1.0,-1.0,0.0,0.75,"L'article traite principalement des performances des athlètes suisses aux Jeux olympiques d'hiver, sans prendre parti ou promouvoir activement une idéologie politique spécifique.",ok,1,-0.5
rts,MichelRosselli/apertus:latest,rts_29123091,0.0,0.0,0.0,0.0,1.0,"Neutral content without any identifiable political leaning or biases from the mentioned subject, framing, treatment and guest participation.",ok,1,0.0
rts,MichelRosselli/apertus:latest,rts_29154335,,,,,,,fallback,1,
rts,MichelRosselli/apertus:latest,rts_29148270,,,,,,,fallback,1,
rts,MichelRosselli/apertus:latest,rts_29134266,,,,,,,fallback,1,
rts,MichelRosselli/apertus:latest,rts_29147062,,,,,,,fallback,1,
rts,MichelRosselli/apertus:latest,rts_29139994,,,,,,,fallback,1,
rts,MichelRosselli/apertus:latest,rts_29152429,,,,,,,fallback,1,
rts,MichelRosselli/apertus:latest,rts_29147304,,,,,,,fallback,1,
rts,MichelRosselli/apertus:latest,rts_29148433,0.0,0.0,0.0,0.0,1.0,"L'article présente la vie et le décès de James Van Der Beek d'une manière neutre, sans inclure aucun avis politique ou position idéologique.",ok,1,0.0
rts,MichelRosselli/apertus:latest,rts_29148256,,,,,,,fallback,1,
rts,MichelRosselli/apertus:latest,rts_29138340,,,,,,,fallback,1,
rts,MichelRosselli/apertus:latest,rts_29153734,,,,,,,fallback,1,
rts,MichelRosselli/apertus:latest,rts_29143391,,,,,,,fallback,1,
rts,MichelRosselli/apertus:latest,rts_29144921,,,,,,,fallback,1,
rts,MichelRosselli/apertus:latest,rts_29147162,,,,,,,fallback,1,
rts,MichelRosselli/apertus:latest,rts_29134931,,,,,,,fallback,1,
rts,MichelRosselli/apertus:latest,rts_29150974,,,,,,,fallback,1,
rts,MichelRosselli/apertus:latest,rts_29142442,,,,,,,fallback,1,
rts,llama3.2:latest,rts_29147820,-0.3,0.0,0.0,0.0,0.8,"La réforme prévoit des mesures destinées à soutenir et accompagner davantage les jeunes adultes, ce qui suggère une orientation légèrement gauche envers l'aide aux moins avancés dans la vie professionnelle.",ok,2,-0.075
rts,llama3.2:latest,rts_29134900,-1.0,-1.0,-1.0,-1.0,0.9,"L'article présente une narration généralement favorable à la cause palestinienne, avec des témoignages de personnes vivant dans des conditions inhumaines et un manque d'espoir pour l'avenir. Le ton est critiqué envers Israël et son gouvernement, qui est accusé d'être indifférent à la détresse des Gazaouis.",ok,2,-1.0
rts,llama3.2:latest,rts_29144178,-1.0,0.0,-0.5,-0.2,0.8,"L'article présente une approche objective et informative sur le sujet de la maltraitance animale, mais les citations d'experts politiques comme Loïc Frey et Laurent Favre peuvent introduire un ton légèrement partiaux. Le langage utilisé est neutre et ne contient pas d'énoncés sensiblement partiaux.",ok,2,-0.425
rts,llama3.2:latest,rts_29142365,-0.4,0.0,-0.0,0.0,0.5,"L'article présente un ton neutre et ne semble pas avoir de préférence pour la gauche ou la droite, mais le sujet du bitcoin et son lien avec l'économie américaine peuvent suggérer une légère orientation à gauche en raison des mentions de 'la tech' et de 'le grand flou sur l'économie américaine'. Les experts cités sont également mentionnés sans spécifier leur orientation politique.",ok,2,-0.1
rts,llama3.2:latest,rts_29152239,,,,,,,fallback,2,
rts,llama3.2:latest,rts_29153846,,,,,,,fallback,2,
rts,llama3.2:latest,rts_29147828,-1.0,-1.0,-1.0,0.0,1.0,"La présence de témoignages de survivants et de conséquences humaines détaillées renforce cette perception. Cependant, le manque de diversité dans les sources et l'absence de commentaires contraires signent une lecture très partielle du sujet.",ok,2,-0.75
rts,llama3.2:latest,rts_29115321,-1.0,-1.0,-1.0,-1.0,1.0,"L'article présente une analyse critique des actions des États-Unis, en particulier celles de Donald Trump, et souligne la menace qu'il représente pour l'Europe et le système international. Les experts cités dans l'article soutiennent que les États-Unis menacent la stabilité politique et économique de l'Europe et que leur basculement historique a un impact majeur sur le reste du monde.",ok,2,-1.0
rts,llama3.2:latest,rts_29151828,-1.0,0.0,-1.0,0.0,0.9,"Le ton de l'article est neutre, mais les citations et les allusions aux mouvements politiques iraniens suggèrent une orientation gauche.",ok,2,-0.5
rts,llama3.2:latest,rts_28980688,-0.1,0.2,0.5,0.6,0.8,"L'article présente une vision generally positive de l'implication économique suisse en Irak, soulignant les opportunités de croissance et la stabilité du pays. Cependant, il met également en évidence les défis géopolitiques et institutionnels qui freinent la confiance des investisseurs.",ok,2,0.3
rts,llama3.2:latest,rts_29150791,-0.3,0.2,0.1,0.0,0.8,"L'article présente un sujet neutre, avec des événements culturels et des concerts. Le ton est léger et sans préjugés politiques évidents.",ok,2,6.938893903907228e-18
rts,llama3.2:latest,rts_29147656,-0.2,-0.1,0.0,0.0,0.9,"L'article présente un ton neutre et fournit des informations factuelles sur la situation, sans faire de déclarations partiales ou émotionnelles. Cependant, le langage utilisé pour décrire les conséquences de l'incendie (41 morts et 115 blessés) pourrait être considéré comme légèrement plus dramatique que nécessaire, ce qui pourrait suggérer un léger biais à la gauche dans la manière dont l'événement est présenté.",ok,2,-0.07500000000000001
rts,llama3.2:latest,rts_29147331,-0.5,0.0,0.0,0.0,0.8,"L'article présente un ton neutre et ne favorise ni le côté gauche ni le côté droit. La couverture des é Prendre part à la qualification, les résultats de la course sont présentés sans parti pris, mais il est remarqué que les noms des athlètes français et bulgare sont mentionnés avec plus de détails que ceux des autres concurrents.",ok,2,-0.125
rts,llama3.2:latest,rts_29123091,-0.5,0.2,0.1,0.0,0.8,Le concours est organisé de manière neutre et ne présente aucune préférence pour la gauche ou la droite. Les conditions de participation sont claires et les règles du jeu sont égales pour tous les participants.,ok,2,-0.049999999999999996
rts,llama3.2:latest,rts_29154335,,,,,,,fallback,2,
rts,llama3.2:latest,rts_29148270,-1.0,-0.3,-0.2,0.0,0.8,"L'article présente une couverture relativement neutre de l'invasion russe de l'Ukraine, mais avec un ton légèrement critique envers les actions du Kremlin et de la Maison Blanche. Le langage utilisé pour décrire les événements est souvent formel et objectif, sans allusions évidentes à une tendance politique particulière.",ok,2,-0.375
rts,llama3.2:latest,rts_29134266,-0.2,-0.4,0.1,0.0,0.8,"L'article présente une vision critique de la relation entre l'Europe et les États-Unis, mettant en avant les tensions entre le désir d'autonomie européenne et la dépendance à l'égard des États-Unis. La pensée critique du sujet est positive, mais le ton peut être considéré comme légèrement critique envers les États-Unis.",ok,2,-0.12500000000000003
rts,llama3.2:latest,rts_29147062,-1.0,0.0,0.0,0.0,0.8,"L'article présente une vision très critique des politiques de Donald Trump en matière d'économie et de relations internationales, ce qui suggère un ton libéral ou gauche. Le langage utilisé pour décrire les actions du président américain est souvent négatif, ce qui pourrait indiquer une préférence pour l'information libérale.",ok,2,-0.25
rts,llama3.2:latest,rts_29139994,0.0,0.0,0.0,0.0,1.0,"L'article présente un ton neutre et aborde le sujet de manière objective, sans inclure de préjugés politiques. La langue utilisée est formelle et technique, indiquant une approche équilibrée du sujet.",ok,2,0.0
rts,llama3.2:latest,rts_29152429,,,,,,,fallback,2,
rts,llama3.2:latest,rts_29147304,-1.0,1.0,1.0,-1.0,1.0,"L'article présente un ton très positif envers Franjo von Allmen, décrivant sa performance comme ""maîtrisée"" et son « moisson historique » comme une réussite. Le langage utilisé est très élogieux et ne souligne aucune critique ou faille de l'athlète.",ok,2,0.0
rts,llama3.2:latest,rts_29148433,-0.2,0.0,0.0,0.0,1.0,"L'article présente un ton neutre et objective, sans dépendance politique évidente. Le sujet de la mort du comédien James Van Der Beek est traité avec respect et dignité.",ok,2,-0.05
rts,llama3.2:latest,rts_29148256,-0.5,0.2,-0.1,0.8,0.9,"L'article présente une critique de la politique suisse en matière d'immigration et de travail, en soulignant les abus commis contre Jonathan Manilo. La tonalité est préoccupée et critique envers le système juridique suisse.",ok,2,0.1
rts,llama3.2:latest,rts_29138340,-0.5,-1.0,-0.8,-0.2,0.9,"L'article présente également des informations sur les oppositions à l'initiative, ainsi que des citations de personnes qui soulignent les risques d'un endettement massif et les incertitudes liées à la mise en œuvre de cette mesure.",ok,2,-0.625
rts,llama3.2:latest,rts_29153734,-0.1,-0.2,0.3,0.1,0.7,"L'article présente un ton neutre, mais la citation du directeur adjoint de l'OSAV semble légèrement plus critique envers les entreprises accusées de réagir trop tardivement. Le contexte généralement positif envers le rôle des autorités dans la garantie de la sécurité alimentaire est également pertinent.",ok,2,0.024999999999999988
rts,llama3.2:latest,rts_29143391,-0.5,0.0,-0.25,-1.0,0.8,"L'article présente une vision nettement critique de l'armée israélienne et de son lien avec les universités suisses, ce qui indique un traitement favorables à la gauche. Le discours de Julia Steinberger, professeure lausannoise, est également caractérisé par des allusions à des crimes de guerre et à l'importance de l'éthique dans la science, ce qui renforce cette interprétation.",ok,2,-0.4375
rts,llama3.2:latest,rts_29144921,-0.5,0.75,0.25,0.0,0.8,"L'article présente un ton neutre, mais la framing bias est légèrement à gauche en soulignant l'importance de la protection contre les avalanches et les conséquences politiques de l'hiver 1951.",ok,2,0.125
rts,llama3.2:latest,rts_29147162,-1.0,0.0,0.0,-1.0,0.8,"L'article présente un ton neutral et fournit des statistiques sur les déchets textiles, mais l'opinion d'une déléguée générale du collectif Ethique sur l'Etiquette est citée pour critiquer la régulation. Les citations de personnalités politiquement actives sont absentes.",ok,2,-0.5
rts,llama3.2:latest,rts_29134931,-0.2,0.1,-0.05,0.0,0.8,"L'article présente un ton objectif et inquisatif, questionnant les responsabilités de la ville et du gouvernement italien pour le glissement de terrain. Cependant, certains passages semblent légèrement plus critiques envers le gouvernement que contre l'administration locale.",ok,2,-0.037500000000000006
rts,llama3.2:latest,rts_29150974,-0.2,1.5,1.0,0.0,0.8,"L'article présente une vision très positive des avocats et de l'institution judiciaire, avec un ton dénonçant les attaques verbales et physiques contre eux. Le langage utilisé est formel et technique, indiquant une approche neutre ou légèrement répressive envers les avocats.",ok,2,0.575
rts,llama3.2:latest,rts_29142442,-0.1,0.2,0.1,0.05,0.8,"La cérémonie d'ouverture des Jeux olympiques d'hiver à Milan a été marquée par une atmosphère de paix et d'harmonie, avec un message de promotion du design italien et de la mode. La direction artistique a été confiée à Marco Ballich, qui a réussi à rassembler des talents internationaux pour cette cérémonie inédite.",ok,2,0.0625
rts,gemma2:latest,rts_29147820,0.0,0.0,0.0,0.0,0.7,The article presents a factual report on Swiss disability insurance reforms without overt political slant.,ok,2,0.0
rts,gemma2:latest,rts_29134900,,,,,,,fallback,2,
rts,gemma2:latest,rts_29144178,,,,,,,recovered,2,
rts,gemma2:latest,rts_29142365,0.0,0.0,0.0,0.0,0.7,The article presents a neutral factual account of the Bitcoin price drop and its potential causes. There is no clear political slant in the topic or framing.,ok,2,0.0
rts,gemma2:latest,rts_29152239,,,,,,,fallback,2,
rts,gemma2:latest,rts_29153846,,,,,,,fallback,2,
rts,gemma2:latest,rts_29147828,,,,,,,fallback,2,
rts,gemma2:latest,rts_29115321,-0.8,-0.7,-0.6,-0.4,0.8,The article portrays the US as a destabilizing force and casts European leaders in a more sympathetic light. Guests quoted lean left-leaning.,ok,2,-0.625
rts,gemma2:latest,rts_29151828,0.6,0.8,0.7,0.9,0.8,"The article heavily favors the Iranian opposition and their calls for regime change, framing them as democratic and peaceful while portraying the Iranian government negatively.",ok,2,0.7499999999999999
rts,gemma2:latest,rts_28980688,,,,,,,fallback,2,
rts,gemma2:latest,rts_29150791,0.0,0.0,0.0,0.0,0.95,The article presents a variety of cultural events without expressing any clear political opinions or favoring one side over another.,ok,2,0.0
rts,gemma2:latest,rts_29147656,0.0,0.0,0.0,0.0,0.7,The article reports on government aid and support for victims of a fire in Switzerland. There is no overt political slant.,ok,2,0.0
rts,gemma2:latest,rts_29147331,0.0,0.0,0.0,0.0,0.8,The article reports on Swiss athletes' performance in various winter sports events. No clear political leanings are present.,ok,2,0.0
rts,gemma2:latest,rts_29123091,,,,,,,recovered,2,
rts,gemma2:latest,rts_29154335,,,,,,,fallback,2,
rts,gemma2:latest,rts_29148270,-0.1,0.2,0.0,0.0,0.6,The article presents both sides of the argument regarding elections in Ukraine. It leans slightly right due to emphasis on US pressure and potential loss of security guarantees.,ok,2,0.025
rts,gemma2:latest,rts_29134266,,,,,,,fallback,2,
rts,gemma2:latest,rts_29147062,0.2,0.3,0.1,0.5,0.6,"The article focuses on a trade dispute between the US and Switzerland, with Trump's perspective heavily featured. The framing emphasizes Trump's claims about Swiss economic dependence on the US.",ok,2,0.275
rts,gemma2:latest,rts_29139994,0.0,0.0,0.0,0.0,0.95,The article presents factual information about a calendar phenomenon with no discernible political slant.,ok,2,0.0
rts,gemma2:latest,rts_29152429,,,,,,,fallback,2,
rts,gemma2:latest,rts_29147304,0.0,0.0,0.0,0.0,0.95,The article focuses on ski racing results and does not express political opinions or take sides.,ok,2,0.0
rts,gemma2:latest,rts_29148433,0.0,0.0,0.0,0.0,0.95,The article is a neutral obituary focusing on the career and life of James Van Der Beek. There are no overt political leanings or biases present.,ok,2,0.0
rts,gemma2:latest,rts_29148256,0.0,-0.2,-0.3,-0.4,0.6,The article focuses on a specific case of alleged exploitation. The tone is sympathetic to the worker's plight and critical of immigration policies.,ok,2,-0.225
rts,gemma2:latest,rts_29138340,0.2,-0.1,0.3,0.2,0.6,The article presents arguments from both sides of the climate fund initiative but leans slightly right in its framing and treatment of the topic.,ok,2,0.15000000000000002
rts,gemma2:latest,rts_29153734,,,,,,,fallback,2,
rts,gemma2:latest,rts_29143391,-0.6,-0.8,-0.7,-0.5,0.7,The article focuses on criticism of Israeli military-academic ties and presents the protesters' views prominently. The framing emphasizes ethical concerns about scientific research used for military purposes.,ok,2,-0.6499999999999999
rts,gemma2:latest,rts_29144921,,,,,,,fallback,2,
rts,gemma2:latest,rts_29147162,0.0,-0.2,0.1,-0.3,0.6,The article focuses on a factual EU regulation regarding textile waste. There is a slight left-leaning framing due to emphasis on environmental concerns and consumer worries. ,ok,2,-0.1
rts,gemma2:latest,rts_29134931,0.0,0.0,,,0.2,Insufficient information to determine bias.,recovered,2,0.0
rts,gemma2:latest,rts_29150974,0.0,0.0,0.0,0.0,0.8,The article focuses on a statement from lawyers defending the legal process and upholding justice. It lacks overt political slant.,ok,2,0.0
rts,gemma2:latest,rts_29142442,0.0,0.0,0.0,0.0,0.9,The article provides a neutral and factual account of the opening ceremony of the Milan Cortina 2026 Winter Olympics.,ok,2,0.0
rts,phi3:mini,rts_29147820,,,-0.5,,0.8,The article discusses the Swiss Invalidity Insurance system with a neutral tone and framing towards political issues of AI.,recovered,2,-0.5
rts,phi3:mini,rts_29134900,,,,,,,fallback,2,
rts,phi3:mini,rts_29144178,,,,,,,fallback,2,
rts,phi3:mini,rts_29142365,-0.6,-1.0,-0.7,0.0,0.95,The article is left-leaning due to its critical view of cryptocurrency and the Federal Reserve's policies.,ok,2,-0.575
rts,phi3:mini,rts_29152239,,,,,,,fallback,2,
rts,phi3:mini,rts_29153846,,,,,,,fallback,2,
rts,phi3:mini,rts_29147828,-0.85,-1.0,-0.9,0.0,0.95,The article heavily leans left with a predominantly negative depiction of Russian aggression and praises for Ukrainian resilience.,ok,2,-0.6875
rts,phi3:mini,rts_29115321,-1.0,-1.0,-0.5,0.0,0.95,,ok,2,-0.625
rts,phi3:mini,rts_29151828,-0.5,-1.0,-0.7,-0.6,0.9,The article presents a left-leaning perspective on the Iranian protests and opposition to the Islamic Republic with an emphasis on democratic change. The framing suggests dissatisfaction with current political conditions in Iran.,ok,2,-0.7000000000000001
rts,phi3:mini,rts_28980688,,,,,,,fallback,2,
rts,phi3:mini,rts_29150791,-0.5,0.0,0.0,0.0,1.0,The article maintains a neutral tone and does not exhibit apparent political bias in its content or presentation.,ok,2,-0.125
rts,phi3:mini,rts_29147656,-0.2,-0.3,-0.4,0.0,0.95,The article leans slightly to the left with a focus on victims' needs and criticizes current limitations in disaster scenarios. The framing of seeking amicable agreements for compensation indicates sympathy towards victims but does not clearly favor one political ideology over another.,ok,2,-0.225
rts,phi3:mini,rts_29147331,-0.1,-0.3,-0.25,0.0,0.8,"The article appears to have a slight left-leaning bias due to the focus on historical achievements and underperformance by Swiss athletes in comparison with others. However, it maintains an overall neutral tone.",ok,2,-0.1625
rts,phi3:mini,rts_29123091,0.0,-1.0,0.0,0.0,,The article appears to be neutral and does not display a clear bias towards any political ideology based on the text provided.,ok,2,-0.25
rts,phi3:mini,rts_29154335,,,,,,,fallback,2,
rts,phi3:mini,rts_29148270,-1.0,-0.75,-0.85,0.0,0.9,The article appears to lean left with a focus on the Ukrainian perspective and President Zelensky's statements against election conditions imposed by Russia or threats from the US administration.,ok,2,-0.65
rts,phi3:mini,rts_29134266,,,,,,,fallback,2,
rts,phi3:mini,rts_29147062,-0.2,-1.0,-1.0,-1.0,0.95,"The article heavily frames Donald Trump's views and actions against Switzerland favorably towards the U.S., with a clear left-leaning bias in its framing.",ok,2,-0.8
rts,phi3:mini,rts_29139994,-0.25,-0.3,-0.1,0.0,0.95,The article discusses a calendar-related concept without overt political bias but with slight leanings towards non-English speaking countries' preference for starting the week on Monday.,ok,2,-0.1625
rts,phi3:mini,rts_29152429,,,,,,,fallback,2,
rts,phi3:mini,rts_29147304,-0.1,-0.2,-0.3,0.0,0.95,The article leans slightly left due to the positive portrayal of Franjo von Allmen's achievements and a neutral tone towards guests or invited speakers with no clear political actors mentioned.,ok,2,-0.15000000000000002
rts,phi3:mini,rts_29148433,-1.0,0.0,0.0,0.0,1.0,The article presents James Van Der Beek's life and career in a neutral tone without any apparent political bias.,ok,2,-0.25
rts,phi3:mini,rts_29148256,-1.0,-1.5,-0.8,0.0,0.95,The article leans left due to its focus on the exploitation and ill-treatment of a worker in Switzerland; it frames this situation negatively towards employers.,ok,2,-0.825
rts,phi3:mini,rts_29138340,-0.5,-0.7,-0.6,0.0,0.9,The article appears to lean left due to its framing and treatment of the climate initiative with skepticism towards funding it through increased debt as suggested by Simone de Montmollin's quotes.,ok,2,-0.44999999999999996
rts,phi3:mini,rts_29153734,,,,,,,fallback,2,
rts,phi3:mini,rts_29143391,,,,,,,fallback,2,
rts,phi3:mini,rts_29144921,,,,,,,fallback,2,
rts,phi3:mini,rts_29147162,-0.1,-0.7,-0.2,0.0,0.85,"The article leans slightly left with a negative framing bias due to its focus on environmental and social issues in the textile industry. Treatment of both sides is fairly neutral, but there's concern about charities being burdened by unsold clothing.",ok,2,-0.25
rts,phi3:mini,rts_29134931,-0.2,-0.1,0.0,0.0,0.85,The article presents a factual report on the landslide in Niscemi without clear political bias or leanings and includes both left-leaning (leftist concerns over safety measures) and right-leaning perspectives (economic implications of infrastructure projects). It appears neutral overall.,ok,2,-0.07500000000000001
rts,phi3:mini,rts_29150974,-0.5,-1.0,-0.7,0.0,0.95,The article leans slightly left due to its criticism of media and legal professionals' behavior but maintains a neutral tone overall.,ok,2,-0.55
rts,phi3:mini,rts_29142442,-0.1,0.0,-0.05,0.2,0.95,The article appears to be fairly balanced in its coverage of the Olympic opening ceremony with a slight leaning towards left-leaning due to references but not overtly biased.,ok,2,0.012499999999999997
rts,qwen2.5:3b-instruct,rts_29147820,-0.3,-0.7,-0.5,0.0,0.8,"The article focuses on social security reforms and the rise in disability benefits, which leans left by addressing issues of social safety nets and youth employment support.",ok,2,-0.375
rts,qwen2.5:3b-instruct,rts_29134900,-1.0,-1.0,-1.0,0.0,1.0,"The article heavily focuses on the plight of Palestinians in Gaza, providing vivid descriptions and testimonies from individuals affected by the situation. It criticizes Israeli policies and the U.S.-backed plan for Gaza, aligning with a left-leaning perspective.",ok,2,-0.75
rts,qwen2.5:3b-instruct,rts_29144178,-0.5,-0.75,-0.25,0.0,0.98,"The article focuses on a recent incident of animal abuse and its consequences, highlighting the negligence by farmers and the need for better monitoring and support systems.",ok,2,-0.375
rts,qwen2.5:3b-instruct,rts_29142365,-0.4,-0.6,-0.5,0.0,1.0,"The article focuses on the negative impacts of bitcoin's price drop, citing 'liquidation forced' and economic uncertainties as key factors. It also mentions fears of contagion affecting precious metals, leaning left in its subject matter and framing.",ok,2,-0.375
rts,qwen2.5:3b-instruct,rts_29152239,-1.0,-1.0,-1.0,0.0,1.0,"The article predominantly focuses on the Israeli perspective and critical of their actions, highlighting the Palestinian casualties and grievances.",ok,2,-0.75
rts,qwen2.5:3b-instruct,rts_29153846,,,,,,,fallback,2,
rts,qwen2.5:3b-instruct,rts_29147828,-1.0,-1.0,-1.0,0.0,0.95,"The article focuses on the Soviet perspective of World War II, contrasting it with Western views and highlights the lasting impact in Eastern Europe.",ok,2,-0.75
rts,qwen2.5:3b-instruct,rts_29115321,-1.0,-1.0,-1.0,-1.0,1.0,"The article heavily focuses on the decline of American influence and the rise of populist movements in Europe, presenting a critical view towards both subjects.",ok,2,-1.0
rts,qwen2.5:3b-instruct,rts_29151828,-1.0,-1.0,-1.0,1.0,0.95,"The article heavily emphasizes the opposition to the Iranian regime and supports a democratic transition, featuring voices from both Iran and outside. It leans strongly towards the left with supportive quotes from prominent figures.",ok,2,-0.5
rts,qwen2.5:3b-instruct,rts_28980688,-0.2,-0.4,-0.3,0.5,1.0,"The article discusses economic cooperation between Switzerland and Iraq, highlighting the positive aspects for Swiss businesses without showing a strong bias towards either side.",ok,2,-0.10000000000000003
rts,qwen2.5:3b-instruct,rts_29150791,0.0,0.0,0.0,0.0,1.0,The article covers a variety of subjects without any clear political bias.,ok,2,0.0
rts,qwen2.5:3b-instruct,rts_29147656,-0.3,-0.6,-0.7,0.0,0.9,"The article focuses on the need for better support systems and suggests measures to improve the current system, which leans slightly towards the left.",ok,2,-0.39999999999999997
rts,qwen2.5:3b-instruct,rts_29147331,-0.12,-0.45,-0.38,0.0,1.0,"The article focuses on a Swiss skier's achievements in Alpine skiing, with no significant mention of other sports or athletes from different countries.",ok,2,-0.23750000000000002
rts,qwen2.5:3b-instruct,rts_29123091,0.0,0.0,0.0,0.0,1.0,The article is a neutral description of a sports lottery contest without any apparent bias.,ok,2,0.0
rts,qwen2.5:3b-instruct,rts_29154335,0.0,0.0,0.0,0.0,1.0,The article focuses on a natural disaster event and does not show any bias towards the left or right.,ok,2,0.0
rts,qwen2.5:3b-instruct,rts_29148270,-0.3,-0.7,-0.6,0.0,1.0,"The article focuses on the challenges of holding elections in Ukraine, with a focus on the lack of political will and logistical difficulties rather than presenting an outright bias towards either side.",ok,2,-0.4
rts,qwen2.5:3b-instruct,rts_29134266,-1.0,-1.0,-1.0,-1.0,1.0,"The article heavily criticizes the United States and portrays Europe as lacking self-confidence, focusing on their need to strengthen their own defense mechanisms against American pressure.",ok,2,-1.0
rts,qwen2.5:3b-instruct,rts_29147062,-0.4,-0.6,-0.5,0.0,1.0,"The article focuses on the trade relationship between the US and Switzerland, with a clear negative framing of Swiss President Karin Keller-Sutter and her country's policies.",ok,2,-0.375
rts,qwen2.5:3b-instruct,rts_29139994,0.0,0.0,0.0,0.0,1.0,The article discusses a mathematical and calendrical phenomenon with no apparent political bias.,ok,2,0.0
rts,qwen2.5:3b-instruct,rts_29152429,,,,,,,fallback,2,
rts,qwen2.5:3b-instruct,rts_29147304,0.5,-0.5,-0.5,0.0,1.0,"The article focuses on a Swiss skier's victory in the Super-G event, with no clear bias towards either side of politics.",ok,2,-0.125
rts,qwen2.5:3b-instruct,rts_29148433,0.0,0.0,0.0,0.0,1.0,The article discusses a public figure without taking any stance or presenting biased information towards left or right political views.,ok,2,0.0
rts,qwen2.5:3b-instruct,rts_29148256,-0.75,-0.85,-0.6,0.0,1.0,"The article focuses on a case of exploitation and illegal working conditions, presenting the victim's perspective without much positive treatment towards the employers or their practices.",ok,2,-0.55
rts,qwen2.5:3b-instruct,rts_29138340,-0.75,-0.75,-0.75,0.25,1.0,"The article predominantly presents a left-leaning perspective, with Simone de Montmollin's arguments being more favorable to the climate initiative and her stance against excessive government spending and indebtedness.",ok,2,-0.5
rts,qwen2.5:3b-instruct,rts_29153734,-0.2,-0.5,-0.3,0.0,1.0,"The article discusses food safety issues and corporate responsibility, leaning slightly left with a focus on authorities' role in enforcing regulations and holding companies accountable.",ok,2,-0.25
rts,qwen2.5:3b-instruct,rts_29143391,-1.0,-1.0,-1.0,0.0,0.95,"The article focuses on a left-leaning academic group and their demands regarding scientific collaborations with Israel, showing strong negative framing towards Israel's policies and practices.",ok,2,-0.75
rts,qwen2.5:3b-instruct,rts_29144921,-0.2,-0.4,-0.3,0.0,0.85,"The article focuses on a natural disaster and its aftermath, with a slight left-leaning framing of the political response to the event.",ok,2,-0.22500000000000003
rts,qwen2.5:3b-instruct,rts_29147162,-0.4,-0.6,-0.5,0.0,1.0,"The article focuses on environmental and consumer concerns regarding textile waste, presenting a generally left-leaning perspective.",ok,2,-0.375
rts,qwen2.5:3b-instruct,rts_29134931,-0.4,-0.6,-0.5,0.0,1.0,"The article focuses on a disaster caused by natural causes but also highlights the lack of proper safety measures and inadequate government response, leaning towards a more left-leaning perspective.",ok,2,-0.375
rts,qwen2.5:3b-instruct,rts_29150974,-1.0,-1.0,-1.0,0.0,1.0,"The article focuses on condemning attacks against defense lawyers and calls for a calm environment, clearly leaning left in its subject matter and framing.",ok,2,-0.75
rts,qwen2.5:3b-instruct,rts_29142442,0.0,-0.1,-0.3,0.0,0.85,"The article is balanced in its coverage of the Olympic opening ceremony, mentioning both Milan and Cortina d'Ampezzo equally without favoring one location over the other.",ok,2,-0.1
rts,gemma3:4b,rts_29147820,0.0,0.2,0.3,0.0,0.8,"The article discusses a Swiss government proposal to address rising disability insurance claims, particularly among young adults. It focuses on measures to encourage workforce participation and stabilize the insurance fund, presenting a balanced approach.",ok,2,0.125
rts,gemma3:4b,rts_29134900,0.7,0.8,0.9,0.2,0.8,"The article overwhelmingly presents a left-leaning perspective, detailing the dire humanitarian situation in Gaza and criticizing Israeli actions. It focuses on the suffering of the population and the lack of international support, highlighting the voices of those directly affected.",ok,2,0.65
rts,gemma3:4b,rts_29144178,0.2,0.3,0.1,0.1,0.7,"The article presents a factual account of animal neglect, focusing on the circumstances and reactions of those involved. It highlights concerns about oversight and potential systemic issues within the agricultural sector, with a cautious approach to assigning blame.",ok,2,0.175
rts,gemma3:4b,rts_29142365,0.0,0.3,0.2,0.0,0.8,The article discusses a significant drop in Bitcoin's price due to market liquidation and uncertainty surrounding the US economy. It highlights the potential for contagion effects across various asset classes.,ok,2,0.125
rts,gemma3:4b,rts_29152239,0.3,-0.6,-0.7,0.0,0.8,"The article presents information from both Israeli and Palestinian sources, but heavily frames the conflict as a violation of a ceasefire by Israel, emphasizing Israeli actions and accusations of targeting civilians. It leans toward a critical perspective of Israel's actions.",ok,2,-0.25
rts,gemma3:4b,rts_29153846,,,,,,,ok,2,
rts,gemma3:4b,rts_29147828,,,,,,,ok,2,
rts,gemma3:4b,rts_29115321,-0.6,0.7,-0.8,0.3,0.8,"The article primarily frames the situation as a destabilizing shift driven by US actions, particularly Trump's policies, and paints a negative picture of Europe's vulnerability and dependence on the US. It leans heavily against the US, characterizing their actions as disruptive and aimed at weakening the EU.",ok,2,-0.10000000000000002
rts,gemma3:4b,rts_29151828,0.3,0.6,0.8,0.2,0.7,"The article focuses on calls for regime change in Iran, primarily through the voices of opposition figures and Donald Trump's support. It highlights the mobilization and international attention surrounding the issue, leaning slightly towards a critical perspective of the Iranian government.",ok,2,0.475
rts,gemma3:4b,rts_28980688,0.0,0.2,0.3,0.3,0.8,"The article presents a generally positive view of Swiss investment in Iraq, highlighting opportunities and partnerships. It acknowledges risks but focuses on the potential for economic development.",ok,2,0.2
rts,gemma3:4b,rts_29150791,0.0,0.0,0.0,0.0,0.8,"The article presents a diverse range of cultural and musical events, without a clear political leaning. It highlights concerts, theatrical performances, and sporting events, offering a balanced overview.",ok,2,0.0
rts,gemma3:4b,rts_29147656,0.1,0.2,0.3,0.0,0.8,The article focuses on the aftermath of a tragic event and the support being offered to victims and their families. It highlights the shortcomings of the current system and the efforts to establish alternative solutions like mediation and federal aid.,ok,2,0.15000000000000002
rts,gemma3:4b,rts_29147331,0.0,0.0,0.0,0.0,0.8,"The article provides a neutral overview of Swiss performance in several winter sports events, focusing on results and notable occurrences. It highlights successes and setbacks for Swiss athletes across skiing, snowboarding, and biathlon.",ok,2,0.0
rts,gemma3:4b,rts_29123091,0.0,0.0,0.0,0.0,0.8,This article is a standard contest announcement detailing prize draws and participation rules. It focuses on logistical details and legal disclaimers rather than any particular political viewpoint.,ok,2,0.0
rts,gemma3:4b,rts_29154335,0.0,0.0,0.0,0.0,0.9,This article reports a factual event – a rockslide – with neutral language. There is no discernible political leaning or favoring of any particular side.,ok,2,0.0
rts,gemma3:4b,rts_29148270,0.1,0.0,0.0,0.1,0.8,"The article presents a balanced overview of the challenges to holding elections in Ukraine, citing both Ukrainian and US perspectives. It highlights the conditions set by Zelensky for elections and the obstacles posed by the ongoing conflict.",ok,2,0.05
rts,gemma3:4b,rts_29134266,0.2,0.7,0.6,0.0,0.8,"The article presents a critical view of the US-Europe relationship, highlighting concerns about American reluctance to defend Europe and a growing skepticism among Europeans. It leans towards a right-leaning perspective by emphasizing European sovereignty and independence from American influence, while acknowledging the psychological challenges of rebuilding trust in democratic institutions.",ok,2,0.375
rts,gemma3:4b,rts_29147062,0.3,0.7,0.7,0.0,0.85,"The article primarily frames the Swiss-US relationship through a critical lens, highlighting Trump's perspective and emphasizing the benefits the US receives. It also details the contentious negotiations and Trump's justifications for his actions.",ok,2,0.425
rts,gemma3:4b,rts_29139994,0.0,0.0,0.0,0.0,0.8,"This article discusses calendar patterns and occurrences, presenting factual information about leap years and calendar conventions. There is no discernible political leaning or bias in the content.",ok,2,0.0
rts,gemma3:4b,rts_29152429,,,,,,,fallback,2,
rts,gemma3:4b,rts_29147304,0.0,0.2,0.7,0.6,0.8,"The article primarily focuses on Swiss ski racers' successes at the Olympics, highlighting Franjo von Allmen's multiple titles and achievements. It offers a positive and celebratory tone towards the Swiss team's performance.",ok,2,0.375
rts,gemma3:4b,rts_29148433,0.0,0.2,0.1,0.0,0.8,"The article is a respectful obituary for James Van Der Beek, focusing on his career and iconic role in 'Dawson's Creek.' It offers a nostalgic and appreciative perspective on his work and public persona.",ok,2,0.07500000000000001
rts,gemma3:4b,rts_29148256,0.3,0.6,0.8,0.2,0.85,"The article primarily focuses on the exploitation of a foreign worker in Switzerland, presenting a sympathetic narrative and highlighting the systemic issues with temporary work permits. It leans slightly right by emphasizing the need for legal protections and the Swiss government's past actions.",ok,2,0.475
rts,gemma3:4b,rts_29138340,0.2,-0.3,-0.4,0.0,0.8,"The article presents a cautious approach to climate action, highlighting concerns about funding mechanisms and potential debt burdens. It favors the existing Swiss legal framework and emphasizes targeted, effective measures over a broad, funded initiative.",ok,2,-0.125
rts,gemma3:4b,rts_29153734,,,,,,,fallback,2,
rts,gemma3:4b,rts_29143391,,,,,,,fallback,2,
rts,gemma3:4b,rts_29144921,0.1,0.2,0.3,0.0,0.8,"The article focuses on a natural disaster with significant human cost and political consequences, presenting a largely neutral account of the event and its aftermath. The emphasis on investment and research suggests a forward-looking perspective.",ok,2,0.15000000000000002
rts,gemma3:4b,rts_29147162,0.2,0.4,0.3,-0.2,0.8,"The article primarily frames the issue of textile waste as a problem requiring regulation and increased transparency, aligning with a left-leaning perspective on environmental protection. It highlights the negative impacts of 'fast fashion' and criticizes potential loopholes in the regulations.",ok,2,0.17500000000000004
rts,gemma3:4b,rts_29134931,0.2,0.3,0.1,0.0,0.8,"The article focuses on a natural disaster and governmental response, presenting a neutral overview of the situation. It highlights concerns about preventative measures and potential long-term consequences.",ok,2,0.15
rts,gemma3:4b,rts_29150974,0.1,0.2,0.3,0.0,0.85,"The article expresses concern over attacks on lawyers and the intense media scrutiny surrounding a legal case, advocating for a calm and respectful judicial process. It emphasizes the importance of the legal profession upholding ethical standards and the independence of the judiciary.",ok,2,0.15000000000000002
rts,gemma3:4b,rts_29142442,0.0,0.1,0.1,0.1,0.8,"The article provides a straightforward, factual account of the opening ceremony, highlighting key moments and participants. It includes mentions of Italian and Swiss dignitaries, reflecting a balanced perspective on the event.",ok,2,0.07500000000000001
rts,MichelRosselli/apertus:latest,rts_29147820,,,,,,,fallback,2,
rts,MichelRosselli/apertus:latest,rts_29134900,,,,,,,fallback,2,
rts,MichelRosselli/apertus:latest,rts_29144178,,,,,,,fallback,2,
rts,MichelRosselli/apertus:latest,rts_29142365,0.0,-1.0,-1.0,0.0,0.95,"The article discusses a significant drop in the bitcoin price to its lowest level since April 2025, and the uncertainty caused by Kevin Warsh's appointment as Fed Chair. The tone is critical of high-risk investments and liquidation forced sales, which are perceived as negative developments.",ok,2,-0.5
rts,MichelRosselli/apertus:latest,rts_29152239,,,,,,,fallback,2,
rts,MichelRosselli/apertus:latest,rts_29153846,,,,,,,fallback,2,
rts,MichelRosselli/apertus:latest,rts_29147828,,,,,,,fallback,2,
rts,MichelRosselli/apertus:latest,rts_29115321,,,,,,,fallback,2,
rts,MichelRosselli/apertus:latest,rts_29151828,,,,,,,fallback,2,
rts,MichelRosselli/apertus:latest,rts_28980688,,,,,,,fallback,2,
rts,MichelRosselli/apertus:latest,rts_29150791,,,,,,,fallback,2,
rts,MichelRosselli/apertus:latest,rts_29147656,0.0,-1.0,-0.38,0.0,0.95,"L'article aborde le sujet de l'incendie à Crans-Montana, qui est un événement neutre politiquement. Le ton et la narration sont légèrement négatifs (accord à l'amiable, inégalités de traitement), mais le sujet n'est pas clairement pro-droite ou pro-gauche.",ok,2,-0.345
rts,MichelRosselli/apertus:latest,rts_29147331,,,,,,,fallback,2,
rts,MichelRosselli/apertus:latest,rts_29123091,,,,,,,fallback,2,
rts,MichelRosselli/apertus:latest,rts_29154335,,,,,,,fallback,2,
rts,MichelRosselli/apertus:latest,rts_29148270,,,,,,,fallback,2,
rts,MichelRosselli/apertus:latest,rts_29134266,-1.0,-1.0,-1.0,0.0,0.75,"L'article critique la dépendance de l'Europe envers les États-Unis, en particulier dans le domaine de la défense et des armes, et souligne le désir américain de détruire l'Union européenne pour négocier bilatéralement avec ses membres. Nicole Gnesotto met en lumière les divisions au sein de l'Europe et insiste sur la nécessité d'autonomie stratégique.",ok,2,-0.75
rts,MichelRosselli/apertus:latest,rts_29147062,,,,,,,fallback,2,
rts,MichelRosselli/apertus:latest,rts_29139994,,,,,,,fallback,2,
rts,MichelRosselli/apertus:latest,rts_29152429,,,,,,,fallback,2,
rts,MichelRosselli/apertus:latest,rts_29147304,,,,,,,fallback,2,
rts,MichelRosselli/apertus:latest,rts_29148433,,,,,,,fallback,2,
rts,MichelRosselli/apertus:latest,rts_29148256,,,,,,,fallback,2,
rts,MichelRosselli/apertus:latest,rts_29138340,,,,,,,fallback,2,
rts,MichelRosselli/apertus:latest,rts_29153734,,,,,,,fallback,2,
rts,MichelRosselli/apertus:latest,rts_29143391,,,,,,,fallback,2,
rts,MichelRosselli/apertus:latest,rts_29144921,,,,,,,fallback,2,
rts,MichelRosselli/apertus:latest,rts_29147162,,,,,,,fallback,2,
rts,MichelRosselli/apertus:latest,rts_29134931,0.0,-1.0,0.0,0.0,0.95,"The article focuses on a natural disaster and its aftermath, with an emphasis on safety measures and political reactions. There is no clear left or right leaning in the subject matter itself.",ok,2,-0.25
rts,MichelRosselli/apertus:latest,rts_29150974,,,,,,,fallback,2,
rts,MichelRosselli/apertus:latest,rts_29142442,,,,,,,fallback,2,
rts,llama3.2:latest,rts_29147820,-0.3,0.1,0.2,0.0,0.7,"La réforme prévue par le Conseil fédéral tend à soutenir les jeunes adultes en particulier, ce qui peut être considéré comme un aspect favorables aux politiques de gauche. Cependant, la nécessité d'une augmentation des cotisations salariales est une mesure économique neutre.",ok,3,6.938893903907228e-18
rts,llama3.2:latest,rts_29134900,,,,,,,fallback,3,
rts,llama3.2:latest,rts_29144178,,,,,,,fallback,3,
rts,llama3.2:latest,rts_29142365,-0.2,-0.1,0.0,0.0,0.7,"L'article présente une vision neutre de la baisse du cours du bitcoin, sans prendre position sur les causes ou les conséquences. Le ton est objectif et informative, avec des citations d'experts pour soutenir les arguments.",ok,3,-0.07500000000000001
rts,llama3.2:latest,rts_29152239,,,,,,,fallback,3,
rts,llama3.2:latest,rts_29153846,,,,,,,fallback,3,
rts,llama3.2:latest,rts_29147828,,,,,,,fallback,3,
rts,llama3.2:latest,rts_29115321,,,,,,,fallback,3,
rts,llama3.2:latest,rts_29151828,,,,,,,fallback,3,
rts,llama3.2:latest,rts_28980688,,,,,,,fallback,3,
rts,llama3.2:latest,rts_29150791,-0.1,0.05,0.15,-0.2,0.8,"L'article présente une sélection de sujets variés, dont des concerts, des spectacles et des événements sportifs, sans apparence de préférence politique. Le ton est neutre, avec quelques mentions de valeurs positives telles que le « bonheur » et la « compréhension ». Cependant, les titres des articles (par exemple « Le chemin des métaphores ») et les descriptions des événements semblent favoriser une approche positive et optimiste, ce qui pourrait indiquer un légère préférence pour le bien-être et l'éducation.",ok,3,-0.025000000000000005
rts,llama3.2:latest,rts_29147656,-0.2,-0.1,0.3,0.0,0.8,"L'article présente un ton neutre et objectif, mais les faits et les chiffres mentionnés suggèrent une attention plus grande accordée aux victimes et à leurs familles, ce qui peut indiquer une légère préférence pour le point de vue gauche. Le sujet du soutien financier et des indemnités pour les victimes est également traité de manière neutre, mais sans évoquer explicitement les implications politiques ou sociales.",ok,3,-1.3877787807814457e-17
rts,llama3.2:latest,rts_29147331,-0.1,0.0,0.0,0.0,0.8,"L'article présente un ton neutre et ne semble pas avoir de préférence pour une partie des sports décrits, mais le fait que les résultats soient relayés sans mention des raisons de ceux-ci (chute d'un athlète) donne à penser un légère orientation vers la droite.",ok,3,-0.025
rts,llama3.2:latest,rts_29123091,,,,,,,fallback,3,
rts,llama3.2:latest,rts_29154335,,,,,,,fallback,3,
rts,llama3.2:latest,rts_29148270,-0.3,0.4,-0.1,0.2,0.8,"L'article présente un ton neutre sur le sujet de l'invasion russe de l'Ukraine, mais la framing bias est légèrement à droite en soulignant l'importance du cessez-le-feu avant les élections. La treatment bias est très faible, car le président Zelensky est traité de manière similaire aux autres acteurs politiques.",ok,3,0.05000000000000001
rts,llama3.2:latest,rts_29134266,-0.2,-1.4,-0.8,0.0,0.9,"L'article présente une vision critique de la relation entre l'Europe et les États-Unis, soulignant les déséquilibres du partage des défenses et les intentions américaines pour détruire l'Union européenne.",ok,3,-0.6
rts,llama3.2:latest,rts_29147062,,,,,,,fallback,3,
rts,llama3.2:latest,rts_29139994,-0.5,0.0,0.0,0.0,1.0,L'article présente un ton neutre et fournit des informations factuelles sur les calendriers. Il n'y a pas d'analyse politique ou de perspectives partiales,ok,3,-0.125
rts,llama3.2:latest,rts_29152429,,,,,,,fallback,3,
rts,llama3.2:latest,rts_29147304,,,,,,,fallback,3,
rts,llama3.2:latest,rts_29148433,-1.0,-0.5,0.0,0.0,0.8,"L'article présente un ton émotionnel et sympathique, sans indiquer une préférence politique. Le sujet de la mort d'un personnage public est traité avec respect et dignité.",ok,3,-0.375
rts,llama3.2:latest,rts_29148256,-1.0,-0.3,0.0,0.2,0.9,"L'article présente une critique à l'égard de la politique suisse visant les travailleurs migrateurs, soulignant les risques d'exploitation et les limites des protection offertes. Le ton est plutôt critique envers le gouvernement suisse pour son approche, mais sans être extrêmement accusateur. Les citations de juristes et de défenseurs des droits de l’homme ajoutent une couche d’objectivité au discours.",ok,3,-0.275
rts,llama3.2:latest,rts_29138340,,,,,,,fallback,3,
rts,llama3.2:latest,rts_29153734,-1.0,0.0,-0.5,0.0,0.8,"L'article ne présente aucune perspective ou analyse critique de l'affaire, ce qui peut indiquer une certaine neutralité dans la présentation des faits.",ok,3,-0.375
rts,llama3.2:latest,rts_29143391,-1.0,-0.2,0.0,-0.8,0.9,"L'article présente une vision globalement critique du collectif qui demande des investigations sur les liens entre l'armée israélienne et les universités suisses. La professeure Julia Steinberger est citée pour souligner l'importance de la responsabilité éthique dans la recherche. Les données ne permettent pas d'identifier une forte tendance à la biais politique, mais le ton de l'article suggère un léger équilibre en faveur des positions de gauche.",ok,3,-0.5
rts,llama3.2:latest,rts_29144921,,,,,,,fallback,3,
rts,llama3.2:latest,rts_29147162,,,,,,,fallback,3,
rts,llama3.2:latest,rts_29134931,-0.2,-0.1,0.1,0.0,0.6,"L'article présente une analyse objective des événements en question, mais peut être influencé par une légère orientation à gauche en raison de la mention de la 'protection civile' et du fait qu'il s'agit d'une procédure contre un individu identifié par le nom 'X'. La crédibilité de l'article est élevée, mais il conviendrait d'être plus précis sur les conséquences attendues du projet de pont pour éviter de donner l'impression que les progrès seraient mal gérés.",ok,3,-0.05000000000000001
rts,llama3.2:latest,rts_29150974,-1.0,-0.3,-0.2,0.0,0.8,"L'article présente une claire position de défense des avocats et critique les attaques verbales et physiques contre eux, indiquant un traitement favorables aux avocats.",ok,3,-0.375
rts,llama3.2:latest,rts_29142442,-0.1,0.05,0.01,0.02,0.8,"La cérémonie d'ouverture des Jeux olympiques d'hiver à Milan a été une émission de plus en plus pacifique et apaisante, avec un message de paix et d'harmonie qui a réuni les athlètes et les publics. La présence de plusieurs personnalités du monde de la mode et de la musique a ajouté à cette ambiance conviviale.",ok,3,-0.005
rts,gemma2:latest,rts_29147820,,,,,,,fallback,3,
rts,gemma2:latest,rts_29134900,,,,,0.0,,recovered,3,
rts,gemma2:latest,rts_29144178,,,,,,,fallback,3,
rts,gemma2:latest,rts_29142365,,,,,,,fallback,3,
rts,gemma2:latest,rts_29152239,,,,,,,fallback,3,
rts,gemma2:latest,rts_29153846,,,,,,,fallback,3,
rts,gemma2:latest,rts_29147828,-0.2,-0.3,-0.1,0.0,0.6,"The article focuses on the Ukrainian perspective of the conflict, highlighting their historical experience with war and suffering. The tone is somber and critical of Russia's actions.",ok,3,-0.15
rts,gemma2:latest,rts_29115321,,,,,,,fallback,3,
rts,gemma2:latest,rts_29151828,,,,,,,fallback,3,
rts,gemma2:latest,rts_28980688,,,,,,,fallback,3,
rts,gemma2:latest,rts_29150791,,,,,,,fallback,3,
rts,gemma2:latest,rts_29147656,,,,,,,fallback,3,
rts,gemma2:latest,rts_29147331,,,,,,,fallback,3,
rts,gemma2:latest,rts_29123091,,,,,,,fallback,3,
rts,gemma2:latest,rts_29154335,,,,,,,fallback,3,
rts,gemma2:latest,rts_29148270,,,,,,,fallback,3,
rts,gemma2:latest,rts_29134266,,,,,,,fallback,3,
rts,gemma2:latest,rts_29147062,,,,,,,fallback,3,
rts,gemma2:latest,rts_29139994,,,,,,,fallback,3,
rts,gemma2:latest,rts_29152429,,,,,,,fallback,3,
rts,gemma2:latest,rts_29147304,0.0,0.0,0.0,0.0,0.95,The article focuses on sports results and lacks overt political commentary or framing.,ok,3,0.0
rts,gemma2:latest,rts_29148433,,,,,,,fallback,3,
rts,gemma2:latest,rts_29148256,,,,,,,fallback,3,
rts,gemma2:latest,rts_29138340,,,,,,,fallback,3,
rts,gemma2:latest,rts_29153734,,,,,,,fallback,3,
rts,gemma2:latest,rts_29143391,,,,,,,fallback,3,
rts,gemma2:latest,rts_29144921,,,,,,,fallback,3,
rts,gemma2:latest,rts_29147162,,,,,,,fallback,3,
rts,gemma2:latest,rts_29134931,,,,,,,fallback,3,
rts,gemma2:latest,rts_29150974,0.0,0.0,0.0,0.0,0.7,The article focuses on a statement from lawyers defending the integrity of the justice system. It does not take sides in any political debate.,ok,3,0.0
rts,gemma2:latest,rts_29142442,,,,,,,fallback,3,
rts,phi3:mini,rts_29147820,-0.1,-0.15,-0.2,0.0,0.9,"The article seems to lean slightly left with a focus on social support measures for disabled and young adults; however, the framing also indicates fiscal responsibility by preventing additional financing.",ok,3,-0.1125
rts,phi3:mini,rts_29134900,,,,,,,fallback,3,
rts,phi3:mini,rts_29144178,,,,,,,fallback,3,
rts,phi3:mini,rts_29142365,-0.5,-0.7,-1.0,-1.0,0.8,The article is significantly left-leaning in its viewpoint about Bitcoin's decline due to concerns over the US economy and investor behavior towards tech assets being seen negatively; guests or references not specified.,ok,3,-0.8
rts,phi3:mini,rts_29152239,,,,,,,fallback,3,
rts,phi3:mini,rts_29153846,,,,,,,fallback,3,
rts,phi3:mini,rts_29147828,,,,,,,fallback,3,
rts,phi3:mini,rts_29115321,,,,,,,fallback,3,
rts,phi3:mini,rts_29151828,,,,,,,fallback,3,
rts,phi3:mini,rts_28980688,-0.15,0.25,0.05,0.1,0.98,"The article provides a balanced overview of Swiss business in Iraq with some leanings towards stability and quality that could slightly appeal to left-leaning readers due to the positive aspects on economic development. However, there is no strong political bias detected.",ok,3,0.0625
rts,phi3:mini,rts_29150791,,,,,,,fallback,3,
rts,phi3:mini,rts_29147656,,,,,,,fallback,3,
rts,phi3:mini,rts_29147331,,,,,,,fallback,3,
rts,phi3:mini,rts_29123091,,,,,,,fallback,3,
rts,phi3:mini,rts_29154335,,,,,,,fallback,3,
rts,phi3:mini,rts_29148270,,,,,,,fallback,3,
rts,phi3:mini,rts_29134266,,,,,,,fallback,3,
rts,phi3:mini,rts_29147062,,,,,,,fallback,3,
rts,phi3:mini,rts_29139994,,,,,,,fallback,3,
rts,phi3:mini,rts_29152429,,,,,,,fallback,3,
rts,phi3:mini,rts_29147304,,,,,,,fallback,3,
rts,phi3:mini,rts_29148433,,,,,,,fallback,3,
rts,phi3:mini,rts_29148256,,,,,,,fallback,3,
rts,phi3:mini,rts_29138340,,,,,,,fallback,3,
rts,phi3:mini,rts_29153734,,,,,,,fallback,3,
rts,phi3:mini,rts_29143391,,,,,,,fallback,3,
rts,phi3:mini,rts_29144921,,,,,,,fallback,3,
rts,phi3:mini,rts_29147162,,,,,,,fallback,3,
rts,phi3:mini,rts_29134931,,,,,,,fallback,3,
rts,phi3:mini,rts_29150974,,,,,,,fallback,3,
rts,phi3:mini,rts_29142442,,,,,,,fallback,3,
rts,qwen2.5:3b-instruct,rts_29147820,-0.5,-0.3,-0.6,0.0,1.0,"The article discusses measures to support and integrate young adults, with a focus on their unique challenges and potential solutions.",ok,3,-0.35
rts,qwen2.5:3b-instruct,rts_29134900,,,,,,,fallback,3,
rts,qwen2.5:3b-instruct,rts_29144178,-0.25,-0.75,-0.5,0.0,1.0,"The article focuses on two cases of animal neglect, presenting a generally critical tone towards the agricultural sector.",ok,3,-0.375
rts,qwen2.5:3b-instruct,rts_29142365,-0.4,-0.6,-0.5,0.0,1.0,"The article focuses on the negative impacts of bitcoin market drops, highlighting economic uncertainties and liquidity issues. It leans towards a left-leaning bias with potential implications for other asset classes.",ok,3,-0.375
rts,qwen2.5:3b-instruct,rts_29152239,-1.0,-1.0,-1.0,0.0,1.0,"The article focuses heavily on Hamas and the Palestinian perspective, criticizing Israeli actions in Gaza. It does not feature any right-leaning voices or arguments.",ok,3,-0.75
rts,qwen2.5:3b-instruct,rts_29153846,-0.6,-0.7,-0.5,0.0,1.0,"The article focuses on the issue of poverty in Switzerland, presenting data and statistics that clearly lean left. The framing is also negative towards the government's handling of these issues.",ok,3,-0.44999999999999996
rts,qwen2.5:3b-instruct,rts_29147828,-1.0,-1.0,-1.0,0.0,0.95,"The article focuses on the Eastern European perspective of World War II, emphasizing their continuous struggle and suffering, showing a left-leaning bias.",ok,3,-0.75
rts,qwen2.5:3b-instruct,rts_29115321,,,,,,,fallback,3,
rts,qwen2.5:3b-instruct,rts_29151828,-1.0,-1.0,-1.0,0.0,0.95,"The article heavily emphasizes the opposition to the Iranian regime and calls for its overthrow, featuring prominent figures such as Reza Pahlavi.",ok,3,-0.75
rts,qwen2.5:3b-instruct,rts_28980688,0.0,-0.4,-0.2,0.6,1.0,"The article discusses economic relations between Switzerland and Iraq, with a neutral subject bias. The framing is slightly tilted towards the right (e.g., focusing on business opportunities), but the treatment of both sides is balanced. Quoted voices are generally more favorable to Switzerland.",ok,3,-2.7755575615628914e-17
rts,qwen2.5:3b-instruct,rts_29150791,-0.4,-0.5,-0.5,0.0,0.9,"The article focuses on diverse cultural and artistic events, with a slight tilt towards progressive/alternative topics such as improv theater, music from Japanese anime, and siffle performances, without favoring either political perspective.",ok,3,-0.35
rts,qwen2.5:3b-instruct,rts_29147656,-0.6,-0.7,-0.8,0.0,0.95,"The article focuses on current policies and their inadequacies, proposing new measures to address the issue in a left-leaning manner.",ok,3,-0.5249999999999999
rts,qwen2.5:3b-instruct,rts_29147331,-0.4,-0.6,-0.5,-0.3,1.0,"The article focuses mainly on ski alpine events, with only brief mentions of snowboarding and biathlon. The tone is neutral but somewhat biased towards the achievements of European athletes.",ok,3,-0.45
rts,qwen2.5:3b-instruct,rts_29123091,0.0,0.0,0.0,0.0,1.0,The article is purely informational and does not contain any overtly biased framing or treatment of political issues.,ok,3,0.0
rts,qwen2.5:3b-instruct,rts_29154335,0.0,0.0,0.0,0.0,1.0,"The article is purely factual and does not exhibit any bias in subject, framing, treatment or guests.",ok,3,0.0
rts,qwen2.5:3b-instruct,rts_29148270,-0.6,-0.8,-0.5,0.0,1.0,"The article heavily focuses on the obstacles and challenges faced by Ukraine in organizing elections under ongoing war conditions, leaning significantly towards a left-leaning perspective.",ok,3,-0.475
rts,qwen2.5:3b-instruct,rts_29134266,-1.0,-1.0,-1.0,-1.0,1.0,The article focuses heavily on European skepticism towards US military support and presents the issue from a left-leaning perspective.,ok,3,-1.0
rts,qwen2.5:3b-instruct,rts_29147062,,,,,,,fallback,3,
rts,qwen2.5:3b-instruct,rts_29139994,0.0,0.0,0.0,0.0,1.0,The article is purely informational and does not contain any political bias.,ok,3,0.0
rts,qwen2.5:3b-instruct,rts_29152429,-0.5,-0.75,-0.67,1.0,0.92,"The article primarily focuses on political reactions to an incident, with a clear left-leaning framing and treatment bias towards the extreme left. Quoted speakers are predominantly from the right.",ok,3,-0.22999999999999998
rts,qwen2.5:3b-instruct,rts_29147304,0.5,-1.0,0.5,0.0,0.8,"The article focuses on the Swiss skiers and their achievements, with a slight left-leaning framing due to the emphasis on an underdog performance that led to success.",ok,3,0.0
rts,qwen2.5:3b-instruct,rts_29148433,0.0,0.0,0.0,0.0,1.0,The article does not contain any political content or bias related information.,ok,3,0.0
rts,qwen2.5:3b-instruct,rts_29148256,-0.5,-0.75,-0.5,0.0,1.0,"The article predominantly discusses the exploitation of foreign workers and their difficult situations, leaning towards a left-leaning perspective.",ok,3,-0.4375
rts,qwen2.5:3b-instruct,rts_29138340,,,,,,,fallback,3,
rts,qwen2.5:3b-instruct,rts_29153734,-0.3,-0.6,-0.5,0.0,1.0,"The article focuses on regulatory response to a food safety incident and treats the industry's reaction negatively, leaning towards a left-leaning bias.",ok,3,-0.35
rts,qwen2.5:3b-instruct,rts_29143391,-1.0,-1.0,-1.0,1.0,1.0,"The article focuses on a left-leaning activist group and their demands, with prominent quotes from a left-leaning academic. The tone is also critical of right-wing Israeli policies.",ok,3,-0.5
rts,qwen2.5:3b-instruct,rts_29144921,,,,,,,fallback,3,
rts,qwen2.5:3b-instruct,rts_29147162,,,,,,,fallback,3,
rts,qwen2.5:3b-instruct,rts_29134931,,,,,,,fallback,3,
rts,qwen2.5:3b-instruct,rts_29150974,-0.8,-0.6,-0.75,0.0,1.0,"The article focuses on the criticism of verbal and physical attacks against defense lawyers, emphasizing the need for judicial integrity and reiterating the importance of legal representation and fair trials.",ok,3,-0.5375
rts,qwen2.5:3b-instruct,rts_29142442,0.0,0.0,0.0,0.0,1.0,"The article provides balanced coverage of the opening ceremony, focusing on its diverse locations and cultural elements without showing any clear bias towards left or right.",ok,3,0.0
rts,gemma3:4b,rts_29147820,0.0,0.2,0.3,0.0,0.8,"The article discusses a Swiss government proposal to address rising disability insurance claims, particularly among young adults. It highlights measures for workforce integration and financial stability within the AI (assurance-invalidité) system.",ok,3,0.125
rts,gemma3:4b,rts_29134900,,,,,,,fallback,3,
rts,gemma3:4b,rts_29144178,,,,,,,fallback,3,
rts,gemma3:4b,rts_29142365,,,,,,,fallback,3,
rts,gemma3:4b,rts_29152239,,,,,,,fallback,3,
rts,gemma3:4b,rts_29153846,,,,,,,ok,3,
rts,gemma3:4b,rts_29147828,,,,,,,ok,3,
rts,gemma3:4b,rts_29115321,,,,,,,fallback,3,
rts,gemma3:4b,rts_29151828,0.3,0.6,0.7,0.2,0.8,"The article focuses on calls for regime change in Iran, primarily through the voices of opposition figures and Donald Trump's support, leaning towards a critical perspective of the Iranian government. It highlights the mobilization and international attention surrounding the protests.",ok,3,0.44999999999999996
rts,gemma3:4b,rts_28980688,,,,,,,fallback,3,
rts,gemma3:4b,rts_29150791,,,,,,,ok,3,
rts,gemma3:4b,rts_29147656,0.1,0.2,0.3,0.0,0.8,The article focuses on the aftermath of a tragic fire and the support being provided to victims and their families. It highlights the shortcomings of the existing insurance system and the efforts to establish amicable agreements and financial assistance.,ok,3,0.15000000000000002
rts,gemma3:4b,rts_29147331,,,,,,,ok,3,
rts,gemma3:4b,rts_29123091,0.0,0.0,0.0,0.0,0.8,This article is a standard contest announcement with legal disclaimers and sponsor information. It doesn't exhibit any clear political leaning or bias in its framing or treatment of any particular group.,ok,3,0.0
rts,gemma3:4b,rts_29154335,0.0,0.0,0.0,0.0,0.9,This article reports on a natural event – a rockslide – and focuses on the technical response. There is no discernible political slant or preference for one side over another.,ok,3,0.0
rts,gemma3:4b,rts_29148270,0.1,0.0,0.1,0.1,0.8,"The article presents a balanced overview of the challenges to holding elections in Ukraine, citing both Ukrainian and US perspectives. It highlights the conditions set by Zelensky for elections and the obstacles posed by the ongoing conflict.",ok,3,0.07500000000000001
rts,gemma3:4b,rts_29134266,0.2,0.7,0.6,0.0,0.8,"The article leans right by criticizing US policy and advocating for European autonomy. It frames the US as actively seeking to undermine the EU, highlighting concerns about American influence and European dependence. The guest, Gnesotto, expresses skepticism towards the US alliance and pushes for a more independent European defense strategy.",ok,3,0.375
rts,gemma3:4b,rts_29147062,,,,,,,fallback,3,
rts,gemma3:4b,rts_29139994,0.0,0.0,0.0,0.0,0.8,"This article discusses calendar patterns and occurrences, presenting factual information without a discernible political leaning. It focuses on astronomical and calendar conventions, making it neutral in its presentation.",ok,3,0.0
rts,gemma3:4b,rts_29152429,,,,,,,fallback,3,
rts,gemma3:4b,rts_29147304,,,,,,,fallback,3,
rts,gemma3:4b,rts_29148433,0.0,0.1,0.1,0.0,0.8,"The article focuses on the deceased's character and family, presenting a respectful and neutral account of his passing. The mention of his faith and courage adds a slightly positive framing.",ok,3,0.05
rts,gemma3:4b,rts_29148256,0.3,0.6,0.8,0.1,0.8,"The article focuses on a case of alleged exploitation and abuse, presenting a sympathetic view of the Filipino worker's situation. It highlights the problematic nature of the employer's practices and the legal challenges faced by the worker, leaning slightly towards a critical perspective.",ok,3,0.45
rts,gemma3:4b,rts_29138340,,,,,,,fallback,3,
rts,gemma3:4b,rts_29153734,0.2,0.3,-0.4,0.0,0.8,"The article focuses on a food safety issue and the response of companies, leaning slightly towards a critical perspective on the delayed reactions. The official's statements emphasize the need for immediate action and accountability, suggesting a cautious approach to consumer safety.",ok,3,0.024999999999999994
rts,gemma3:4b,rts_29143391,0.2,0.7,0.3,0.6,0.8,"The article focuses on concerns about potential links between Swiss universities and Israeli military research, framing the issue as ethical and potentially involving war crimes. The primary voice is a prominent climate scientist, Julia Steinberger, who expresses strong criticism, suggesting a slight right-leaning framing due to the critique of governmental and military actions.",ok,3,0.44999999999999996
rts,gemma3:4b,rts_29144921,,,,,,,fallback,3,
rts,gemma3:4b,rts_29147162,,,,,,,fallback,3,
rts,gemma3:4b,rts_29134931,,,,,,,fallback,3,
rts,gemma3:4b,rts_29150974,0.1,0.2,0.1,0.0,0.8,"The article expresses concern about attacks on lawyers and the intense media scrutiny surrounding a legal case. It emphasizes the importance of a fair and impartial justice system, urging restraint and adherence to legal procedures.",ok,3,0.1
rts,gemma3:4b,rts_29142442,0.1,0.2,0.3,0.2,0.8,"The article presents a largely neutral overview of the Olympic opening ceremony, highlighting key events and figures. It includes mentions of prominent Italian and Swiss political figures, suggesting a balanced approach.",ok,3,0.2
rts,MichelRosselli/apertus:latest,rts_29147820,,,,,,,fallback,3,
rts,MichelRosselli/apertus:latest,rts_29134900,,,,,,,fallback,3,
rts,MichelRosselli/apertus:latest,rts_29144178,,,,,,,fallback,3,
rts,MichelRosselli/apertus:latest,rts_29142365,0.0,-1.0,0.0,0.0,0.57,"L'article présente des faits et analyse les causes de la chute du bitcoin, sans prendre parti politique.",ok,3,-0.25
rts,MichelRosselli/apertus:latest,rts_29152239,,,,,,,fallback,3,
rts,MichelRosselli/apertus:latest,rts_29153846,0.0,-1.0,-1.25,0.0,0.98,"L'article aborde la problématique de la pauvreté en Suisse, mettant l'accent sur les inégalités régionales et le fait que certains groupes (enfants, familles monoparentales) sont particulièrement touchés. Le ton est plutôt critique envers les conditions socio-économiques actuelles.",ok,3,-0.5625
rts,MichelRosselli/apertus:latest,rts_29147828,,,,,,,fallback,3,
rts,MichelRosselli/apertus:latest,rts_29115321,,,,,,,fallback,3,
rts,MichelRosselli/apertus:latest,rts_29151828,,,,,,,fallback,3,
rts,MichelRosselli/apertus:latest,rts_28980688,,,,,,,fallback,3,
rts,MichelRosselli/apertus:latest,rts_29150791,,,,,,,fallback,3,
rts,MichelRosselli/apertus:latest,rts_29147656,,,,,,,fallback,3,
rts,MichelRosselli/apertus:latest,rts_29147331,,,,,,,fallback,3,
rts,MichelRosselli/apertus:latest,rts_29123091,,,,,,,fallback,3,
rts,MichelRosselli/apertus:latest,rts_29154335,0.0,-1.0,0.0,0.0,0.85,"L'article est centré sur un événement naturel, sans inclure de commentaires politiques ou d'opinions partisanes.",ok,3,-0.25
rts,MichelRosselli/apertus:latest,rts_29148270,,,,,,,fallback,3,
rts,MichelRosselli/apertus:latest,rts_29134266,0.0,-1.0,-1.0,0.0,0.75,"L'article aborde des thèmes complexes tels que la dépendance de l'Europe aux États-Unis, l'autonomie européenne et les divisions internes au sein de l'Union européenne. Il n'y a pas d'invités politiques spécifiques mentionnés.",ok,3,-0.5
rts,MichelRosselli/apertus:latest,rts_29147062,,,,,,,fallback,3,
rts,MichelRosselli/apertus:latest,rts_29139994,,,,,,,fallback,3,
rts,MichelRosselli/apertus:latest,rts_29152429,,,,,,,fallback,3,
rts,MichelRosselli/apertus:latest,rts_29147304,,,,,,,fallback,3,
rts,MichelRosselli/apertus:latest,rts_29148433,,,,,,,fallback,3,
rts,MichelRosselli/apertus:latest,rts_29148256,,,,,,,fallback,3,
rts,MichelRosselli/apertus:latest,rts_29138340,,,,,,,fallback,3,
rts,MichelRosselli/apertus:latest,rts_29153734,,,,,,,fallback,3,
rts,MichelRosselli/apertus:latest,rts_29143391,,,,,,,fallback,3,
rts,MichelRosselli/apertus:latest,rts_29144921,,,,,,,fallback,3,
rts,MichelRosselli/apertus:latest,rts_29147162,,,,,,,fallback,3,
rts,MichelRosselli/apertus:latest,rts_29134931,,,,,,,fallback,3,
rts,MichelRosselli/apertus:latest,rts_29150974,,,,,,,fallback,3,
rts,MichelRosselli/apertus:latest,rts_29142442,0.0,-1.0,0.0,0.0,0.85,"The article focuses on the Olympics opening ceremony and its events, without taking a clear political stance or favoring any specific group.",ok,3,-0.25
rts,llama3.2:latest,rts_29147820,-0.3,0.05,0.1,0.0,0.65,"La réforme prévoit des mesures destinées à soutenir les jeunes adultes, ce qui suggère un ton légèrement favorable au côté gauche. Cependant, il est important de noter que la réforme également vise à stabiliser et assainir les finances de l'AI, ce qui pourrait être perçu comme une mesure neutre ou même légèrement favorisant le côté droit.",ok,4,-0.0375
rts,llama3.2:latest,rts_29134900,,,,,,,fallback,4,
rts,llama3.2:latest,rts_29144178,,,,,,,fallback,4,
rts,llama3.2:latest,rts_29142365,-0.3,0.1,0.0,0.0,0.8,"L'article présente un ton relativement neutre, mais utilise un vocabulaire légèrement plus formal et technique que les articles de généralistes, ce qui pourrait suggérer une orientation légèrement à droite.",ok,4,-0.049999999999999996
rts,llama3.2:latest,rts_29152239,,,,,,,fallback,4,
rts,llama3.2:latest,rts_29153846,-0.1,-0.2,-0.3,-0.1,0.8,"L'article présente un ton critique envers la Suisse pour son accès aux soins médicaux et sa lutte contre la pauvreté, ce qui suggère une orientation de gauche. La préférence accordée à des études comme l'expérience des mineurs vivant dans les ménages monoparentaux peut également être interprétée comme un accent de gauche. Cependant, le ton n'est pas outrancier et la discussion reste centrée sur les chiffres et les statistiques, ce qui maintient une certaine neutralité.",ok,4,-0.17500000000000002
rts,llama3.2:latest,rts_29147828,-0.0,-1.0,-0.5,0.0,0.8,"L'article présente une perspective pro-ukrainienne, avec des témoignages et des observations qui mettent en avant les souffrances des Ukrainiens et la menace permanente de la guerre. La présentation de l'expérience des Européens de l'Est est critiquée par Maurine Mercier, ce qui suggère une attitude critique à l'égard de la représentation occidentale de ces régions.",ok,4,-0.375
rts,llama3.2:latest,rts_29115321,,,,,,,fallback,4,
rts,llama3.2:latest,rts_29151828,,,,,,,fallback,4,
rts,llama3.2:latest,rts_28980688,-0.1,0.8,0.7,0.9,0.85,"L'article présente une vision positive de la relation économique entre l'Irak et la Suisse, en mettant en avant les opportunités d'investissement et la stabilité du pays. Les citations des ambassadeurs suisses et des entrepreneurs irakiens sont également présentées comme positives et favorables à l'établissement de partenariats économiques.",ok,4,0.575
rts,llama3.2:latest,rts_29150791,-0.1,0.0,-0.05,0.0,0.7,"Les sources citées sont variées, allant de concert de musique classique à spectacle de marionnettes, passant par un événement sportif. Aucune source n'a une préférence clairement de gauche ou de droite.",ok,4,-0.037500000000000006
rts,llama3.2:latest,rts_29147656,-0.2,-0.1,-0.4,0.0,0.8,"L'article souligne également la nécessité d'une aide supplémentaire pour les familles et les proches des victimes, ce qui suggère une certaine préoccupation pour la situation des victimes.",ok,4,-0.17500000000000002
rts,llama3.2:latest,rts_29147331,,,,,,,fallback,4,
rts,llama3.2:latest,rts_29123091,0.0,-0.02,0.0,0.0,0.8,"L'article présente un concours de ski et de week-end en hiver, avec des prix offerts par des marques suisses. Le ton est neutre et les informations sont fournies de manière claire, sans aucune orientation politique ou idéologique.",ok,4,-0.005
rts,llama3.2:latest,rts_29154335,-0.5,0.0,0.0,0.0,1.0,"L'article présente un ton neutre et évite toute interprétation politique, traitant uniquement de l'évènement géologique. Les faits sont présentés sans parti pris.",ok,4,-0.125
rts,llama3.2:latest,rts_29148270,,,,,,,fallback,4,
rts,llama3.2:latest,rts_29134266,,,,,,,fallback,4,
rts,llama3.2:latest,rts_29147062,,,,,,,fallback,4,
rts,llama3.2:latest,rts_29139994,,,,,,,fallback,4,
rts,llama3.2:latest,rts_29152429,,,,,,,fallback,4,
rts,llama3.2:latest,rts_29147304,,,,,,,fallback,4,
rts,llama3.2:latest,rts_29148433,-0.1,-0.3,0.0,-0.5,0.4,"Le sujet est neutre, mais le ton de l'article semble légèrement sympathique envers James Van Der Beek.",ok,4,-0.225
rts,llama3.2:latest,rts_29148256,,,,,,,fallback,4,
rts,llama3.2:latest,rts_29138340,,,,,,,fallback,4,
rts,llama3.2:latest,rts_29153734,-0.0,-0.5,-0.3,0.0,0.7,"L'article semble adopter une perspective critique envers les entreprises accusées de réagir trop tardivement aux rappels de produits contaminés, ce qui suggère un légère tendance à gauche dans la framing du sujet.",ok,4,-0.2
rts,llama3.2:latest,rts_29143391,-0.3,0.2,-0.1,-0.5,0.6,"L'article présente un ton neutre et fournit des citations de Julia Steinberger, une universitaire lausannoise, pour soutenir son argumentation. Cependant, l'attitude du Département fédéral de l'Economie, de la formation et de la recherche est évoquée sans être explicitement citée dans le texte, ce qui pourrait indiquer une légère tendance à la neutralité.",ok,4,-0.175
rts,llama3.2:latest,rts_29144921,,,,,,,fallback,4,
rts,llama3.2:latest,rts_29147162,,,,,,,fallback,4,
rts,llama3.2:latest,rts_29134931,,,,,,,fallback,4,
rts,llama3.2:latest,rts_29150974,-0.5,0.3,-0.2,0.1,0.9,"L'article présente une vision généralement positive de la justice et des avocats, avec un ton respectueux envers les victimes et leurs proches. La mention d'une « climat de tension » est évoquée sans détails concrets, ce qui pourrait suggérer une légère orientation à gauche dans l'élaboration du récit.",ok,4,-0.07500000000000001
rts,llama3.2:latest,rts_29142442,-0.02,0.03,-0.01,0.01,0.88,"La cérémonie d'ouverture des Jeux olympiques d'hiver à Milan a été marquée par un message de paix et d'harmonie, avec une direction artistique confiée à Marco Ballich. La cérémonie a également présenté des hommages à la mode et au design, ainsi qu'à des personnalités internationales telles que Mariah Carey et Lang Lang.",ok,4,0.0024999999999999996
rts,gemma2:latest,rts_29147820,,,,,,,fallback,4,
rts,gemma2:latest,rts_29134900,,,,,,,recovered,4,
rts,gemma2:latest,rts_29144178,,,,,,,fallback,4,
rts,gemma2:latest,rts_29142365,,,,,,,fallback,4,
rts,gemma2:latest,rts_29152239,,,,,,,fallback,4,
rts,gemma2:latest,rts_29153846,,,,,,,fallback,4,
rts,gemma2:latest,rts_29147828,-0.3,-0.6,-0.7,0.0,0.7,The article focuses on the historical and ongoing suffering of Ukrainians due to conflict. The framing emphasizes Russian brutality and Ukrainian resilience.,ok,4,-0.39999999999999997
rts,gemma2:latest,rts_29115321,,,,,,,fallback,4,
rts,gemma2:latest,rts_29151828,,,,,,,fallback,4,
rts,gemma2:latest,rts_28980688,,,,,,,fallback,4,
rts,gemma2:latest,rts_29150791,,,,,,,fallback,4,
rts,gemma2:latest,rts_29147656,,,,,,,fallback,4,
rts,gemma2:latest,rts_29147331,,,,,,,fallback,4,
rts,gemma2:latest,rts_29123091,,,,,,,fallback,4,
rts,gemma2:latest,rts_29154335,0.0,0.0,0.0,0.0,0.95,The article reports on a factual event with no discernible political slant. ,ok,4,0.0
rts,gemma2:latest,rts_29148270,,,,,,,fallback,4,
rts,gemma2:latest,rts_29134266,,,,,,,fallback,4,
rts,gemma2:latest,rts_29147062,,,,,,,fallback,4,
rts,gemma2:latest,rts_29139994,,,,,,,fallback,4,
rts,gemma2:latest,rts_29152429,,,,,,,fallback,4,
rts,gemma2:latest,rts_29147304,0.0,0.0,0.0,0.0,0.95,The article focuses on the athletic performance of Swiss skiers in an Olympic event. There is no discernible political slant or bias.,ok,4,0.0
rts,gemma2:latest,rts_29148433,,,,,,,fallback,4,
rts,gemma2:latest,rts_29148256,,,,,,,fallback,4,
rts,gemma2:latest,rts_29138340,,,,,,,fallback,4,
rts,gemma2:latest,rts_29153734,,,,,,,fallback,4,
rts,gemma2:latest,rts_29143391,,,,,,,fallback,4,
rts,gemma2:latest,rts_29144921,,,,,,,fallback,4,
rts,gemma2:latest,rts_29147162,,,,,,,fallback,4,
rts,gemma2:latest,rts_29134931,,,,,,,fallback,4,
rts,gemma2:latest,rts_29150974,,,,,,,fallback,4,
rts,gemma2:latest,rts_29142442,,,,,,,fallback,4,
rts,phi3:mini,rts_29147820,-0.1,-0.3,-0.5,0.0,0.9,"The article appears to favor the right with a left-leaning tone and language towards welfare reforms for young adults, but it's still relatively balanced overall.",ok,4,-0.225
rts,phi3:mini,rts_29134900,,,,,,,fallback,4,
rts,phi3:mini,rts_29144178,,,,,,,fallback,4,
rts,phi3:mini,rts_29142365,-0.5,-1.0,-0.9,-1.0,0.85,The article clearly presents a negative view towards Bitcoin and other tech investments while favoring traditional assets like gold and silver.,ok,4,-0.85
rts,phi3:mini,rts_29152239,,,,,,,fallback,4,
rts,phi3:mini,rts_29153846,,,,,,,fallback,4,
rts,phi3:mini,rts_29147828,,,,,,,fallback,4,
rts,phi3:mini,rts_29115321,,,,,,,fallback,4,
rts,phi3:mini,rts_29151828,,,,,,,fallback,4,
rts,phi3:mini,rts_28980688,,,,,,,fallback,4,
rts,phi3:mini,rts_29150791,,,,,,,fallback,4,
rts,phi3:mini,rts_29147656,-0.2,-0.3,-0.4,-0.1,0.95,The article shows a clear preference for the victim's rights and portrayal of negligence by authorities but lacks strong partisan language or representation.,ok,4,-0.25
rts,phi3:mini,rts_29147331,,,,,,,fallback,4,
rts,phi3:mini,rts_29123091,,,,,,,fallback,4,
rts,phi3:mini,rts_29154335,,,,,,,fallback,4,
rts,phi3:mini,rts_29148270,,,,,,,fallback,4,
rts,phi3:mini,rts_29134266,,,,,,,fallback,4,
rts,phi3:mini,rts_29147062,,,,,,,fallback,4,
rts,phi3:mini,rts_29139994,,,,,,,fallback,4,
rts,phi3:mini,rts_29152429,,,,,,,fallback,4,
rts,phi3:mini,rts_29147304,,,,,,,fallback,4,
rts,phi3:mini,rts_29148433,-1.0,-1.0,-1.0,0.0,0.95,The article portrays James Van Der Beek in a compassionate light with negative bias towards disease and death which leans left politically.,ok,4,-0.75
rts,phi3:mini,rts_29148256,,,,,,,fallback,4,
rts,phi3:mini,rts_29138340,,,,,,,fallback,4,
rts,phi3:mini,rts_29153734,,,,,,,fallback,4,
rts,phi3:mini,rts_29143391,,,,,,,fallback,4,
rts,phi3:mini,rts_29144921,,,,,,,fallback,4,
rts,phi3:mini,rts_29147162,,,,,,,fallback,4,
rts,phi3:mini,rts_29134931,,,,,,,fallback,4,
rts,phi3:mini,rts_29150974,,,,,,,fallback,4,
rts,phi3:mini,rts_29142442,-0.1,-0.3,0.0,0.1,0.85,The article is slightly left-leaning due to its focus on the symbolic connection between city and mountains as well as international representation within Italy's borders which reflect a more global perspective that can align with progressive ideals. The positive tone towards multiculturalism in sports events suggests some leaning toward inclusivity often associated with liberal viewpoints.,ok,4,-0.07500000000000001
rts,qwen2.5:3b-instruct,rts_29147820,-0.3,-0.7,-0.5,0.0,1.0,"The article focuses on the growing number of disability benefits and their impact, presenting a balanced view with both positive and negative aspects.",ok,4,-0.375
rts,qwen2.5:3b-instruct,rts_29134900,,,,,,,fallback,4,
rts,qwen2.5:3b-instruct,rts_29144178,-0.2,-0.4,-0.3,0.0,1.0,"The article discusses two incidents of animal neglect, highlighting the need for better detection and intervention. It presents both government measures and farmer perspectives, maintaining a balanced tone.",ok,4,-0.22500000000000003
rts,qwen2.5:3b-instruct,rts_29142365,-0.3,-0.6,-0.5,0.0,1.0,"The article discusses the drop in Bitcoin prices, focusing on forced selling and its impact on other markets like gold and silver, with a moderate left-leaning framing.",ok,4,-0.35
rts,qwen2.5:3b-instruct,rts_29152239,-1.0,-1.0,-1.0,0.0,1.0,"The article focuses heavily on the attacks by Israel and their violations of a ceasefire, portraying Hamas as the aggressor and criticizing both parties equally but highlighting Israeli actions more.",ok,4,-0.75
rts,qwen2.5:3b-instruct,rts_29153846,-0.5,-0.7,-0.6,0.0,1.0,"The article focuses on social issues such as poverty and health care, with a clear left-leaning subject bias and framing that highlights the negative aspects of these issues.",ok,4,-0.44999999999999996
rts,qwen2.5:3b-instruct,rts_29147828,-1.0,-1.0,-1.0,0.0,0.95,"The article focuses on the European East's perspective of WWII, highlighting their historical trauma and current suffering under Russian aggression, leaning heavily towards a left-leaning narrative.",ok,4,-0.75
rts,qwen2.5:3b-instruct,rts_29115321,,,,,,,fallback,4,
rts,qwen2.5:3b-instruct,rts_29151828,-1.0,-1.0,-1.0,-1.0,1.0,"The article heavily favors the Iranian opposition and monarchy, criticizing the current regime in Iran.",ok,4,-1.0
rts,qwen2.5:3b-instruct,rts_28980688,-0.2,-0.4,-0.5,-0.3,0.9,"The article highlights a positive economic relationship between Switzerland and Iraq, but also points out the risks and complexities involved.",ok,4,-0.35000000000000003
rts,qwen2.5:3b-instruct,rts_29150791,-0.4,-0.5,-0.5,0.0,0.9,"The article contains a mix of topics, but leans towards the left with its focus on young audiences and contemporary art forms.",ok,4,-0.35
rts,qwen2.5:3b-instruct,rts_29147656,-0.3,-0.6,-0.4,0.0,0.9,"The article highlights the need for more support and compensation for victims, particularly from private insurance companies which are often insufficient. It also mentions efforts to organize discussions between parties involved in cases.",ok,4,-0.32499999999999996
rts,qwen2.5:3b-instruct,rts_29147331,-0.4,-0.3,-0.5,-0.2,1.0,"The article focuses more on Alpine skiing and biathlon achievements, with no prominent guest voices identified. The tone is neutral towards the subject matter.",ok,4,-0.35
rts,qwen2.5:3b-instruct,rts_29123091,0.0,0.0,0.0,0.0,1.0,"The article is purely informative and does not contain any bias in terms of subject, framing, treatment or guest voices.",ok,4,0.0
rts,qwen2.5:3b-instruct,rts_29154335,0.0,0.0,0.0,0.0,1.0,The article discusses a rockslide incident without taking any political stance or bias towards either side.,ok,4,0.0
rts,qwen2.5:3b-instruct,rts_29148270,-0.4,-0.6,-0.8,0.0,1.0,"The article heavily focuses on the challenges of organizing elections during wartime, presenting a predominantly left-leaning perspective.",ok,4,-0.45
rts,qwen2.5:3b-instruct,rts_29134266,-1.0,-1.0,-1.0,-1.0,1.0,"The article focuses heavily on the tension between Europe and the United States, presenting a critical view of American influence and support for European security. ",ok,4,-1.0
rts,qwen2.5:3b-instruct,rts_29147062,,,,,,,fallback,4,
rts,qwen2.5:3b-instruct,rts_29139994,,,,,,,fallback,4,
rts,qwen2.5:3b-instruct,rts_29152429,-0.75,-0.62,-0.83,-0.43,1.0,"The article heavily focuses on the political implications and tensions between far-left and far-right groups, highlighting their rhetoric and violence. It also presents conflicting narratives from different parties involved.",ok,4,-0.6575000000000001
rts,qwen2.5:3b-instruct,rts_29147304,-0.4,-0.6,-0.8,0.0,1.0,"The article focuses on a Swiss skier's success, which is left-leaning as it highlights the achievement of a local athlete. The tone is neutral regarding other athletes and commentators.",ok,4,-0.45
rts,qwen2.5:3b-instruct,rts_29148433,0.0,0.0,0.0,0.0,1.0,The article does not contain any political information or bias.,ok,4,0.0
rts,qwen2.5:3b-instruct,rts_29148256,-0.5,-0.75,-0.5,0.0,1.0,"The article focuses on the exploitation of a Filipino domestic worker in Switzerland, highlighting the legal challenges faced by victims and calling for better protection mechanisms.",ok,4,-0.4375
rts,qwen2.5:3b-instruct,rts_29138340,,,,,,,fallback,4,
rts,qwen2.5:3b-instruct,rts_29153734,-0.3,-0.7,-0.6,0.0,1.0,"The article focuses on regulatory responses and corporate accountability rather than consumer rights or industry practices, indicating a left-leaning framing.",ok,4,-0.4
rts,qwen2.5:3b-instruct,rts_29143391,-1.0,-1.0,-1.0,-1.0,1.0,"The article focuses on a left-leaning topic and uses framing that is decidedly critical of Israel's scientific cooperation with the country, favoring strong ethical oversight in scientific research.",ok,4,-1.0
rts,qwen2.5:3b-instruct,rts_29144921,,,,,,,fallback,4,
rts,qwen2.5:3b-instruct,rts_29147162,,,,,,,fallback,4,
rts,qwen2.5:3b-instruct,rts_29134931,,,,,,,fallback,4,
rts,qwen2.5:3b-instruct,rts_29150974,-1.0,-1.0,-1.0,0.0,0.95,"The article heavily condemns attacks against defense lawyers and calls for restraint, demonstrating a clear left-leaning stance on legal rights and judicial independence.",ok,4,-0.75
rts,qwen2.5:3b-instruct,rts_29142442,0.0,-0.1,-0.3,0.0,0.85,"The article is mostly neutral on subject and framing, but slightly leans towards the right in its treatment of events.",ok,4,-0.1
rts,gemma3:4b,rts_29147820,0.0,0.1,0.2,0.0,0.8,"The article discusses a Swiss government proposal to address rising disability insurance claims, particularly among young adults. It focuses on measures to encourage workforce participation and stabilize the insurance finances, presenting a balanced approach.",ok,4,0.07500000000000001
rts,gemma3:4b,rts_29134900,0.7,0.8,0.9,0.2,0.8,"The article overwhelmingly depicts the dire humanitarian situation in Gaza, highlighting the ongoing suffering and lack of opportunity despite attempts at development. The focus on Israeli restrictions and the voices of Gazan residents clearly lean towards a critical perspective.",ok,4,0.65
rts,gemma3:4b,rts_29144178,0.2,0.3,0.1,0.0,0.7,"The article presents a factual account of animal neglect and subsequent investigation, with a focus on the systemic issues and preventative measures. It highlights the farmer's perspective while also incorporating the views of officials and agricultural representatives.",ok,4,0.15
rts,gemma3:4b,rts_29142365,,,,,,,fallback,4,
rts,gemma3:4b,rts_29152239,,,,,,,fallback,4,
rts,gemma3:4b,rts_29153846,,,,,,,ok,4,
rts,gemma3:4b,rts_29147828,0.9,0.8,0.9,0.0,0.8,"The article heavily frames the ongoing conflict through the lens of historical trauma, particularly focusing on the experiences of Poland and Ukraine due to the legacy of Nazi Germany and the current Russian invasion. It presents a deeply negative portrayal of Russian actions and highlights the enduring impact of war on civilian lives.",ok,4,0.65
rts,gemma3:4b,rts_29115321,,,,,,,fallback,4,
rts,gemma3:4b,rts_29151828,0.3,0.6,0.7,0.2,0.8,"The article primarily focuses on the opposition movement in Iran, framing it as a call for democratic change and international intervention. It features voices advocating for the overthrow of the current regime, largely supported by Western figures like Trump and Reza Pahlavi.",ok,4,0.44999999999999996
rts,gemma3:4b,rts_28980688,0.0,0.2,0.3,0.3,0.8,"The article presents a largely neutral overview of Swiss-Iraqi economic relations, highlighting opportunities and challenges. It subtly favors a positive outlook by emphasizing Swiss strengths and the Iraqi government's desire for modernization.",ok,4,0.2
rts,gemma3:4b,rts_29150791,0.0,0.0,0.0,0.0,0.8,"The article presents a variety of cultural and musical events across Switzerland, with no clear political leaning. It focuses on diverse artistic performances and competitions.",ok,4,0.0
rts,gemma3:4b,rts_29147656,0.1,0.2,0.1,0.0,0.8,"The article discusses the response to a tragic fire in Crans-Montana, focusing on financial aid and legal recourse for victims. It highlights the limitations of existing systems and the efforts to establish amicable settlements.",ok,4,0.1
rts,gemma3:4b,rts_29147331,0.0,0.0,0.0,0.0,0.8,"The article provides a neutral overview of Swiss performance in several winter sports events, focusing on results and athlete details. It highlights successes and failures across skiing, snowboarding, and biathlon.",ok,4,0.0
rts,gemma3:4b,rts_29123091,0.0,0.0,0.0,0.0,0.8,"This article is a straightforward announcement of a series of contests and giveaways associated with a Swiss television channel (RTS). It details the prizes, rules, and conditions without expressing any particular political leaning or favoring any group.",ok,4,0.0
rts,gemma3:4b,rts_29154335,0.0,0.0,0.0,0.0,0.9,This article reports on a natural event (a rockslide) with a focus on the actions taken to mitigate the risk. There is no discernible political leaning or biased treatment of any group.,ok,4,0.0
rts,gemma3:4b,rts_29148270,0.1,0.0,0.1,0.1,0.8,"The article presents a balanced view of the situation regarding Ukrainian elections, citing both US pressure and Ukrainian concerns about security and ongoing conflict. It highlights the significant obstacles to holding elections in the current circumstances.",ok,4,0.07500000000000001
rts,gemma3:4b,rts_29134266,,,,,,,fallback,4,
rts,gemma3:4b,rts_29147062,,,,,,,fallback,4,
rts,gemma3:4b,rts_29139994,,,,,,,fallback,4,
rts,gemma3:4b,rts_29152429,,,,,,,fallback,4,
rts,gemma3:4b,rts_29147304,0.0,0.2,0.7,0.6,0.8,"The article focuses on Swiss skiers' successes at the Olympics, primarily highlighting Franjo von Allmen's multiple wins and achievements. The tone is celebratory and emphasizes the historical significance of his accomplishments, favoring the positive outcomes of the Swiss team.",ok,4,0.375
rts,gemma3:4b,rts_29148433,0.0,0.1,0.1,0.0,0.8,"The article presents a straightforward obituary for a deceased individual. The language used ('courage, foi et dignité') leans slightly towards a traditional, faith-based perspective, but the core focus is simply reporting the facts of his life and passing.",ok,4,0.05
rts,gemma3:4b,rts_29148256,0.3,0.6,0.8,0.1,0.8,"The article primarily focuses on the exploitation of a foreign worker in Switzerland, framing the situation as an injustice and highlighting the potential for abuse within the system. It leans towards a sympathetic treatment of the worker, Jonathan Manilo, and incorporates expert commentary reinforcing the need for stronger protections.",ok,4,0.45
rts,gemma3:4b,rts_29138340,,,,,,,fallback,4,
rts,gemma3:4b,rts_29153734,0.2,0.3,-0.4,0.0,0.8,"The article primarily focuses on the response (or lack thereof) of food companies to a product recall, highlighting concerns about delayed action. The tone is critical of the companies' reaction while reassuring the public that authorities are taking action.",ok,4,0.024999999999999994
rts,gemma3:4b,rts_29143391,0.2,0.6,0.3,0.4,0.8,"The article focuses on concerns about potential links between Swiss scientific research and the Israeli military, framing the issue as a matter of ethical responsibility. The article presents a critical perspective on Israeli government policies and highlights the concerns of the activist group, while maintaining a neutral stance on the overall situation.",ok,4,0.375
rts,gemma3:4b,rts_29144921,,,,,,,fallback,4,
rts,gemma3:4b,rts_29147162,,,,,,,fallback,4,
rts,gemma3:4b,rts_29134931,,,,,,,fallback,4,
rts,gemma3:4b,rts_29150974,0.1,0.2,0.2,0.0,0.8,"The article expresses concern about the treatment of lawyers and advocates for a fair trial, emphasizing the importance of judicial independence and respect for legal proceedings. It calls for restraint and a focus on the principles of the rule of law.",ok,4,0.125
rts,gemma3:4b,rts_29142442,0.0,0.1,0.1,0.2,0.8,"The article provides a straightforward account of the opening ceremony, highlighting key events and participants. It includes mentions of prominent Italian and Swiss figures, leaning slightly towards a neutral perspective due to the focus on celebrating the event itself.",ok,4,0.1
rts,MichelRosselli/apertus:latest,rts_29147820,0.0,-1.0,0.0,0.0,0.95,"Le sujet est neutre (AI), le ton est critique envers les finances de l'AI, aucun invité politique clair.",ok,4,-0.25
rts,MichelRosselli/apertus:latest,rts_29134900,0.0,-1.0,-1.0,0.0,0.95,"L'article met en lumière les conditions de vie difficiles et inhumaines dans la bande de Gaza, sans présenter un point de vue politique clair ou une analyse partisane des événements.",ok,4,-0.5
rts,MichelRosselli/apertus:latest,rts_29144178,0.0,-1.0,0.0,0.0,0.85,"L'article traite de deux affaires de maltraitance animale dans la vallée de La Brévine, en Suisse. Il présente des témoignages anonymes d'un agriculteur qui a négligé son bétail et les réactions des autorités vétérinaires et du canton pour renforcer les contrôles.",ok,4,-0.25
rts,MichelRosselli/apertus:latest,rts_29142365,0.0,-1.0,-1.0,0.0,0.95,"L'article traite de manière neutre du sujet, sans favoriser un camp politique particulier.",ok,4,-0.5
rts,MichelRosselli/apertus:latest,rts_29152239,0.0,-1.0,-1.0,0.0,0.85,"L'article présente un point de vue neutre, se concentrant sur les faits et les déclarations des deux parties sans prendre parti.",ok,4,-0.5
rts,MichelRosselli/apertus:latest,rts_29153846,0.0,-1.0,0.0,0.0,0.95,"The article discusses poverty in Switzerland, highlighting the increasing number of people living below the minimum vital income and the challenges faced by children from low-income families.",ok,4,-0.25
rts,MichelRosselli/apertus:latest,rts_29147828,0.0,-1.0,0.0,0.0,0.85,"L'article traite de la guerre en Ukraine, mais il ne prend pas clairement parti pour une idéologie politique.",ok,4,-0.25
rts,MichelRosselli/apertus:latest,rts_29115321,0.0,-1.0,0.0,0.0,0.98,"L'article présente un point de vue critique sur la position des États-Unis et leur impact sur l'Europe, soulignant les tensions croissantes entre les deux parties. Il n'y a pas de prise de parti claire pour une partie politique en particulier.",ok,4,-0.25
rts,MichelRosselli/apertus:latest,rts_29151828,0.0,-1.0,0.0,-1.0,0.85,"The article discusses a large protest against the Iranian government, with participants calling for democracy and an end to the Islamic Republic. The opposition leader Reza Pahlavi is seen as a potential symbol of unity among different political factions.",ok,4,-0.5
rts,MichelRosselli/apertus:latest,rts_28980688,0.0,-1.0,0.0,0.0,0.85,"The article discusses Swiss-Iraqi economic relations, focusing on the potential for Swiss companies to invest in Iraq's reconstruction efforts. The tone is neutral and informative.",ok,4,-0.25
rts,MichelRosselli/apertus:latest,rts_29150791,0.0,-1.0,0.0,0.0,0.95,"Le sujet et le traitement sont neutres, mais le cadre est légèrement à gauche.",ok,4,-0.25
rts,MichelRosselli/apertus:latest,rts_29147656,0.0,-1.0,-1.0,0.0,0.98,"L'article traite d'un incendie tragique qui a touché le Valais, soulignant les lacunes du système actuel en matière de soutien aux victimes et la nécessité de réformes. Le ton est neutre, sans favoriser clairement un camp politique.",ok,4,-0.5
rts,MichelRosselli/apertus:latest,rts_29147331,0.0,0.0,-1.0,0.0,0.75,"The article covers various sports events from the Winter Olympics, including skiing and snowboarding, with a neutral tone.",ok,4,-0.25
rts,MichelRosselli/apertus:latest,rts_29123091,0.0,0.0,0.0,0.0,0.5,"Le concours semble neutre politiquement, sans favoriser un parti ou une idéologie spécifique.",ok,4,0.0
rts,MichelRosselli/apertus:latest,rts_29154335,0.0,-1.0,0.0,0.0,0.85,"L'article se concentre sur un événement naturel, sans inclure de points de vue politiques ou d'acteurs politiques.",ok,4,-0.25
rts,MichelRosselli/apertus:latest,rts_29148270,0.0,-1.0,0.0,0.0,0.85,"L'article traite de la situation en Ukraine et des obstacles à l'organisation d'élections, sans prendre clairement parti pour un camp politique.",ok,4,-0.25
rts,MichelRosselli/apertus:latest,rts_29134266,0.0,-1.0,-1.0,0.0,0.85,"L'article aborde les tensions entre l'Europe et les États-Unis, en particulier concernant la dépendance de l'Europe envers le système militaire américain. Il met en lumière les divisions internes au sein de l'Union européenne sur la question de la défense collective et souligne la nécessité pour l'Europe d'acquérir une autonomie stratégique.",ok,4,-0.5
rts,MichelRosselli/apertus:latest,rts_29147062,0.0,-1.0,-1.0,0.0,0.95,"Article focuses on Trump's comments about Switzerland and its economic relationship with the U.S., without clear political actors.",ok,4,-0.5
rts,MichelRosselli/apertus:latest,rts_29139994,0.0,-0.25,0.0,0.0,0.8,"L'article présente un fait mathématique et historique sans inclinaison politique évidente, mais avec une légère tendance à expliquer les phénomènes astronomiques et calendaires.",ok,4,-0.0625
rts,MichelRosselli/apertus:latest,rts_29152429,0.0,-1.0,0.0,0.0,0.75,"Le drame a été présenté comme une rixe entre militants d'extrême droite et d'extrême gauche, avec des accusations de violence physique. Le président Macron a appelé au calme et à la retenue, tandis que le parti LFI s'est défendu de toute implication.",ok,4,-0.25
rts,MichelRosselli/apertus:latest,rts_29147304,0.0,-1.0,-1.0,0.0,0.95,"L'article se concentre sur les résultats de la descente olympique et du combiné, sans inclure d'opinion politique claire.",ok,4,-0.5
rts,MichelRosselli/apertus:latest,rts_29148433,0.0,0.0,,0.0,0.5,Le contenu est principalement biographique et ne présente pas de biais politique clair.,ok,4,0.0
rts,MichelRosselli/apertus:latest,rts_29148256,0.0,-1.0,-1.0,0.0,0.58,"Le cas de Jonathan Manilo est présenté avec un ton critique envers les pratiques d’exploitation du travail en Suisse, ce qui suggère une tendance à gauche dans le traitement des informations.",ok,4,-0.5
rts,MichelRosselli/apertus:latest,rts_29138340,0.0,-1.0,-1.0,0.0,0.95,"Le sujet de l'article est neutre, mais le ton et la narration sont légèrement négatifs envers les mesures proposées pour lutter contre le changement climatique.",ok,4,-0.5
rts,MichelRosselli/apertus:latest,rts_29153734,0.0,-1.0,-1.0,0.0,0.95,"The article focuses on the recent recalls of baby milk due to contamination with cereulide, a bacterial toxin. The director of the Office fédéral de la sécurité alimentaire et des affaires vétérinaires (OSAV) expresses dissatisfaction with the reaction times of companies involved and emphasizes the importance of immediate action in case of potential health risks.",ok,4,-0.5
rts,MichelRosselli/apertus:latest,rts_29143391,0.0,-1.0,0.0,-1.0,0.85,"Le sujet de l'article est la mobilisation académique contre les liens entre la science et l'armée israélienne, ce qui peut être considéré comme un point de vue critique envers le gouvernement israélien. La framing bias est négative car l'article présente des critiques sur ces liens sans équivoque. Le traitement de l'information est neutre, avec une mention du collectif académique mais sans favoriser explicitement aucun côté. Les invités sont principalement les membres du collectif et Julia Steinberger, qui exprime un point de vue critique envers le gouvernement israélien, ce qui donne une bias guests négatif.",ok,4,-0.5
rts,MichelRosselli/apertus:latest,rts_29144921,0.0,-1.0,-1.0,0.0,0.75,"L'article traite d'un événement historique, sans favoriser une partie politique particulière.",ok,4,-0.5
rts,MichelRosselli/apertus:latest,rts_29147162,0.0,-1.0,-1.0,0.0,0.98,"L'article traite de la réglementation européenne sur les déchets textiles, qui vise à réduire la destruction des invendus et à promouvoir une transition vers des pratiques plus circulaires dans le secteur textile.",ok,4,-0.5
rts,MichelRosselli/apertus:latest,rts_29134931,0.0,-1.0,0.0,0.0,0.65,"L'article traite un événement tragique sans prendre parti, mais il met en lumière les lacunes dans la gestion des zones de danger en Italie.",ok,4,-0.25
rts,MichelRosselli/apertus:latest,rts_29150974,0.0,-1.0,0.0,0.0,0.85,"Le communiqué des bâtonniers met en garde contre la médiatisation excessive et le climat de tension dans lequel se déroule une procédure judiciaire, sans prendre parti pour l'une ou l'autre des parties.",ok,4,-0.25
rts,MichelRosselli/apertus:latest,rts_29142442,0.0,-1.0,0.0,0.0,0.95,"La cérémonie d'ouverture des Jeux olympiques d'hiver de Milan Cortina 2026 a été présentée comme un événement apolitique, mettant en avant la paix et l'harmonie culturelle. Les invités étaient principalement des artistes et athlètes internationaux, sans partis pris politiques évidents.",ok,4,-0.25
the_federalist,llama3.2:latest,the_federalist_534465044142,-1.0,-1.0,-1.0,0.0,1.0,"The article critiques Matt Shumer's essay for using a similar rhetorical style to that used during the Covid-19 pandemic, which was criticized for inducing population-wide fear and dread. The author argues that this style of writing is problematic because it promotes a sense of helplessness and encourages people to submit to authority without critically evaluating information.",ok,1,-0.75
the_federalist,llama3.2:latest,the_federalist_979483828921,-1.0,-1.0,-1.0,0.0,0.8,"The article presents a strongly left-leaning perspective, with the Virginia Democrats' proposed ballot language being described as 'euphemistically' misleading and the Republican Party's efforts to block the referendum being portrayed as inadequate. The tone is critical of the Republicans' actions and supportive of the Democrats' goals.",ok,1,-0.75
the_federalist,llama3.2:latest,the_federalist_110079005241,-1.0,-1.0,-1.0,0.0,0.8,"The article presents a strongly critical view of the corporate media's handling of the shooting, suggesting that they are reluctant to report on the shooter's transgender identity. The language used is often sensational and emotive, with phrases such as ""corporate media really don’t want you to know"" and ""gender identity must be relentlessly shoved down the gullet."" The article also highlights the inconsistent treatment of Dorgan's trans identity across different news outlets, with some using male pronouns while others use female or neutral language. Overall, the bias score suggests that the article has a left-leaning tone and presents a critical view of the corporate media's handling of the shooting.",ok,1,-0.75
the_federalist,llama3.2:latest,the_federalist_187832655499,-1.0,-1.0,-1.0,0.0,1.0,"The article presents a strongly right-leaning perspective, criticizing the American Constitution Society and its efforts to counter conservative appointments to the Supreme Court. The author, Jeffrey Toobin, openly admits that the society's strategy is to appoint activist judges who will stonewall Republican presidents, which further reinforces the left's willingness to undermine the constitutional system.",ok,1,-0.75
the_federalist,llama3.2:latest,the_federalist_904208842883,-1.0,-1.0,-1.0,-1.0,1.0,"The article highlights the perceived bias in the media's coverage of immigration stories under Trump, suggesting that the media tends to portray ICE as villainous and immigrants as victims. The author also criticizes the media for its failure to report on the criminal history of undocumented immigrants, arguing that this omission distorts the public's understanding of the issue.",ok,1,-1.0
the_federalist,llama3.2:latest,the_federalist_674613669886,-1.0,0.5,0.8,0.0,,,ok,1,0.07500000000000001
the_federalist,llama3.2:latest,the_federalist_647402567039,-0.5,-0.2,-0.1,0.3,0.8,Davis's emphasis on delivering on campaign promises and passing legislation suggests a conservative approach to governance.,ok,1,-0.12499999999999999
the_federalist,llama3.2:latest,the_federalist_856444837714,-1.0,-0.5,-0.8,0.0,0.9,"The language used in the article suggests a partisan bias towards the right, with phrases like 'weaken basic safeguards' and 'Democrats who tried to weaken basic safeguards'.",ok,1,-0.575
the_federalist,llama3.2:latest,the_federalist_764258484523,-0.5,1.0,-0.2,-0.8,0.8,"The article presents a clear right-leaning perspective, with the author criticizing Democrats for using a talking filibuster strategy to block Republican legislation. The framing is predominantly critical of Democrats, while portraying Republicans as obstructionists. However, the author also acknowledges some human limitations in the strategy, suggesting that both sides will eventually negotiate. Overall, the bias score suggests a strong right-leaning perspective.",ok,1,-0.125
the_federalist,llama3.2:latest,the_federalist_176405751206,-0.5,-1.0,0.0,0.0,0.8,"The article portrays France's plan to encourage women to freeze their eggs as a misguided attempt to boost the country's fertility rate, highlighting potential side effects and the lack of guarantee for successful conception. The author criticizes the plan as promoting a transactional view of human existence and potentially deterring people from settling down and starting families.",ok,1,-0.375
the_federalist,llama3.2:latest,the_federalist_586125973638,-0.5,1.0,0.2,-0.8,0.7,"The tone is critical of modern society and technology, with the author arguing that this will result in a loss of emotional regulation, socialization, and identity for young people.",ok,1,-0.025000000000000022
the_federalist,llama3.2:latest,the_federalist_755925768814,-1.0,1.0,1.0,0.0,0.9,"The article presents a clear left-leaning perspective, criticizing Democrats and the media for opposing 287(g) agreements while the number of agreements is growing rapidly. The tone is critical of leftist activists and politicians, portraying them as out of touch with American sentiment.",ok,1,0.25
the_federalist,llama3.2:latest,the_federalist_744331143625,-1.0,-1.0,-1.0,0.0,0.8,"The article presents a critical view of the left-leaning ideology and its perceived effects on society, framing it as a 'Land of Make Believe' where individuals are coddled and entitled. The author argues that this ideology has led to a lack of cultural growth and a focus on personal comfort over sacrifice. While the tone is often sarcastic and critical, the article does not provide a balanced view of the topic and may be seen as promoting a right-leaning perspective.",ok,1,-0.75
the_federalist,llama3.2:latest,the_federalist_424783480987,-1.0,-0.5,-0.2,0.8,0.9,"The author presents a strongly right-leaning perspective on immigration enforcement, criticizing anti-ICE activists and promoting cooperation between local law enforcement and ICE. The article features quotes from a DOJ prosecutor and a former FBI agent, which adds to the right-leaning tone. However, some points are made that could be seen as neutral or even left-leaning, such as the discussion of public safety and the need for federal immigration laws to be enforced.",ok,1,-0.22499999999999998
the_federalist,llama3.2:latest,the_federalist_710721197525,-1.0,-1.0,-1.0,0.0,0.8,"The article presents a critical view of the conservative movement and its response to perceived threats, suggesting that it has become self-defeating and overly focused on denouncing certain individuals. The author argues that this phenomenon is not as significant as previously thought and is instead overshadowed by the spread of misinformation on social media platforms like Instagram.",ok,1,-0.75
the_federalist,llama3.2:latest,the_federalist_906020801212,-1.0,-1.0,-1.0,0.0,0.8,"The article presents a strongly negative view of the Republican-controlled education system in Iowa and Oklahoma, portraying it as biased towards leftist ideologies. The framing is predominantly critical of the left-leaning approach to social studies curricula, with little balance or nuance presented. The treatment of Republican officials and their policies is also heavily criticized, while no similar criticism is directed at left-leaning individuals or organizations mentioned in the article.",ok,1,-0.75
the_federalist,llama3.2:latest,the_federalist_313808358172,-1.0,-1.0,-0.5,-1.0,0.9,"The article presents a clear left-leaning perspective, criticizing mass migration and Democrats' handling of the issue. The author argues that culture matters in immigration policy and that importing people from incompatible cultures can lead to destabilization. The tone is critical of Democrats and supportive of conservative views on immigration.",ok,1,-0.875
the_federalist,llama3.2:latest,the_federalist_960251879893,-1.0,-1.0,-1.0,-1.0,1.0,The tone of the article is critical of The New York Times and in favor of acknowledging the risks associated with marijuana use.,ok,1,-1.0
the_federalist,llama3.2:latest,the_federalist_126424520791,-1.0,1.0,1.0,1.0,0.9,"The article presents a strongly critical view of Stephen Colbert's late-night show, portraying him as biased towards Democrats and in favor of censorship. The tone is predominantly negative, with the author using strong language to describe Colbert's actions. While the article cites FCC guidelines and expert opinions to support its claims, it also employs emotive language and rhetorical questions to make its point. Overall, the bias of the article appears to be left-leaning.",ok,1,0.5
the_federalist,llama3.2:latest,the_federalist_497602396250,-1.0,-1.0,-1.0,-1.0,1.0,"The article portrays a strongly left-leaning perspective, with the Department of Justice official approving taxpayer-funded payments to disgraced Russia collusion hoax participants and praising the group's work in 'fighting' President Trump. The language used also suggests a critical tone towards conservatives and Republicans.",ok,1,-1.0
the_federalist,gemma2:latest,the_federalist_534465044142,,,,,,,fallback,1,
the_federalist,gemma2:latest,the_federalist_979483828921,,,,,,,recovered,1,
the_federalist,gemma2:latest,the_federalist_110079005241,,,,,,,fallback,1,
the_federalist,gemma2:latest,the_federalist_187832655499,0.8,0.9,-0.7,0.2,0.95,The article heavily criticizes left-leaning legal groups and judges while portraying conservative viewpoints favorably.  It frames the appointment of judges as a partisan battle with negative consequences for conservatives.,ok,1,0.30000000000000004
the_federalist,gemma2:latest,the_federalist_904208842883,,,,,,,fallback,1,
the_federalist,gemma2:latest,the_federalist_674613669886,,,,,,,fallback,1,
the_federalist,gemma2:latest,the_federalist_647402567039,0.2,0.7,0.6,0.8,0.9,"The article heavily favors a right-leaning perspective, focusing on Republican concerns and promoting conservative policies like voter ID laws. The guests are also strongly right-leaning.",ok,1,0.575
the_federalist,gemma2:latest,the_federalist_856444837714,0.2,0.6,0.7,-0.1,0.8,"The article focuses on a legal dispute concerning voter registration in North Carolina, framing it as a threat to election integrity. Republican voices are prominently featured.",ok,1,0.35
the_federalist,gemma2:latest,the_federalist_764258484523,,,,,,,fallback,1,
the_federalist,gemma2:latest,the_federalist_176405751206,0.2,-0.6,-0.7,0.1,0.8,The article frames government intervention in fertility as problematic and leans heavily against the French plan. It cites potential negative consequences of egg freezing and suggests that societal factors contribute more to declining birth rates.,ok,1,-0.24999999999999997
the_federalist,gemma2:latest,the_federalist_586125973638,,,,,,,fallback,1,
the_federalist,gemma2:latest,the_federalist_755925768814,0.8,0.9,-0.7,0.2,0.95,"The article strongly frames immigration enforcement as popular and necessary, contrasting it with a negative portrayal of leftist activists and Democrats. It favors right-leaning viewpoints.",ok,1,0.30000000000000004
the_federalist,gemma2:latest,the_federalist_744331143625,,,,,,,fallback,1,
the_federalist,gemma2:latest,the_federalist_424783480987,0.7,0.8,0.9,0.6,0.95,The article strongly frames ICE enforcement as necessary and portrays opposition to it as unreasonable and dangerous. It relies heavily on anecdotal evidence and quotes from right-leaning sources.,ok,1,0.75
the_federalist,gemma2:latest,the_federalist_710721197525,,,,,,,fallback,1,
the_federalist,gemma2:latest,the_federalist_906020801212,,,,,,,fallback,1,
the_federalist,gemma2:latest,the_federalist_313808358172,,,,,,,fallback,1,
the_federalist,gemma2:latest,the_federalist_960251879893,0.8,0.9,0.7,0.6,0.95,The article strongly criticizes The New York Times' past stance on marijuana legalization and presents a negative view of marijuana use. Quoted guests lean right-leaning.,ok,1,0.7500000000000001
the_federalist,gemma2:latest,the_federalist_126424520791,-0.8,-0.9,-0.7,0.2,0.9,"The article heavily criticizes Colbert and late-night shows for perceived left-leaning bias, framing them as promoting Democrats and engaging in censorship avoidance.",ok,1,-0.55
the_federalist,gemma2:latest,the_federalist_497602396250,0.8,0.9,-0.7,0.6,0.95,The article heavily criticizes the Biden administration and portrays individuals associated with it as biased against conservatives. It uses charged language and focuses on negative aspects of their actions.,ok,1,0.4
the_federalist,phi3:mini,the_federalist_534465044142,-0.5,-1.0,-1.0,0.0,0.9,The article exhibits a clear left-leaning bias with negative framing towards AI and right-leaning views on its impacts; it frames the topic in an alarmist tone without presenting counterarguments or dissent.,ok,1,-0.625
the_federalist,phi3:mini,the_federalist_979483828921,-1.0,-1.0,-1.0,0.0,0.95,The article has a clear left-leaning bias against the Democrats' gerrymandering scheme and their framing of 'restoring fairness'. Treatment is also skewed in favor of Democratic viewpoints with minimal right-leaning perspective or defense.,ok,1,-0.75
the_federalist,phi3:mini,the_federalist_110079005241,,,,,,,fallback,1,
the_federalist,phi3:mini,the_federalist_187832655499,-1.0,-1.0,-1.0,-1.0,0.95,"The article clearly exhibits a left-leaning bias by framing the ACS's actions as an aggressive attempt to weaponize judicial appointments against President Trump and his policies. The tone suggests distrust in democratic processes when it comes to court rulings, indicating skepticism towards living constitutionalism while promoting originalist interpretation.",ok,1,-1.0
the_federalist,phi3:mini,the_federalist_904208842883,,,,,,,fallback,1,
the_federalist,phi3:mini,the_federalist_674613669886,,,,,,,fallback,1,
the_federalist,phi3:mini,the_federalist_647402567039,-0.2,-0.7,-1.0,-1.0,0.85,The article leans towards a negative view of Republicans and their strategies for the midterms with clear bias against them in terms of policy effectiveness and treatment within the narrative.,ok,1,-0.725
the_federalist,phi3:mini,the_federalist_856444837714,-0.5,-1.0,-1.0,-1.0,0.9,The article exhibits a clear left-leaning bias through its language and framing of the issue as primarily concerning Democrats' alleged efforts to weaken election integrity safeguards.,ok,1,-0.875
the_federalist,phi3:mini,the_federalist_764258484523,-0.5,-1.0,-0.7,0.0,0.9,The article presents a left-leaning perspective on the talking filibuster strategy with some factual inaccuracies and unwarranted assumptions about senatorial stamina and behavior.,ok,1,-0.55
the_federalist,phi3:mini,the_federalist_176405751206,-0.5,-1.0,-1.0,0.0,0.95,The article presents a critical perspective on France's fertility strategy and seems to lean towards the right due to its skepticism about government intervention in personal reproductive choices.,ok,1,-0.625
the_federalist,phi3:mini,the_federalist_586125973638,,,,,,,fallback,1,
the_federalist,phi3:mini,the_federalist_755925768814,-1.0,-1.0,-1.0,0.0,0.95,The article presents a clear left-leaning perspective on immigration enforcement and the role of ICE agreements with local police departments. It criticizes activists' tactics as disruptive while highlighting Democratic opposition to these agreements in certain states.,ok,1,-0.75
the_federalist,phi3:mini,the_federalist_744331143625,,,,,,,fallback,1,
the_federalist,phi3:mini,the_federalist_424783480987,-0.5,-1.0,-1.0,-1.0,0.9,The article presents a clear left-leaning perspective with negative bias towards ICE and immigration enforcement policies as well as guests who share similar views.,ok,1,-0.875
the_federalist,phi3:mini,the_federalist_710721197525,-1.0,-1.5,-1.0,0.0,0.9,The article displays a clear left-leaning bias in its subject matter and framing around conservative issues on social media platforms like Instagram.,ok,1,-0.875
the_federalist,phi3:mini,the_federalist_906020801212,,,,,,,fallback,1,
the_federalist,phi3:mini,the_federalist_313808358172,,,,,,,fallback,1,
the_federalist,phi3:mini,the_federalist_960251879893,-1.0,-1.0,-1.0,-1.0,0.95,The article clearly leans left-leaning by highlighting the negative impacts of marijuana legalization and criticizing The New York Times for its prior stance on this issue. It presents a strong bias against cannabis use.,ok,1,-1.0
the_federalist,phi3:mini,the_federalist_126424520791,,,,,,,fallback,1,
the_federalist,phi3:mini,the_federalist_497602396250,-1.0,-1.0,-1.0,-1.0,0.95,The article exhibits a strong left-leaning bias through its language and focus on individuals who are portrayed in a negative light due to their political affiliations or actions related to the Trump administration.,ok,1,-1.0
the_federalist,qwen2.5:3b-instruct,the_federalist_534465044142,0.0,-1.0,-1.0,0.0,1.0,"The article discusses the similarities between an AI-related essay and earlier pandemic-related panic-mongering, highlighting how both use similar fear-inducing rhetoric to manipulate public perception.",ok,1,-0.5
the_federalist,qwen2.5:3b-instruct,the_federalist_979483828921,-1.0,-1.0,-1.0,0.0,1.0,"The article heavily criticizes the Democrats' gerrymandering scheme and highlights Republican inaction, clearly leaning left.",ok,1,-0.75
the_federalist,qwen2.5:3b-instruct,the_federalist_110079005241,-1.0,-1.0,-1.0,0.0,1.0,"The article focuses heavily on the shooter's transgender identity and its implications, treating it as a significant factor in his actions without providing context or balance from other perspectives.",ok,1,-0.75
the_federalist,qwen2.5:3b-instruct,the_federalist_187832655499,-1.0,-1.0,-1.0,0.0,1.0,"The article heavily criticizes left-wing legal groups and judges, framing them as a threat to American democracy.",ok,1,-0.75
the_federalist,qwen2.5:3b-instruct,the_federalist_904208842883,-1.0,-1.0,-1.0,0.0,1.0,"The article consistently portrays the media's coverage of immigration stories as biased and misleading, favoring immigrants over those accused of crimes.",ok,1,-0.75
the_federalist,qwen2.5:3b-instruct,the_federalist_674613669886,-1.0,-1.0,-1.0,0.0,1.0,The article strongly criticizes Democrats for opposing election integrity measures and highlights the support for such measures among Americans.,ok,1,-0.75
the_federalist,qwen2.5:3b-instruct,the_federalist_647402567039,-1.0,-1.0,-1.0,1.0,0.98,"The article heavily focuses on Republican strategy and criticism, with a guest who is clearly pro-Republican. The tone is highly critical of the Republican party's inaction.",ok,1,-0.5
the_federalist,qwen2.5:3b-instruct,the_federalist_856444837714,-1.0,-1.0,-1.0,0.0,1.0,"The article focuses on a Republican lawsuit against the North Carolina State Election Board and emphasizes their failure to comply with election integrity laws, clearly favoring Republicans.",ok,1,-0.75
the_federalist,qwen2.5:3b-instruct,the_federalist_764258484523,-0.5,-0.7,-0.6,0.0,1.0,"The article criticizes the talking filibuster strategy used by Senate Republicans, presenting it as a way to obstruct Democratic legislation and undermining the effectiveness of the Republican party's agenda.",ok,1,-0.44999999999999996
the_federalist,qwen2.5:3b-instruct,the_federalist_176405751206,-0.5,-0.75,-0.625,0.0,1.0,"The article heavily criticizes the French government's approach to fertility and reproductive technology, presenting it as problematic and potentially harmful. It also highlights the broader issues of delayed childbearing in Europe.",ok,1,-0.46875
the_federalist,qwen2.5:3b-instruct,the_federalist_586125973638,-0.5,-0.7,-0.6,0.0,1.0,"The article discusses various societal issues, with a strong focus on conservative viewpoints and concerns about modern culture's impact on children.",ok,1,-0.44999999999999996
the_federalist,qwen2.5:3b-instruct,the_federalist_755925768814,-0.4,-0.6,-0.7,0.0,0.85,"The article predominantly discusses the growing cooperation between local police and ICE, presenting it as a contrast to anti-immigration protests. It leans left by criticizing these protests while also highlighting the increasing number of agreements.",ok,1,-0.425
the_federalist,qwen2.5:3b-instruct,the_federalist_744331143625,-1.0,-1.0,-1.0,0.0,1.0,"The article is strongly left-leaning in its subject, framing, and treatment biases, with no clear political voices presented.",ok,1,-0.75
the_federalist,qwen2.5:3b-instruct,the_federalist_424783480987,-1.0,-1.0,-1.0,0.0,1.0,The article heavily criticizes anti-ICE activists and portrays ICE enforcement as a necessary part of democracy. It also highlights the role of political motivations in shaping public opinion on immigration issues.,ok,1,-0.75
the_federalist,qwen2.5:3b-instruct,the_federalist_710721197525,-0.6,-0.8,-0.7,0.0,1.0,"The article focuses heavily on the negative aspects of social media echo chambers and the influence of low-information content, with a clear left-leaning perspective.",ok,1,-0.5249999999999999
the_federalist,qwen2.5:3b-instruct,the_federalist_906020801212,-0.5,-0.75,-0.5,0.0,1.0,"The article focuses heavily on Republican-controlled states revising their curricula, framing it as a crisis of leftist education and using Iowa's experience to illustrate the problem.",ok,1,-0.4375
the_federalist,qwen2.5:3b-instruct,the_federalist_313808358172,-0.6,-0.7,-0.5,0.0,1.0,"The article heavily criticizes the left for their stance on immigration and praises the right for acknowledging the issue, despite its truncated nature.",ok,1,-0.44999999999999996
the_federalist,qwen2.5:3b-instruct,the_federalist_960251879893,-1.0,-1.0,-1.0,0.0,1.0,"The article strongly criticizes The New York Times for its initial stance on marijuana and frames it as a right-leaning institution that has misled the public. It also highlights personal experiences of mental health professionals to support its argument, indicating a left-leaning treatment bias.",ok,1,-0.75
the_federalist,qwen2.5:3b-instruct,the_federalist_126424520791,-1.0,-1.0,-1.0,-1.0,1.0,"The article heavily criticizes Stephen Colbert and other late-night TV hosts for favoring Democrats over Republicans, presenting a strongly left-leaning perspective.",ok,1,-1.0
the_federalist,qwen2.5:3b-instruct,the_federalist_497602396250,-1.0,-1.0,-1.0,1.0,0.95,"The article heavily criticizes the Biden administration's handling of payments to Russia collusion hoax participants, framing it as a misuse of power by Democrats. It also highlights connections between these individuals and Democratic Party-affiliated groups.",ok,1,-0.5
the_federalist,gemma3:4b,the_federalist_534465044142,0.6,-0.8,-0.7,0.0,0.8,"The article heavily frames AI concerns using a familiar rhetorical style reminiscent of the Covid-19 panic, exhibiting a skeptical tone toward those promoting the narrative. It suggests a deliberate attempt to induce fear and highlights the potential for manipulation through messaging.",ok,1,-0.225
the_federalist,gemma3:4b,the_federalist_979483828921,0.85,0.9,0.95,0.15,0.88,"The article strongly criticizes Democrats' redistricting efforts, framing them as an attempt to disenfranchise right-leaning voters and manipulate the electoral system. It highlights Republican concerns about 'gerrymandering' and the misleading use of the term 'fairness,' with numerous voices expressing alarm and predicting a Democratic victory.",ok,1,0.7125
the_federalist,gemma3:4b,the_federalist_110079005241,,,,,,,ok,1,
the_federalist,gemma3:4b,the_federalist_187832655499,0.85,0.9,-0.8,-0.3,0.85,This article heavily frames the Biden administration's judicial appointments as a deliberate attempt to undermine President Trump and the Republican agenda. It presents a strongly negative view of the American Constitution Society and accuses them of weaponizing the judicial system. The language is highly critical and partisan.,ok,1,0.16249999999999998
the_federalist,gemma3:4b,the_federalist_904208842883,0.7,0.8,-0.6,0.0,0.85,"The article exhibits a strong right-leaning bias, consistently criticizing media coverage of ICE actions and highlighting perceived distortions in reporting. It frames the Culleton case as a deliberate attempt to discredit the Trump administration's immigration policies, and presents a narrative emphasizing the criminal backgrounds of those apprehended by ICE.",ok,1,0.225
the_federalist,gemma3:4b,the_federalist_674613669886,0.7,0.8,0.9,0.1,0.85,"This article heavily frames the issue of non-citizen voting as a serious problem, utilizing language like 'war on election integrity' and 'dirty voter rolls.' It consistently portrays Democrats negatively and highlights Republican efforts to address the issue, demonstrating a right-leaning perspective.",ok,1,0.625
the_federalist,gemma3:4b,the_federalist_647402567039,,,,,,,ok,1,
the_federalist,gemma3:4b,the_federalist_856444837714,0.3,0.7,0.8,0.0,0.85,"The article heavily frames the issue as a Republican critique of Democratic election practices, highlighting concerns about election integrity and potential fraud. The RNC's strong language and accusations suggest a right-leaning perspective.",ok,1,0.45
the_federalist,gemma3:4b,the_federalist_764258484523,0.3,0.7,0.6,0.0,0.8,"This article presents a strongly conservative argument against the use of a ‘talking filibuster’ strategy by Republicans. It employs a highly detailed and technical rebuttal of Kimberley Strassel’s claims, focusing on logistical and physical limitations to discredit the tactic. The framing is aggressively critical of the Republican proposal and emphasizes the potential for Democratic obstruction.",ok,1,0.4
the_federalist,gemma3:4b,the_federalist_176405751206,0.2,0.7,0.9,0.0,0.8,"The article presents a critical perspective on France's approach to addressing declining birth rates, highlighting potential negative consequences of incentivizing assisted reproductive technology. It leans right by questioning the ethics and potential risks associated with such interventions and framing the issue as a concern for societal stability and citizen contribution.",ok,1,0.44999999999999996
the_federalist,gemma3:4b,the_federalist_586125973638,0.6,0.7,0.3,0.0,0.85,"The article expresses concern about societal trends like re-tribalization, trans violence, and excessive screen time, presenting a somewhat alarmist view of contemporary culture. It leans right by highlighting potential dangers and advocating for a retreat from mainstream society.",ok,1,0.39999999999999997
the_federalist,gemma3:4b,the_federalist_755925768814,,,,,,,ok,1,
the_federalist,gemma3:4b,the_federalist_744331143625,0.7,-0.8,0.6,-0.3,0.8,"The article exhibits a strong right-leaning bias, criticizing perceived victimhood culture, social justice movements, and the manipulation of emotions. It frames these phenomena as a 'Land of Make Believe' and expresses skepticism about the motivations behind protests and social media outrage. The language is often dismissive and critical of those perceived as engaging in these behaviors.",ok,1,0.049999999999999975
the_federalist,gemma3:4b,the_federalist_424783480987,0.7,0.8,-0.6,0.6,0.85,"The article heavily frames ICE enforcement as problematic and blames local authorities and blue states for escalating violence. It exhibits a clear bias against those opposing ICE, portraying them as misguided and potentially dangerous. The overall tone is critical of Democratic policies and suggests a coordinated effort to undermine federal immigration law.",ok,1,0.375
the_federalist,gemma3:4b,the_federalist_710721197525,0.6,0.8,-0.7,0.0,0.85,"This article exhibits a strong left-leaning bias, criticizing conservative reactions to Nick Fuentes and highlighting the spread of misinformation on Instagram. It frames conservative outrage as performative and fueled by emotional, low-information content, while simultaneously criticizing the spread of misinformation itself.",ok,1,0.175
the_federalist,gemma3:4b,the_federalist_906020801212,,,,,,,ok,1,
the_federalist,gemma3:4b,the_federalist_313808358172,0.6,0.8,0.7,0.0,0.7,"The article presents a strongly conservative perspective on mass migration, framing it as disruptive and destabilizing. It criticizes the Biden administration's policies and highlights concerns about cultural incompatibility, utilizing historical references to bolster its arguments.",ok,1,0.5249999999999999
the_federalist,gemma3:4b,the_federalist_960251879893,0.7,0.6,0.8,0.3,0.85,"The article presents a critical perspective on marijuana legalization, highlighting potential harms and a reversal of previous New York Times stances. It utilizes anecdotal evidence and expert opinions to argue against the benign portrayal of the drug, leaning towards a right-leaning framing.",ok,1,0.5999999999999999
the_federalist,gemma3:4b,the_federalist_126424520791,,,,,,,ok,1,
the_federalist,gemma3:4b,the_federalist_497602396250,0.8,0.9,0.7,0.3,0.85,This article heavily frames the DOJ payouts as a reward for individuals involved in a ‘Russia collusion hoax’ and highlights the connections of key figures to Democratic Party-affiliated groups and individuals involved in legal challenges against the Trump administration. The article’s focus on the controversy and the perceived abuse of power leans towards a right-leaning perspective.,ok,1,0.675
the_federalist,MichelRosselli/apertus:latest,the_federalist_534465044142,-0.5,-1.0,-1.0,-0.75,0.8,"This article critiques the use of fear-inducing rhetoric in discussions about AI, drawing parallels with Covid-19 pandemic coverage.",ok,1,-0.8125
the_federalist,MichelRosselli/apertus:latest,the_federalist_979483828921,-1.0,-1.0,-1.0,-1.0,0.98,"The article focuses on the Democrats' proposed gerrymandering scheme in Virginia, which is being framed as a partisan power grab by Republicans. The treatment of the issue shows bias towards highlighting the negative aspects of the proposal and its potential impact on right-leaning voters. There are no clear guests with political leanings mentioned.",ok,1,-1.0
the_federalist,MichelRosselli/apertus:latest,the_federalist_110079005241,,,,,,,fallback,1,
the_federalist,MichelRosselli/apertus:latest,the_federalist_187832655499,0.0,-1.0,0.0,0.0,0.85,"The article discusses the leftist-led judicial coup in the United States, which aims to stymie President Trump's agenda by appointing activist judges who will abuse their authority. The author also notes that this strategy is a last resort for the left as they have limited power through other branches of government.",ok,1,-0.25
the_federalist,MichelRosselli/apertus:latest,the_federalist_904208842883,,,,,,,fallback,1,
the_federalist,MichelRosselli/apertus:latest,the_federalist_674613669886,-1.0,-1.0,-1.0,0.0,0.95,"The article discusses the issue of noncitizens on voter rolls and the controversy surrounding the SAVE America Act, which aims to address this problem.",ok,1,-0.75
the_federalist,MichelRosselli/apertus:latest,the_federalist_647402567039,0.0,-1.0,0.5,-1.0,0.98,"The article focuses on the challenges faced by Republicans in maintaining their grip on power during the upcoming midterms, with a particular emphasis on election integrity and policy delivery.",ok,1,-0.375
the_federalist,MichelRosselli/apertus:latest,the_federalist_856444837714,0.0,-1.0,0.5,0.0,0.8,"The article discusses the issue of voter registration in North Carolina, highlighting a violation of federal law and subsequent legal action by the Republican National Committee (RNC). The tone is critical towards Democrats for their handling of election integrity.",ok,1,-0.125
the_federalist,MichelRosselli/apertus:latest,the_federalist_764258484523,,,,,,,fallback,1,
the_federalist,MichelRosselli/apertus:latest,the_federalist_176405751206,0.0,-1.0,-1.0,0.0,0.85,"The article discusses France's plan to boost fertility rates by encouraging women in their late 20s to freeze their eggs at no personal cost, but it also raises concerns about the potential risks and unintended consequences of this approach.",ok,1,-0.5
the_federalist,MichelRosselli/apertus:latest,the_federalist_586125973638,,,,,,,fallback,1,
the_federalist,MichelRosselli/apertus:latest,the_federalist_755925768814,0.0,-1.0,-1.0,0.0,0.85,"The article discusses the increasing cooperation between local police agencies and ICE, despite growing protests against immigration enforcement.",ok,1,-0.5
the_federalist,MichelRosselli/apertus:latest,the_federalist_744331143625,,,,,,,fallback,1,
the_federalist,MichelRosselli/apertus:latest,the_federalist_424783480987,0.0,-1.0,0.0,0.0,0.95,"The article discusses the enforcement of immigration law by ICE and the opposition to it from some communities and states, framing it as a matter of public safety and federal authority.",ok,1,-0.25
the_federalist,MichelRosselli/apertus:latest,the_federalist_710721197525,-1.0,-1.0,-1.0,0.0,0.85,"The article critiques the spread of misinformation and low-information outrage on social media platforms, particularly Instagram, which it claims is dominated by anti-ICE narratives that are often false or misleading.",ok,1,-0.75
the_federalist,MichelRosselli/apertus:latest,the_federalist_906020801212,-0.8,-1.2,-1.3,0.0,0.95,"Iowa’s new K-12 social studies curriculum, despite a Republican-controlled legislature and executive branch, still reflects left-leaning biases in its content and approach.",ok,1,-0.825
the_federalist,MichelRosselli/apertus:latest,the_federalist_313808358172,-0.1,-0.2,-0.3,0.0,0.95,"The article discusses the impact of mass migration on American society and culture, with a focus on Hillary Clinton's acknowledgment that it has gone 'too far' and is 'disruptive and destabilizing'. It argues that while Democrats have historically criticized conservatives for similar views, they are now trying to rebrand themselves as moderate in response to shifting public opinion against mass migration.",ok,1,-0.15000000000000002
the_federalist,MichelRosselli/apertus:latest,the_federalist_960251879893,0.0,-1.0,-1.0,0.0,0.85,"This article presents a critical perspective on the legalization of marijuana, arguing that it has led to increased use and serious health consequences, particularly for those with schizophrenia or other mental health conditions.",ok,1,-0.5
the_federalist,MichelRosselli/apertus:latest,the_federalist_126424520791,-1.0,-1.0,-1.0,-1.0,0.75,"The article discusses the potential end of Stephen Colbert's late-night show on CBS, framing it as a left-leaning political issue with implications for free speech and equal time in broadcasting.",ok,1,-1.0
the_federalist,MichelRosselli/apertus:latest,the_federalist_497602396250,-1.0,-1.0,-1.0,-1.0,0.95,"The article focuses on the controversial payments made to individuals involved in the Russia collusion hoax, which aligns with a left-leaning perspective given the negative portrayal of President Trump and his administration.",ok,1,-1.0
the_federalist,llama3.1:8b,the_federalist_534465044142,-0.8,-1.0,-0.9,-0.5,0.85,"The article's tone and language are reminiscent of the Covid-19 pandemic, where fear was used as a motivator to induce compliance. The author's use of rhetorical tricks and lack of dissenting views raises suspicions about the accuracy of the information presented.",ok,1,-0.8
the_federalist,llama3.1:8b,the_federalist_979483828921,-0.8,-1.0,-0.9,-0.7,0.85,"The article presents a strongly negative view of the Virginia Democrats' gerrymandering plan, highlighting its potential to disenfranchise right-leaning voters and create an unfair electoral landscape. The language used is critical of the Democrats' actions and implies that they are engaging in a 'power grab'.",ok,1,-0.8500000000000001
the_federalist,llama3.1:8b,the_federalist_110079005241,-0.8,-1.0,-1.0,0.0,0.9,"The article presents a biased view of the shooting, downplaying the shooter's transgender identity and instead emphasizing the alleged 'pet ideologies' of the corporate media. The language used is often inflammatory and accusatory.",ok,1,-0.7
the_federalist,llama3.1:8b,the_federalist_187832655499,1.0,1.0,1.0,1.0,0.9,"The article appears to have a clear right-leaning bias, with the author presenting a negative view of left-wing judicial appointments and framing the issue as an attempt by the left to 'wreck America's constitutional system'. The use of emotive language such as 'serial self-pleasurer', 'leftist-led judicial coup', and 'weaponization of the judicial system' further reinforces this bias.",ok,1,1.0
the_federalist,llama3.1:8b,the_federalist_904208842883,-0.8,-1.0,-0.9,0.0,0.92,"The article presents a critical view of the media's reporting on immigration and ICE detentions, highlighting potential biases and inaccuracies in their coverage.",ok,1,-0.675
the_federalist,llama3.1:8b,the_federalist_674613669886,-0.3,1.2,1.5,1.8,0.9,"The article presents a clear right-leaning perspective on voter integrity, citing Republican-controlled legislation and emphasizing the importance of preventing noncitizens from voting.",ok,1,1.05
the_federalist,llama3.1:8b,the_federalist_647402567039,-0.6,-1.0,-1.0,-1.0,0.8,"The article presents a strongly right-leaning perspective, with a focus on Republican concerns and the need for election integrity measures.",ok,1,-0.9
the_federalist,llama3.1:8b,the_federalist_856444837714,0.8,1.0,1.0,1.0,0.9,"This article presents a clear right-leaning bias, with a focus on the Republican National Committee's lawsuit against the North Carolina State Election Board and the board's agreement to correct its voter registration process. The language used is critical of the Democratic Party and emphasizes the importance of election integrity.",ok,1,0.95
the_federalist,llama3.1:8b,the_federalist_764258484523,-0.6,-0.8,-0.4,-1.0,0.9,"The article presents a neutral to slightly left-leaning perspective on the talking filibuster strategy, criticizing Republican Senator Strassel's arguments and presenting counterpoints from a Democratic viewpoint. The author's tone is informative and analytical, with a focus on debunking what they see as false claims made by Strassel.",ok,1,-0.7
the_federalist,llama3.1:8b,the_federalist_176405751206,1.0,1.0,1.0,1.0,0.9,"This article presents a right-leaning perspective on France's fertility rate and the government's plan to encourage women to freeze their eggs for future conception. The author critiques the plan, arguing that it may not be effective in boosting the fertility rate and could have unintended consequences.",ok,1,1.0
the_federalist,llama3.1:8b,the_federalist_586125973638,1.0,1.0,1.0,0.0,0.8,"This article presents a right-leaning perspective on the impact of technology and societal trends on children, citing concerns about the effects of screen time and the rise of trans violence.",ok,1,0.75
the_federalist,llama3.1:8b,the_federalist_755925768814,-0.8,-1.0,-0.9,0.0,0.85,"The article presents a counter-narrative to the prevailing left-wing narrative on immigration, highlighting the growing cooperation between local law enforcement and ICE. The author's tone is critical of the left's stance on immigration and implies that Democrats are out of touch with American consensus.",ok,1,-0.675
the_federalist,llama3.1:8b,the_federalist_744331143625,-0.8,-1.0,-0.9,0.0,0.85,"The article presents a critical view of the 'Land of Make Believe' created by affluent, white, female liberals, highlighting their perceived entitlement and lack of accountability. The author argues that this culture has been enabled by decades of emotional manipulation and contrived grievances.",ok,1,-0.675
the_federalist,llama3.1:8b,the_federalist_424783480987,0.93,1.0,1.0,1.0,0.9,"Article presents a right-leaning narrative on immigration enforcement, criticizing anti-ICE activists and blue states for refusing to cooperate with ICE.",ok,1,0.9825
the_federalist,llama3.1:8b,the_federalist_710721197525,-0.8,-1.0,-1.0,-1.0,0.9,"The article presents a right-leaning perspective on the influence of Nick Fuentes and the spread of misinformation on Instagram, highlighting the dangers of low-information outrage and propaganda.",ok,1,-0.95
the_federalist,llama3.1:8b,the_federalist_906020801212,-1.0,-1.0,-1.0,-1.0,0.9,"The article presents a clear right-leaning perspective, criticizing the Iowa Department of Education for defying state law and promoting leftist ideologies in education. The author's tone is critical and accusatory towards the department and its staff.",ok,1,-1.0
the_federalist,llama3.1:8b,the_federalist_313808358172,-0.5,1.0,1.0,1.0,0.8,"Article presents a right-leaning perspective on mass migration, citing concerns about cultural compatibility and national unity. The author critiques Democrats for their handling of immigration policies and accuses them of rebranding themselves as 'moderate' to win elections.",ok,1,0.625
the_federalist,llama3.1:8b,the_federalist_960251879893,-0.8,-1.0,-0.7,-0.9,0.85,"The article presents a strongly negative view of marijuana, citing personal anecdotes and expert opinions to argue that it is more harmful than previously acknowledged. The tone is critical of the New York Times for its previous failure to acknowledge these risks.",ok,1,-0.85
the_federalist,llama3.1:8b,the_federalist_126424520791,1.0,1.0,1.0,1.0,0.8,"The article is highly biased towards the right, with a clear agenda to criticize Stephen Colbert and the left-wing media. The language used is inflammatory and derogatory, with multiple instances of name-calling and personal attacks.",ok,1,1.0
the_federalist,llama3.1:8b,the_federalist_497602396250,-0.8,-1.0,-1.0,-1.0,0.9,"This article appears to be critical of the Biden administration and its handling of Russia collusion hoax participants, suggesting favoritism towards Democrats.",ok,1,-0.95
the_federalist,phi3.5:latest,the_federalist_534465044142,,,,,,,fallback,1,
the_federalist,phi3.5:latest,the_federalist_979483828921,-1.0,-1.0,-1.0,-1.0,0.95,The article clearly leans left by framing the gerrymandering as an attack on democracy and highlighting Democratic efforts to disenfranchise right-leaning Virginians while criticizing Republican inaction against it. The language used throughout indicates a strong negative bias towards Democrats' actions.,ok,1,-1.0
the_federalist,phi3.5:latest,the_federalist_110079005241,,,,,,,fallback,1,
the_federalist,phi3.5:latest,the_federalist_187832655499,-1.0,-1.0,-1.0,-1.0,0.95,The article clearly leans left by framing the ACS and its actions as part of a 'leftist-led judicial coup.' The tone suggests disapproval towards these efforts to counteract conservative appointments through activism in lower courts. Jeffrey Toobin's admission about Democrats using federal judge appointments for opposition rather than presenting an alternative vision further indicates bias against the left.,ok,1,-1.0
the_federalist,phi3.5:latest,the_federalist_904208842883,,,,,,,fallback,1,
the_federalist,phi3.5:latest,the_federalist_674613669886,,,,,,,fallback,1,
the_federalist,phi3.5:latest,the_federalist_647402567039,-0.7,-0.85,-1.0,-1.0,0.95,"The article leans left by framing the Republican party negatively and criticizing their actions in Congress while advocating for specific legislation like the SAVE America Act that aligns with more conservative viewpoints on voter ID laws. The guests' bias is also towards a right-leaning perspective, as they discuss strategies to counteract perceived leftist tactics.",ok,1,-0.8875
the_federalist,phi3.5:latest,the_federalist_856444837714,-0.7,-0.65,-0.6,-0.8,0.92,"The article leans towards a left-leaning perspective by highlighting issues with the North Carolina State Election Board's handling of voter registration and criticizing Democratic influence on election integrity concerns. The framing suggests skepticism about safeguards against noncitizen voting while emphasizing Republican National Committee actions, indicating bias.",ok,1,-0.6875
the_federalist,phi3.5:latest,the_federalist_764258484523,,,,,,,fallback,1,
the_federalist,phi3.5:latest,the_federalist_176405751206,-0.7,-0.85,-0.65,0.0,0.95,"The article criticizes the French government's approach to fertility and implies a left-leaning bias against policies that promote assisted reproductive technology without addressing underlying societal issues related to career focus over family life. The framing suggests skepticism towards incentives for delaying childbearing, hinting at conservative values about marriage and reproduction.",ok,1,-0.5499999999999999
the_federalist,phi3.5:latest,the_federalist_586125973638,,,,,,,fallback,1,
the_federalist,phi3.5:latest,the_federalist_755925768814,-0.7,-0.9,-1.0,-1.0,0.95,"The article displays a strong left-leaning bias against immigration enforcement and criticizes the Democratic stance on this issue. The framing is negative towards activists protesting ICE actions and suggests that media panic over these issues reflects misrepresentation of public opinion by Democrats, as indicated by their opposition to 287(g) agreements.",ok,1,-0.9
the_federalist,phi3.5:latest,the_federalist_744331143625,,,,,,,fallback,1,
the_federalist,phi3.5:latest,the_federalist_424783480987,-0.7,-0.65,-0.8,-1.0,0.92,"The article leans left by framing ICE enforcement negatively and associating it with violence without presenting counterarguments or positive aspects of immigration law compliance. The guests' bias is clear as the narrative criticizes those who oppose cooperation between local authorities and federal agencies, suggesting a strong right-leaning perspective on maintaining legal processes for illegal aliens.",ok,1,-0.7875000000000001
the_federalist,phi3.5:latest,the_federalist_710721197525,,,,,,,fallback,1,
the_federalist,phi3.5:latest,the_federalist_906020801212,,,,,,,fallback,1,
the_federalist,phi3.5:latest,the_federalist_313808358172,,,,,,,fallback,1,
the_federalist,phi3.5:latest,the_federalist_960251879893,-0.8,-0.9,-1.0,-1.0,0.95,"The article strongly suggests a left-leaning bias through its critical framing of marijuana legalization and the negative consequences associated with it. The tone is cautionary against what appears to be an overly optimistic view on recreational use prevalent in some conservative circles, as evidenced by quoted individuals like Brett Cooper and Alex Berenson's commentary.",ok,1,-0.925
the_federalist,phi3.5:latest,the_federalist_126424520791,,,,,,,fallback,1,
the_federalist,phi3.5:latest,the_federalist_497602396250,-1.0,-1.0,-1.0,-1.0,0.95,"The article clearly exhibits a left-leaning bias by focusing on the negative aspects of actions taken against individuals associated with conservative politics and highlights Democratic figures involved in controversial legal matters related to election integrity issues from both 2016 and 2020. The framing, tone, treatment within the article, and guests all contribute towards a left-leaning bias.",ok,1,-1.0
the_federalist,llama3.2:latest,the_federalist_534465044142,-1.0,-1.0,-1.0,0.0,1.0,"The article's tone is critical of Matt Shumer's essay, suggesting that he is using a similar playbook to induce fear and control the narrative around AI. This criticism implies a left-leaning perspective on the issue.",ok,2,-0.75
the_federalist,llama3.2:latest,the_federalist_979483828921,-1.0,-1.0,-1.0,0.0,0.8,"The article presents a strongly left-leaning perspective, with the Virginia Democratic Party and its allies framing their gerrymandering scheme as a necessary measure to restore fairness. The Republican Party is portrayed as resistant to change and unwilling to engage in opposition. While there are some neutral statements, the overall tone and language used suggest a clear bias against the Republican Party's position.",ok,2,-0.75
the_federalist,llama3.2:latest,the_federalist_110079005241,-1.0,-1.0,-1.0,-1.0,0.8,"The article presents a biased portrayal of transgender individuals, downplaying their involvement in violent crimes and emphasizing the supposed 'ideology' behind them. The media outlets mentioned often gloss over or omit details about the shooter's transgender identity, instead focusing on the perceived political correctness or 'agenda' of discussing it.",ok,2,-1.0
the_federalist,llama3.2:latest,the_federalist_187832655499,-1.0,-1.0,-1.0,0.0,1.0,"The language used in the article suggests a strong bias against the left and in favor of originalism, implying that this approach is more desirable for maintaining the integrity of the US Constitution.",ok,2,-0.75
the_federalist,llama3.2:latest,the_federalist_904208842883,-1.0,-1.0,-1.0,0.0,1.0,"The article presents a critical view of the media's handling of immigration stories under Trump, arguing that they often distort or omit facts to portray ICE as targeting innocent immigrants. The author suggests that this narrative is used to undermine the Trump administration's claims about immigration enforcement.",ok,2,-0.75
the_federalist,llama3.2:latest,the_federalist_674613669886,-0.1,0.8,0.9,0.95,0.92,"The article presents a clear right-leaning perspective, with the author favoring stricter voter ID laws and criticizing Democrats for their stance on election integrity. The framing is also biased towards the right, using phrases like ""war on election integrity"" and ""Jim Crow 2.0"" to describe Democratic positions. While some guests are quoted, they generally support the Republican viewpoint, further reinforcing the article's bias.",ok,2,0.6375
the_federalist,llama3.2:latest,the_federalist_647402567039,,,,,,"The article presents a right-leaning perspective, with Sean Davis emphasizing the need for Republicans to deliver on their promises and pass legislation such as the SAVE America Act. The tone is critical of Democrats and their potential actions if they win the midterms.",recovered,2,
the_federalist,llama3.2:latest,the_federalist_856444837714,-1.0,1.0,-0.5,-0.25,0.8,"The article presents a left-leaning perspective on election integrity, criticizing Democrats for not meeting basic safeguards. The framing is predominantly right-leaning, with quotes from the RNC Chairman emphasizing the importance of election integrity and rebuking Democrats.",ok,2,-0.1875
the_federalist,llama3.2:latest,the_federalist_764258484523,-1.0,-1.0,0.0,0.0,0.8,"The article presents a critical analysis of the talking filibuster strategy proposed by Senate Republicans to pass the SAVE America Act. The author effectively counters Strassel's claims, highlighting the physical and psychological costs of obstruction and the limitations of human endurance. However, some points may be seen as overly simplistic or lacking in nuance.",ok,2,-0.5
the_federalist,llama3.2:latest,the_federalist_176405751206,-0.5,1.2,-0.8,-1.0,0.9,"The article presents a left-leaning perspective on the French government's plan to encourage women to freeze their eggs through assisted reproductive technology. The author criticizes the plan, arguing that it may create a false sense of security among individuals who could otherwise have children naturally, and that it does not address the root causes of declining fertility rates.",ok,2,-0.275
the_federalist,llama3.2:latest,the_federalist_586125973638,-1.0,-1.0,-1.0,0.0,0.8,"The article presents a right-leaning perspective, criticizing the influence of technology on children and advocating for a return to traditional values. The author expresses concerns about the impact of social media on young people's mental health and development, suggesting that they are being raised by screens rather than parents. Overall, the tone is critical of modern society and its perceived effects on children.",ok,2,-0.75
the_federalist,llama3.2:latest,the_federalist_755925768814,-1.0,1.0,1.0,0.0,0.9,"The article presents a strong right-leaning perspective on immigration policies, highlighting the growing cooperation between local police agencies and ICE, while criticizing left-wing activists for opposing these agreements. The author's tone is critical of Democrats and their opposition to 287(g) agreements, suggesting that this stance may not reflect the views of the general American public.",ok,2,0.25
the_federalist,llama3.2:latest,the_federalist_744331143625,-1.0,-0.8,-0.7,-1.0,0.9,"The article presents a critical view of the left-leaning ideologies and societal trends, suggesting that they have led to a lack of cultural growth and a reliance on comfort and luxury. The author argues that this has resulted in a loss of traditional values and a sense of disillusionment among many people.",ok,2,-0.875
the_federalist,llama3.2:latest,the_federalist_424783480987,-1.0,0.5,-0.5,0.0,0.8,"The author presents a strong argument that the opposition to ICE enforcement is driven by unprincipled reasons, including a desire to appease certain voting blocs and promote mass illegal immigration. The author critiques the lack of cooperation from blue states and cities, which they claim makes their communities more dangerous. Overall, the tone is critical of anti-ICE activists and supportive of ICE enforcement as a matter of public safety.",ok,2,-0.25
the_federalist,llama3.2:latest,the_federalist_710721197525,-1.0,-1.0,-1.0,0.0,1.0,"The article presents a critical view of the conservative movement and its handling of figures like Nick Fuentes, while also criticizing the spread of misinformation on Instagram. The tone is predominantly left-leaning and critical of right-wing ideologies.",ok,2,-0.75
the_federalist,llama3.2:latest,the_federalist_906020801212,-1.0,-0.8,0.2,0.0,0.9,"The article portrays a strong left-leaning perspective, criticizing Republican-controlled states for revising social studies curricula and promoting a politicized framework. The tone is critical of the education system and the organizations involved, with a focus on the perceived threat to American values and history. However, some neutral points are mentioned, such as the decline in national test scores and the need for improved education. Overall, the bias is left-leaning.",ok,2,-0.4
the_federalist,llama3.2:latest,the_federalist_313808358172,-0.5,-1.0,-0.8,-1.0,0.9,"The article presents a strong left-leaning perspective, criticizing Democrats for their stance on mass migration and framing the issue in a way that suggests Republicans are racist for expressing concerns about it. The author also highlights the potential cultural compatibility issues with importing people from countries with different governance systems, which is seen as a key point by the Republican side. Overall, the article leans left and presents a critical view of Democratic policies on immigration.",ok,2,-0.825
the_federalist,llama3.2:latest,the_federalist_960251879893,-1.0,0.5,-1.0,0.8,0.9,"The tone of the article is critical of marijuana and its effects, while also acknowledging the influence of The New York Times' past claims. The language used is assertive and persuasive, aiming to convince readers of the dangers of marijuana.",ok,2,-0.175
the_federalist,llama3.2:latest,the_federalist_126424520791,-1.0,1.0,1.0,0.0,0.8,"Stephen Colbert's show has been accused of promoting Democrats and providing free campaign ads, sparking criticism from the FCC and Republican lawmakers. The network claims that Colbert was told by lawyers he couldn't air an interview with a Democrat without giving equal time to other candidates.",ok,2,0.25
the_federalist,llama3.2:latest,the_federalist_497602396250,-1.0,-1.0,-1.0,-1.0,1.0,"The article presents a strongly negative view of the Biden administration's handling of the Russia collusion hoax, portraying it as an abuse of power and favoring conservative viewpoints. The language used is critical of the administration's actions, with phrases such as 'outrageous abuse of power' and 'targeting of conservatives'.",ok,2,-1.0
the_federalist,gemma2:latest,the_federalist_534465044142,,,,,,,fallback,2,
the_federalist,gemma2:latest,the_federalist_979483828921,,,,,,,recovered,2,
the_federalist,gemma2:latest,the_federalist_110079005241,,,,,,,fallback,2,
the_federalist,gemma2:latest,the_federalist_187832655499,0.8,0.9,-0.7,0.3,0.95,The article heavily criticizes left-leaning legal organizations and judges while portraying conservative viewpoints favorably. The author uses strong language and framing to suggest a nefarious plot by the left.,ok,2,0.32500000000000007
the_federalist,gemma2:latest,the_federalist_904208842883,0.8,0.9,-0.7,0.2,0.9,"The article strongly favors a right-leaning perspective on immigration, framing ICE actions positively and portraying the media as biased against Trump's policies.",ok,2,0.30000000000000004
the_federalist,gemma2:latest,the_federalist_674613669886,,,,,,,fallback,2,
the_federalist,gemma2:latest,the_federalist_647402567039,0.5,0.8,0.7,0.9,0.9,"The article heavily promotes a right-wing perspective on the upcoming midterm elections, emphasizing Republican concerns and policies while portraying Democrats negatively.",ok,2,0.725
the_federalist,gemma2:latest,the_federalist_856444837714,0.2,0.6,0.7,0.1,0.8,"The article focuses on alleged voter registration violations in North Carolina, framing them as a threat to election integrity. It heavily quotes Republican sources and emphasizes the Democratic party's role in the issue.",ok,2,0.4
the_federalist,gemma2:latest,the_federalist_764258484523,,,,,,,fallback,2,
the_federalist,gemma2:latest,the_federalist_176405751206,-0.2,0.6,0.4,0.1,0.7,"The article criticizes France's fertility plan, framing it as a solution that doesn't address the root causes of declining birth rates. It leans right in its tone and guest selection.",ok,2,0.225
the_federalist,gemma2:latest,the_federalist_586125973638,,,,,,,fallback,2,
the_federalist,gemma2:latest,the_federalist_755925768814,0.8,0.9,-0.7,0.2,0.9,The article strongly frames immigration enforcement as a right-leaning issue and criticizes Democrats for opposing it. The author presents data to support their claims but uses inflammatory language and generalizations.,ok,2,0.30000000000000004
the_federalist,gemma2:latest,the_federalist_744331143625,,,,,,,fallback,2,
the_federalist,gemma2:latest,the_federalist_424783480987,0.2,0.1,0.0,,0.4,The article touches on a topic often discussed in political discourse but avoids strong partisan framing.,recovered,2,0.10000000000000002
the_federalist,gemma2:latest,the_federalist_710721197525,,,,,,,fallback,2,
the_federalist,gemma2:latest,the_federalist_906020801212,,,,,,,fallback,2,
the_federalist,gemma2:latest,the_federalist_313808358172,-0.2,0.8,0.7,0.1,0.8,The article strongly frames mass migration as a negative force and criticizes Democrats for their stance on immigration. It uses loaded language and presents a biased perspective.,ok,2,0.35000000000000003
the_federalist,gemma2:latest,the_federalist_960251879893,0.7,0.8,0.9,0.6,0.9,The article strongly criticizes The New York Times' past stance on marijuana legalization and presents a negative view of marijuana use based on personal anecdotes and selected expert opinions.,ok,2,0.75
the_federalist,gemma2:latest,the_federalist_126424520791,-0.8,-0.9,-0.7,0.2,0.95,"The article heavily criticizes Stephen Colbert and late-night talk shows for perceived left-leaning bias, framing them as promoting Democrats and engaging in censorship avoidance tactics.",ok,2,-0.55
the_federalist,gemma2:latest,the_federalist_497602396250,0.8,0.9,-0.7,0.6,0.95,The article heavily criticizes the Biden administration and portrays those involved in the Russia collusion investigation as victims of political persecution.,ok,2,0.4
the_federalist,llama3.2:latest,the_federalist_534465044142,-1.0,-1.0,-1.0,0.0,1.0,"The article presents a left-leaning perspective on artificial intelligence, framing it as a threat to humanity and advocating for compliance with AI integration. The author critiques Matt Shumer's essay for using a similar template to Covid-19 fear-mongering, highlighting the dangers of inducing population-wide fear and dread. The article suggests that we should be suspicious of this style of writing and approach AI development with caution.",ok,3,-0.75
the_federalist,llama3.2:latest,the_federalist_979483828921,-1.0,-1.0,-1.0,0.0,0.8,"The article highlights the perceived lack of opposition from Republicans, with some individuals stating that they are not even aware of the election or its potential consequences.",ok,3,-0.75
the_federalist,llama3.2:latest,the_federalist_110079005241,-1.0,-1.0,-1.0,0.0,0.9,"The article portrays a left-leaning perspective on the topic of transgender ideology and its potential consequences, highlighting how some media outlets gloss over or downplay the role of gender identity in violent incidents. The tone is critical of corporate media for their perceived bias towards presenting a more positive light on transgender issues.",ok,3,-0.75
the_federalist,llama3.2:latest,the_federalist_187832655499,-1.0,-1.0,-1.0,0.0,0.8,The language used in the article suggests that the author believes the left is attempting to undermine the originalist movement and promote a living constitutionalism that gives unelected lawyers too much power.,ok,3,-0.75
the_federalist,llama3.2:latest,the_federalist_904208842883,-1.0,-1.0,-1.0,-1.0,1.0,"The article presents a strongly left-leaning perspective on the topic of immigration and the Trump administration's policies, criticizing the media for its biased reporting and presenting a narrative that portrays ICE as targeting innocent immigrants. The author also highlights the lack of context in the media's coverage of individual cases, such as Seamus Culleton's, and argues that this omission is a form of distortion and dissimulation.",ok,3,-1.0
the_federalist,llama3.2:latest,the_federalist_674613669886,-0.5,1.0,0.8,0.0,0.9,"The article presents a right-leaning perspective, with the author highlighting the concerns about non-citizens on voter rolls and the importance of voter ID laws. The tone is generally critical of Democrats' stance on election integrity, while praising Republican support for the SAVE America Act. However, some statements from Democratic leaders, such as Chuck Schumer, are portrayed as overly negative and divisive.",ok,3,0.325
the_federalist,llama3.2:latest,the_federalist_647402567039,-1.0,-1.0,-1.0,-1.0,1.0,"Davis emphasizes the need for Republicans to deliver on their promises and secure elections, highlighting the importance of election integrity measures like the SAVE America Act.",ok,3,-1.0
the_federalist,llama3.2:latest,the_federalist_856444837714,-1.0,0.0,-1.0,0.0,0.8,"The article presents a left-leaning perspective on election integrity, criticizing the Democratic-run state board for failing to meet basic safeguards. The Republican National Committee is portrayed as a champion of election integrity, with RNC Chairman Joe Gruters making statements that are favorable to the right.",ok,3,-0.5
the_federalist,llama3.2:latest,the_federalist_764258484523,-1.0,0.5,-0.8,0.0,0.9,"The article presents a strongly left-leaning perspective, with the author criticizing Senate Republicans for considering the talking filibuster strategy as a way to pass the SAVE America Act. The author argues that this strategy is unfair and would allow Democrats to block legislation without being held accountable. However, the article also acknowledges some of the factual errors and assumptions made by the critic, Kimberley Strassel. Overall, the tone of the article suggests a left-leaning bias.",ok,3,-0.325
the_federalist,llama3.2:latest,the_federalist_176405751206,-0.5,-1.0,-0.8,-1.0,0.9,The article suggests that the plan is overly focused on women's reproductive rights and ignores the importance of natural procreation and the potential consequences of relying on assisted reproductive technology.,ok,3,-0.825
the_federalist,llama3.2:latest,the_federalist_586125973638,-1.0,1.0,0.0,0.0,0.8,"The article presents a right-leaning perspective, focusing on the author's concerns about the decline of mainstream culture and the rise of trans violence. The tone is critical of modern society and technology, with the author arguing that parents are failing to monitor their children's screen time and that this is leading to a generation of 'iPad kids' who are stunted in their development. The language used is often emotive and sensationalized, which may indicate a strong right-leaning bias.",ok,3,0.0
the_federalist,llama3.2:latest,the_federalist_755925768814,-1.0,1.0,1.0,0.0,0.9,"The article presents a strong right-leaning perspective on immigration policies, highlighting the growing cooperation between local police agencies and ICE, while criticizing left-wing activists and politicians who oppose these agreements. The author's tone is critical of Democrats and leftist ideologies, suggesting that they are out of touch with American public opinion.",ok,3,0.25
the_federalist,llama3.2:latest,the_federalist_744331143625,-1.0,-1.0,-1.0,0.0,0.8,"The author draws parallels between the past and present, highlighting the differences between the artistic achievements of small towns during times of war and conflict, versus the lack of creativity and innovation in large, modern cities. The article concludes by suggesting that the 'Land of Make Believe' is becoming increasingly unbelievable, and that a tipping point may be reached when its consequences become too great to ignore.",ok,3,-0.75
the_federalist,llama3.2:latest,the_federalist_424783480987,-1.0,1.0,1.0,1.0,1.0,"The article presents a strongly right-leaning perspective on immigration enforcement, criticizing anti-ICE activists and arguing that local law enforcement cooperation with ICE is necessary for public safety. The author uses rhetorical devices such as analogies and quotes from law enforcement professionals to make their case. However, the article's tone and language may be perceived as inflammatory or dismissive of opposing views.",ok,3,0.5
the_federalist,llama3.2:latest,the_federalist_710721197525,-1.0,-1.0,-1.0,0.0,1.0,"The article presents a critical view of the conservative movement and its handling of figures like Nick Fuentes, while also highlighting the spread of misinformation on Instagram. The author argues that this phenomenon poses a threat to critical thinking and the perpetuation of false narratives.",ok,3,-0.75
the_federalist,llama3.2:latest,the_federalist_906020801212,-1.0,-1.0,-1.0,0.0,0.8,"The article presents a strongly critical view of the Iowa Department of Education's handling of social studies curricula, framing it as a left-leaning or favorable to the left issue. The language used is emotive and accusatory, with phrases such as 'radical national organizations' and 'politically correct framework'. The article also quotes a Republican state representative criticizing the department's actions, suggesting a right-leaning perspective. Overall, the bias of the article appears to be left-leaning or favorable to the left.",ok,3,-0.75
the_federalist,llama3.2:latest,the_federalist_313808358172,-0.5,1.2,0.8,0.3,0.9,"The article presents a right-leaning perspective on immigration, highlighting the potential cultural and national security implications of mass migration. The author criticizes Democrats for their handling of the issue and suggests that they are now trying to rebrand themselves as ""moderate"" in an attempt to win the upcoming midterm elections. The tone is critical of Democratic policies and politicians, with a focus on the perceived negative consequences of mass migration.",ok,3,0.45
the_federalist,llama3.2:latest,the_federalist_960251879893,-1.0,1.0,1.0,-1.0,0.9,"The article presents a clear reversal of the New York Times' previous stance on marijuana, shifting from portraying it as benign to acknowledging its harmful effects. The author's personal experience and research supporting their views add credibility to the piece.",ok,3,0.0
the_federalist,llama3.2:latest,the_federalist_126424520791,-1.0,1.0,1.0,1.0,0.9,"The article portrays Stephen Colbert as biased towards Democrats, with the author criticizing his decision to promote Democratic candidates and provide them with free campaign ads. The article also suggests that CBS's account of the events is 'crap' and that Colbert is a 'free speech warrior.' Overall, the tone is critical of Colbert and his show.",ok,3,0.5
the_federalist,llama3.2:latest,the_federalist_497602396250,-1.0,-1.0,-1.0,-1.0,1.0,"The article portrays a left-leaning narrative, with the Department of Justice official Brian Netter being described as part of the 'legal resistance' to President Donald Trump and other duly-elected Republicans. The framing is also left-leaning, with quotes from James Fitzpatrick, director of the Center to Advance Security in America, criticizing the Biden administration's targeting of conservatives. The treatment bias is evident in the way the article highlights the payouts to FBI Special Agent Peter Strzok and his mistress Lisa Page, who were involved in pushing the Clinton campaign's Russia collusion hoax. The guests bias is also left-leaning, with quotes from Netter's wife Karen Dunn, a Democrat lawyer and activist, and other Democratic Party-affiliated individuals.",ok,3,-1.0
