model,article_id,subject_bias,framing_bias,treatment_bias,guests_bias,confidence,comment,status,run,overall_bias
llama3.2:latest,29147304,-0.0,0.0,0.0,0.0,1.0,"L'article présente un ton neutre et ne contient aucune référence politique significative, indiquant une absence de biais dans le sujet traité.",ok,1,0.0
llama3.2:latest,29147162,,,,,,,recovered,1,
llama3.2:latest,29134931,-0.1,0.3,-0.05,0.0,0.6,"L'article présente une analyse neutre des événements, mais une légère tendance à la droite apparaît dans les déclarations de la Première ministre Giorgia Meloni.",ok,1,0.03749999999999999
llama3.2:latest,29147820,0.0,0.0,0.0,0.0,1.0,"L'article présente une vision neutralle sur la réforme des prestations d'invalidité, sans inclure de commentaires tendant à faire valoir les intérêts d'une ou l'autre campade politique.",ok,1,0.0
llama3.2:latest,29142365,0.0,-1.0,0.0,0.0,0.0,"L'article présente un ton critique envers les investisseurs qui ont joué avec de l’argent emprunté, mais ne mentionne pas spécifiquement la gauche ou le droit.
Le article utilise également un langage technic et économique pour décrire les événements, ce qui peut rendre difficile la compréhension du lecteur non spécialiste.",ok,1,-0.25
llama3.2:latest,29151828,-0.02,-0.03,-0.06,-0.05,0.5,"L'article présente une réunion de manifestations pacifiques en Iran, avec des appels à la transition démocratique et à l'intervention internationale pour aider les Iraniens. La framing est relativement neutre, mais légèrement tendue vers la droite en raison des mentionnées aux États-Unis et à Trump. Le traitement des partisans de la monarchie renversée est plus favorable que celui des opposants politiques.",ok,1,-0.04
llama3.2:latest,29147062,-1.0,-1.0,-0.6,0.0,0.8,"L'article présente une vision très critique de la politique douanière américaine, en soulignant les avantages que cette politique lui procure et en minimisant les conséquences négatives sur la population suisse. Cela suggère un traitement préjudiciable à la Suisse par le président Trump.",ok,1,-0.65
llama3.2:latest,29139994,0.0,0.0,0.0,0.0,1.0,"L&#39;article présente un sujet neutre, sans indication de préférence politique. La formulation du texte est objective et informative.",ok,1,0.0
llama3.2:latest,29150791,-0.1,0.3,0.2,-0.05,0.85,"L'article présente une variété de thèmes, allant de la musique classique à l'Impro comique, sans préférence clairement politiquement par rapport à la droite ou à gauche. La framing bias est légèrement à droite en raison du ton et de la narration utilisés dans certains paragraphes.",ok,1,0.08750000000000001
llama3.2:latest,29144178,-1.0,-0.25,-0.75,-1.0,0.9,"L'article présente une forte tendance à favoriser la voix des victimes et des défenseurs de l'animaux, en particulier dans le contexte du traitement du sujet par les autorités vétérinaires et le débat sur les contrôles. Les propos de l'agriculteur accusé de maltraitance animale sont présentés comme une excuse plutôt que comme une explication objective.",ok,1,-0.75
llama3.2:latest,29148270,-1.0,0.0,0.0,0.0,1.0,"L'article présente une vision critique de la situation politique ukrainienne, en soulignant les obstacles à l'organisation d'élections dans un contexte de guerre et en mettant en avant les déclarations du président Volodymyr Zelensky. La tonalité reste objective et informative.",ok,1,-0.25
llama3.2:latest,29148433,0.0,0.0,0.0,0.0,1.0,,ok,1,0.0
llama3.2:latest,29134266,-0.2,-0.4,-0.6,0.1,0.8,"L'article présente un ton critique envers les États-Unis et leur objectif de détruire l'Union européenne, ce qui suggère une orientation gauche.",ok,1,-0.275
llama3.2:latest,29150974,-0.0,-0.0,-0.0,0.0,1.0,"L'article présente une vision neutre du sujet, abordant les attaques verbales et physiques contre les avocats sans prendre parti. Le ton est formal et objective, sans indiquer de préférence politique.",ok,1,0.0
llama3.2:latest,29148256,0.0,0.0,-0.5,1.0,1.0,"L'article présente un sujet neutre, mais avec des allusions à la traite des êtres humains et l'exploitation du travail, ce qui pourrait plonger le contenu dans une dynamique favorisant les droits de l'homme et le socialisme, ce qui peut indiquer une légère orientation à gauche. Le ton est critique envers certaines pratiques de migration et la politique suisse.

La source cite un juriste au Centre social protestant qui dénonce l'insuffisance de la protection des travailleurs migrants, ce qui suggère que le contenu est plus favorable à la gauche.",ok,1,0.125
llama3.2:latest,28980688,-0.1,0.0,0.3,-0.2,0.7,"L'article présente une vision globale de l'économie irakienne et des opportunités pour les entreprises suisses, avec des quotes de personnalités du secteur qui expriment leur confiance dans la stabilité économique irakienne. Cependant, les critiques envers le contexte géopolitique et les réformes institutionnelles sont également présentées.",ok,1,-6.938893903907228e-18
llama3.2:latest,29123091,0.0,-0.05,0.0,0.0,0.8,L'article présente un ton neutre et ne contient aucune mention de parti politique. Les informations sur les gagnants et les prix sont fournies sans anymneie politiques.,ok,1,-0.0125
llama3.2:latest,29142442,-0.05,-0.15,0.25,0.5,0.8,"La cérémonie d'ouverture des Jeux de Milan Cortina 2026 a été marquée par un ton pacifique et inclusif, avec une grande variété de participants et de musiciens internationaux. La direction artistique a été confiée à Marco Ballich, qui a travaillé précédemment aux cérémonies de Turin et Rio.",ok,1,0.1375
llama3.2:latest,29138340,-0.5,1.0,-1.0,-0.25,0.8,"L'initiative pour un fonds climat est présentée comme une menace pour la stabilité financière de la Suisse, ce qui peut être considéré comme une manœuvre politique. La conseillère nationale Simone de Montmollin présente des arguments contre l'initiative en soulignant les coûts et les risques pour le futur des générations.",ok,1,-0.1875
llama3.2:latest,29147331,0.0,0.0,0.0,0.0,1.0,"L'article présente une couverture équilibrée des sports, mais sans précision politique sur les résultats. Le ton est positif mais neutre.",ok,1,0.0
llama3.2:latest,29115321,-1.0,-1.0,0.5,-0.25,0.8,"L'article présente une vision très critique de l'Europe et de ses relations avec les États-Unis, indiquant un biais à gauche. Le ton est tendancieux et accusateur, ce qui suggère une framing bias à gauche. Les expertes citées dans l'article sont souvent critiquées pour leurs positions politiques, ce qui pourrait être interprété comme un traitement bias à gauche. Cependant, les citations de Paul Maurice sont plus nuancées et apportent des perspectives alternatives, ce qui réduit le score de guests_bias. La confiance exprimée dans l'article est relativement élevée, ce qui suggère que le sujet et la framing sont bien choisis.",ok,1,-0.4375
llama3.2:latest,29147656,,,,,,null,recovered,1,
llama3.2:latest,29144921,-0.05,0.0,0.0,0.0,1.0,L'article présente un ton neutre et aborde le sujet de l'avalanche en Suisse sans tendance politique évidente.,ok,1,-0.0125
gemma2:latest,29147304,0.0,0.0,0.0,0.0,0.95,The article focuses on a sports event with no discernible political leanings. All coverage is neutral and factual.,ok,1,0.0
gemma2:latest,29147162,0.0,-0.2,0.1,-0.3,0.6,"The article focuses on EU regulations to reduce textile waste, presenting both supporting and critical viewpoints. Framing leans slightly left due to emphasis on environmental concerns.",ok,1,-0.1
gemma2:latest,29134931,0.0,0.0,0.0,0.0,0.7,The article focuses on a natural disaster and the political response. There is no clear leaning towards left or right perspectives.,ok,1,0.0
gemma2:latest,29147820,0.0,0.0,0.0,0.0,0.7,The article presents factual information about a Swiss unemployment insurance reform without expressing clear political opinions.,ok,1,0.0
gemma2:latest,29142365,0.0,-0.2,0.0,0.0,0.5,The article focuses on market data and economic factors influencing Bitcoin's decline. There is a slight negative framing due to emphasizing investor fear and potential contagion.,ok,1,-0.05
gemma2:latest,29151828,,,,,,,fallback,1,
gemma2:latest,29147062,-0.2,0.6,0.3,0.7,0.8,The article primarily presents Trump's perspective on trade with Switzerland. The framing emphasizes his actions and statements while portraying Swiss officials as less influential.,ok,1,0.35
gemma2:latest,29139994,0.0,0.0,0.0,0.0,0.95,The article presents factual information about a specific calendar phenomenon with no discernible political slant.,ok,1,0.0
gemma2:latest,29150791,,,,,,,fallback,1,
gemma2:latest,29144178,0.0,0.0,0.0,0.0,0.6,The article focuses on a specific case of animal mistreatment without explicitly taking a stance on agricultural policy or regulations.,ok,1,0.0
gemma2:latest,29148270,0.0,0.0,0.0,0.0,0.6,The article presents factual information about the complexities of holding elections in Ukraine during wartime. There is no clear leaning towards a particular political perspective.,ok,1,0.0
gemma2:latest,29148433,0.0,0.0,0.0,0.0,0.95,The article is a neutral obituary reporting the death of an actor. There is no discernible political slant.,ok,1,0.0
gemma2:latest,29134266,-0.6,-0.8,-0.7,0.0,0.8,"The article frames the US-EU relationship negatively, highlighting potential American manipulation and European dependence. The author's tone suggests a left-leaning perspective on international relations.",ok,1,-0.5249999999999999
gemma2:latest,29150974,0.0,0.0,0.0,0.0,0.8,The article focuses on a statement from lawyer associations condemning attacks against lawyers. It presents their viewpoint without explicit political leaning.,ok,1,0.0
gemma2:latest,29148256,0.0,-0.2,-0.3,-0.5,0.6,The article focuses on a legal case with clear exploitation but doesn't explicitly take sides in political debates.,ok,1,-0.25
gemma2:latest,28980688,0.0,0.1,0.0,0.0,0.6,The article presents a generally neutral overview of Swiss-Iraqi economic relations. There is a slight rightward lean due to emphasis on the potential benefits for Swiss businesses and the positive portrayal of Iraqi officials' views.,ok,1,0.025
gemma2:latest,29123091,0.0,0.0,0.0,0.0,0.95,The article announces a contest related to the Olympics. There is no political content or leanings present.,ok,1,0.0
gemma2:latest,29142442,0.0,0.0,0.0,0.0,0.8,The article provides a neutral and factual account of the opening ceremony of the 2026 Winter Olympics in Milan and Cortina d'Ampezzo.,ok,1,0.0
gemma2:latest,29138340,0.0,-0.2,0.4,0.1,0.6,"The article presents both sides of the argument regarding a climate fund initiative in Switzerland. However, it gives more attention and platform to the opposing viewpoint, potentially influencing reader perception.",ok,1,0.07500000000000001
gemma2:latest,29147331,0.0,0.0,0.0,0.0,0.8,The article provides factual reporting on Swiss athletes' performance in various winter sports events. There is no overt political slant or bias observed.,ok,1,0.0
gemma2:latest,29115321,,,,,,,fallback,1,
gemma2:latest,29147656,0.0,0.0,0.0,0.0,0.75,"The article reports on government aid to victims of a fire, with no clear political slant.",ok,1,0.0
gemma2:latest,29144921,0.0,0.0,0.0,0.0,0.8,The article presents a factual account of the 1951 Swiss avalanche event. It avoids overtly partisan language or perspectives.,ok,1,0.0
phi3:mini,29147304,-0.2,-0.1,0.0,0.0,0.95,The article shows a slight left-leaning bias with its positive focus on Franjo von Allmen's achievements and the celebration of Swiss alpine champions in history context.,ok,1,-0.07500000000000001
phi3:mini,29147162,-0.1,-0.3,-0.2,0.0,0.95,The article mostly leans left due to its focus on environmental concerns and criticism of the fast fashion industry's impact. The framing bias score reflects a slightly more critical tone towards right-leaning entities if any were mentioned.,ok,1,-0.15000000000000002
phi3:mini,29134931,,,,,,,recovered,1,
phi3:mini,29147820,,,,,,,recovered,1,
phi3:mini,29142365,-0.1,-0.4,-0.3,0.0,0.85,The article leans slightly left with a negative tone towards Bitcoin and financial institutions but remains mostly factual without clear favoritism.,ok,1,-0.2
phi3:mini,29151828,,,,,,,fallback,1,
phi3:mini,29147062,-0.7,-1.2,-0.9,-0.85,0.95,The article demonstrates a clear left-leaning bias in its subject selection and framing against Switzerland's economic practices under Donald Trump’s administration.,ok,1,-0.9125
phi3:mini,29139994,,,,,,,recovered,1,
phi3:mini,29150791,-0.2,-0.1,-0.3,0.0,0.85,The article contains slight left-leaning tones and subject matter with some favorable treatment to the right but overall presents a balanced view.,ok,1,-0.15000000000000002
phi3:mini,29144178,,,,,,,fallback,1,
phi3:mini,29148270,-1.0,-0.5,0.0,-1.0,0.95,The article leans slightly left with a high level of confidence due to its critical tone towards US pressure and emphasis on Ukrainian sovereignty.,ok,1,-0.625
phi3:mini,29148433,0.0,0.0,-1.0,0.0,1.0,The article treats the subject with respect and dignity without partisan language or tone.,ok,1,-0.25
phi3:mini,29134266,-1.0,-1.0,-0.8,0.0,0.95,The article displays a consistent left-leaning bias with strong criticism of US foreign policy and skepticism towards the military alliance with Europe.,ok,1,-0.7
phi3:mini,29150974,,,,,,,fallback,1,
phi3:mini,29148256,,,,,,,recovered,1,
phi3:mini,28980688,-0.15,-0.3,0.2,0.0,0.85,"The article appears to have a slight left-leaning framing bias due to the focus on economic development and social issues in Iraq; however, it's mostly neutral with minimal subject or treatment biases.",ok,1,-0.062499999999999986
phi3:mini,29123091,,,,,0.85,The article presents a ski competition with minimal political content and appears balanced in its treatment of participants.,recovered,1,
phi3:mini,29142442,,,,,0.85,,recovered,1,
phi3:mini,29138340,-1.0,-0.75,-1.0,0.0,0.9,"The article leans left with a clear bias in tone and framing against the climate initiative, treating it unfavorably.",ok,1,-0.6875
phi3:mini,29147331,,,,,,,recovered,1,
phi3:mini,29115321,,,,,,,fallback,1,
phi3:mini,29147656,-0.2,-0.3,-0.4,0.1,0.95,"The article demonstrates a slight left-leaning bias in its subject selection and framing by focusing on the need for state intervention to assist victims of disasters where private insurance is lacking; however, there's little indication that either political standpoint dominates. Guest speakers were slightly more right than not.",ok,1,-0.2
phi3:mini,29144921,-0.3,-1.2,-1.0,-0.5,0.85,The article has a left-leaning bias with negative framing towards previous government actions and right treatment of the ongoing struggle against snow avalanches. Guest speakers mostly reflect expert opinions favoring increased measures for protection.,ok,1,-0.75
qwen2.5:3b-instruct,29147304,-0.2,-0.5,-0.4,0.0,1.0,"The article focuses on a Swiss skier's Olympic success, which is more balanced but leans slightly towards the left with mentions of other athletes from countries like Austria and France.",ok,1,-0.275
qwen2.5:3b-instruct,29147162,-0.1,-0.6,-0.4,0.0,0.75,"The article discusses a proposed European Union regulation to reduce textile waste and improve environmental conditions, but also highlights concerns about potential adverse effects on charitable organizations.",ok,1,-0.275
qwen2.5:3b-instruct,29134931,-0.4,-0.6,-0.5,0.0,0.85,"The article focuses on a natural disaster in Italy, questioning the negligence and delay in identifying and addressing potential risks. The tone is predominantly critical towards government actions and infrastructure projects.",ok,1,-0.375
qwen2.5:3b-instruct,29147820,-0.5,-0.3,-0.7,0.0,1.0,"The article focuses on the increase in disability benefits, which is likely to affect younger Swiss adults negatively. The framing presents the issue as a problem needing solutions rather than an opportunity for support.",ok,1,-0.375
qwen2.5:3b-instruct,29142365,-0.4,-0.6,-0.5,0.0,0.85,"The article presents a predominantly negative outlook on the cryptocurrency market, emphasizing factors like forced liquidations and economic uncertainties without giving significant weight to potential positive developments.",ok,1,-0.375
qwen2.5:3b-instruct,29151828,-0.8,-0.6,-0.5,1.0,0.95,"The article focuses on a pro-monarchist demonstration in Munich, highlighting the current tensions and calls for regime change in Iran.",ok,1,-0.22499999999999998
qwen2.5:3b-instruct,29147062,-0.2,-0.7,-0.6,-0.3,1.0,"The article presents a critical view of Switzerland's trade relationship with the U.S., highlighting concerns about American interests and investments, indicating a left-leaning perspective.",ok,1,-0.45
qwen2.5:3b-instruct,29139994,0.0,0.0,0.0,0.0,1.0,The article discusses a mathematical calendrical phenomenon with no apparent political bias in its content or tone.,ok,1,0.0
qwen2.5:3b-instruct,29150791,0.0,-0.1,-0.1,0.0,0.85,The article contains a mix of cultural and event-related content with no clear political bias present.,ok,1,-0.05
qwen2.5:3b-instruct,29144178,-0.6,-0.7,-0.5,0.0,1.0,"The article focuses on a recent incident of animal abuse in an agricultural context, highlighting the negligence and lack of vigilance by authorities and farmers. It presents a left-leaning narrative criticizing both farmer behavior and governmental oversight.",ok,1,-0.44999999999999996
qwen2.5:3b-instruct,29148270,-0.7,-0.8,-0.9,0.0,1.0,"The article consistently favors a left-leaning perspective on the Ukrainian election issue, emphasizing obstacles and hesitations from both internal and external sources.",ok,1,-0.6
qwen2.5:3b-instruct,29148433,0.0,0.0,0.0,0.0,0.8,"The article focuses on personal information without taking a stance, and does not contain any political content.",ok,1,0.0
qwen2.5:3b-instruct,29134266,-1.0,-1.0,-1.0,0.0,0.95,"The article consistently portrays a left-leaning perspective on US-European relations, criticizing American hegemony and suggesting European autonomy. It also touches on broader societal issues related to disenfranchised middle classes.",ok,1,-0.75
qwen2.5:3b-instruct,29150974,-1.0,-1.0,-1.0,0.0,1.0,"The article strongly condemns attacks on lawyers and calls for a return to calm, reflecting a clear left-leaning stance.",ok,1,-0.75
qwen2.5:3b-instruct,29148256,-0.5,-0.75,-0.75,0.0,1.0,"The article focuses on the exploitation of a foreign worker in Switzerland, presenting a left-leaning perspective and criticism towards both government practices and treatment of workers.",ok,1,-0.5
qwen2.5:3b-instruct,28980688,-0.4,-0.5,-0.3,0.2,0.9,"The article discusses economic relations between Switzerland and Iraq, highlighting both opportunities and challenges. It leans left in its tone towards Iraqi business actors, despite a neutral treatment of the Swiss authorities.",ok,1,-0.25
qwen2.5:3b-instruct,29123091,0.0,0.0,0.0,0.0,1.0,"The article is purely informative with no apparent bias towards left or right, nor does it frame information in a particular political context.",ok,1,0.0
qwen2.5:3b-instruct,29142442,0.0,0.0,0.0,0.0,1.0,"The article is purely informative and does not show any political bias in its subject, framing, treatment of topics, or guest speakers.",ok,1,0.0
qwen2.5:3b-instruct,29138340,-0.8,-0.6,-0.5,0.0,1.0,"The article predominantly discusses the skepticism towards a climate fund proposal and its negative impact on future generations, leaning heavily towards a right-leaning perspective.",ok,1,-0.475
qwen2.5:3b-instruct,29147331,-0.3,-0.4,-0.5,0.0,1.0,"The article focuses mainly on Alpine skiing and biathlon, with some mentions of snowboarding, leaning more towards winter sports in general.",ok,1,-0.3
qwen2.5:3b-instruct,29115321,-1.0,-1.0,-1.0,-1.0,1.0,"The article is deeply critical of American foreign policy and its impact on Europe, portraying it as a threat to European sovereignty and stability.",ok,1,-1.0
qwen2.5:3b-instruct,29147656,-0.2,-0.4,-0.3,0.0,1.0,"The article discusses both the existing system and proposed improvements, showing a slight left-leaning tone regarding potential reforms to support victims.",ok,1,-0.22500000000000003
qwen2.5:3b-instruct,29144921,-0.2,-0.4,-0.3,0.0,0.85,"The article primarily focuses on natural phenomena and its impacts, but contains slight references to political decisions and investments.",ok,1,-0.22500000000000003
gemma3:4b,29147304,0.0,0.2,0.7,0.3,0.8,"The article focuses on the performance of Swiss skiers at the Olympics, highlighting successes and disappointments. It primarily celebrates the achievements of Franjo von Allmen, leading to a slight positive bias towards the athletes and their performance.",ok,1,0.3
gemma3:4b,29147162,0.2,0.3,0.3,-0.4,0.8,"The article discusses EU regulations regarding textile waste, framing it as a response to consumer concerns and promoting circular practices. However, a critical voice raises concerns about the potential burden on charities and questions the effectiveness of the regulation.",ok,1,0.1
gemma3:4b,29134931,0.1,0.2,0.3,0.0,0.8,"The article focuses on a natural disaster and governmental response, presenting a situation of risk and potential negligence. It highlights the long-term issues of hazard zones and calls for preventative measures.",ok,1,0.15000000000000002
gemma3:4b,29147820,0.0,0.1,0.2,0.0,0.8,"The article discusses a Swiss government proposal to address rising disability benefit claims, particularly among young adults. It focuses on support and integration measures, suggesting potential funding adjustments.",ok,1,0.07500000000000001
gemma3:4b,29142365,0.0,-0.3,-0.2,0.0,0.8,"The article discusses a cryptocurrency market downturn, focusing on the 'spiral of death' and investor panic. It attributes the decline to uncertainty surrounding the US economy and the Federal Reserve's actions.",ok,1,-0.125
gemma3:4b,29151828,0.3,0.2,0.7,0.1,0.8,"The article focuses on calls for regime change in Iran, primarily through the voices of opposition figures and Donald Trump's support. It frames the situation as a global issue with international intervention being advocated.",ok,1,0.325
gemma3:4b,29147062,0.6,0.7,0.4,0.3,0.8,"The article primarily focuses on Donald Trump's perspective and criticisms of the Swiss economy, framing the situation in a way that highlights American influence and Trump's actions. It also presents a largely positive view of the US-Switzerland trade agreement.",ok,1,0.49999999999999994
gemma3:4b,29139994,0.0,0.0,0.0,0.0,0.95,This article discusses calendar conventions and the occurrence of 'perfect Februarys'. It presents factual information without a political slant.,ok,1,0.0
gemma3:4b,29150791,,,,,,,ok,1,
gemma3:4b,29144178,0.3,0.2,0.1,0.2,0.8,"The article focuses on a local agricultural issue with concerns about animal welfare and potential negligence. It includes perspectives from the farmer, a politician from the UDC, and officials from the canton, presenting a balanced view of the situation and proposed solutions.",ok,1,0.2
gemma3:4b,29148270,0.1,0.2,0.1,0.4,0.8,"The article presents a balanced view of the situation, acknowledging both Ukrainian and US perspectives regarding elections in Ukraine. It highlights Zelensky's position while also referencing statements from the US and the Financial Times.",ok,1,0.2
gemma3:4b,29148433,0.0,0.0,0.0,0.0,0.95,The article is a simple obituary for James Van Der Beek. It lacks any political framing or bias in its presentation of the facts.,ok,1,0.0
gemma3:4b,29134266,0.3,0.6,0.7,0.0,0.8,"The article primarily frames the US-Europe relationship as one of dependence and potential exploitation, highlighting European skepticism towards American defense commitments. It leans towards a critical perspective of US foreign policy and emphasizes the need for European autonomy.",ok,1,0.39999999999999997
gemma3:4b,29150974,,,,,,,ok,1,
gemma3:4b,29148256,0.2,0.3,0.6,0.3,0.8,"The article primarily focuses on a case of alleged exploitation, presenting a sympathetic view of the worker's situation and highlighting systemic issues within Swiss employment practices. The inclusion of a legal expert's critique further emphasizes the vulnerability of foreign workers.",ok,1,0.35000000000000003
gemma3:4b,28980688,0.1,0.2,0.3,0.2,0.8,"The article presents a generally positive view of Swiss-Iraqi economic relations, highlighting investment opportunities and the benefits of Swiss expertise. It acknowledges risks but ultimately frames the situation as promising for Iraqi development.",ok,1,0.2
gemma3:4b,29123091,0.0,0.0,0.0,0.0,0.8,"This article is a straightforward announcement of a series of promotional contests and giveaways organized by a Swiss broadcasting company (RTS). It details the rules, prizes, and winners of several competitions, with no discernible political leaning.",ok,1,0.0
gemma3:4b,29142442,0.0,0.1,0.2,0.3,0.8,"The article provides a straightforward report on the opening ceremony of the Winter Olympics, focusing on the events and attendees. There's a slight positive framing towards the Italian hosts and the event's cultural aspects.",ok,1,0.15000000000000002
gemma3:4b,29138340,0.3,-0.6,-0.7,-0.2,0.8,"The article primarily frames the debate against the climate fund, highlighting concerns about debt and ineffective measures. It leans right by emphasizing existing legal frameworks and fiscal responsibility.",ok,1,-0.3
gemma3:4b,29147331,0.0,0.0,0.0,0.0,0.8,"This article provides a neutral overview of Swiss winter sports performances at the 2026 Olympics. It covers skiing, snowboarding, and biathlon, highlighting successes and failures of Swiss athletes alongside international competitors.",ok,1,0.0
gemma3:4b,29115321,-0.6,0.7,0.8,0.6,0.8,"The article primarily frames the US actions as destabilizing and detrimental to Europe, highlighting concerns about American influence and the decline of the international order. It presents a largely negative view of US intentions and policies.",ok,1,0.375
gemma3:4b,29147656,0.2,0.3,0.4,0.0,0.8,"The article discusses government aid and legal recourse for victims of a tragic fire, presenting a neutral overview of the situation and proposed solutions. It focuses on the financial support and legal frameworks being implemented, without explicitly favoring a particular political stance.",ok,1,0.225
gemma3:4b,29144921,0.1,0.1,0.1,0.0,0.7,"The article focuses on a natural disaster and its consequences, presenting a factual account without overt political commentary. The emphasis on investment and research suggests a pragmatic, solution-oriented perspective.",ok,1,0.07500000000000001
llama3.2:latest,29147304,-0.05,-0.1,-0.15,-0.01,0.8,"L'article présente un ton légèrement critique envers les Suisses, mais sans attaque spécifique contre Franjo von Allmen. La mention de 'moisson historique' suggère également une certaine amélioration de la performance du skieur.",ok,2,-0.07750000000000001
llama3.2:latest,29147162,-0.2,0.5,-0.1,-0.4,0.8,"L'article présente une approche réfléchie à la régulation des déchets textiles, en soulignant les risques pour la sécurité des consommateurs et l'impact environnemental. Cependant, certaines critiques émises par Mathilde Pousseo pourraient être considérées comme un appel à l'action partiale contre les groupes textiles.",ok,2,-0.05000000000000001
llama3.2:latest,29134931,-0.5,0.0,0.0,0.0,1.0,"L'article présente un ton neutre et ne semble pas avoir de préférence politique, mais il est difficile de juger son objectivité sans plus d'informations.",ok,2,-0.125
llama3.2:latest,29147820,-0.01,0.01,0.0,0.0,1.0,"L'article présente un ton neutre et objective sur le sujet de la réforme des rentes d'invalidité, en soulignant les aspects positifs pour les jeunes adultes. Cependant, le langage utilisé est légèrement plus favorable à la réforme que contraire à celle-ci.",ok,2,0.0
llama3.2:latest,29142365,,,,,,,recovered,2,
llama3.2:latest,29151828,-1.0,-1.0,-0.5,0.0,0.9,"L'article présente une approche globale et critique de la répression en Iran, en mettant l'accent sur la responsabilité internationale et les mouvements mondiaux pour favoriser un changement démocratique. Cependant, le ton peut être considéré comme plus gauche que droit.",ok,2,-0.625
llama3.2:latest,29147062,-1.0,-1.0,1.0,0.0,0.9,"L'article présente une vision très positive de la politique douanière de Donald Trump et souligne les avantages qu'il apporte à la Suisse, en lui permettant d'investir dans les États-Unis. Le ton est répétitif et ne montre aucune critique significative des actions du président américain.",ok,2,-0.25
llama3.2:latest,29139994,0.0,0.0,0.0,0.0,1.0,"L'article présente une analyse objective des calendriers et de la durée du mois parfait, sans mentionner d'opinion politique. L'information est présentée de manière neutre et informative.",ok,2,0.0
llama3.2:latest,29150791,-1.0,0.0,0.0,0.0,0.5,"L'article présente un ton neutre, mais le sujet de la Saint-Valentin et les événements spécifiques mentionnés peuvent indiquer une légère orientation vers la gauche. Le concert de musiques japonaises, bien que varié, ne semble pas être traité de manière particulièrement favorisante ou critique envers la droite.",ok,2,-0.25
llama3.2:latest,29144178,-1.0,0.0,-1.0,0.0,0.8,"L'article présente une présentation positive de la situation, en soulignant les efforts des autorités pour répondre rapidement aux affaires de maltraitance animale et en mettant en avant l'importance de la vigilance des agriculteurs pour détecter les signes de détresse. Le ton est objectif et informatif.",ok,2,-0.5
llama3.2:latest,29148270,-0.3,-1.4,-0.2,0.0,0.8,"L'article présente un ton nettement critique envers le Kremlin et la Maison Blanche, ce qui suggère une framing bias droitienne. La mention de 'garanties de sécurité' offertes par les États-Unis est également susceptible d'avoir une connotation plus droite que gauche.",ok,2,-0.475
llama3.2:latest,29148433,0.0,-1.0,-1.0,0.0,0.0,"The article presents a sympathetic tone towards the late James David Van Der Beek, highlighting his courage and dignity in the face of cancer. The language used is generally positive and respectful.",ok,2,-0.5
llama3.2:latest,29134266,-0.2,0.8,0.3,0.0,0.9,"L'article présente une vision critique de la relation entre l'Europe et les États-Unis, soulignant les déséquilibres dans leur partenariat militaire et politique. Le ton est généralement analytique et réfléchi, avec une perspective européenne que se retrouve mise en opposition avec une vision américaine plus paternaliste et moins favorable à l'autonomie de l'Europe.",ok,2,0.22500000000000003
llama3.2:latest,29150974,0.0,-1.0,-1.0,0.0,,,ok,2,-0.5
llama3.2:latest,29148256,-1.0,-0.8,-0.2,-0.4,0.9,"L'article présente une perspective critique sur le système de travail en Suisse, mettant en avant les conditions difficiles auxquelles sont confrontés les travailleurs étrangers. Les citations d'experts et de juristes soutiennent ces arguments, indiquant que la protection des travailleurs est insuffisante.",ok,2,-0.6
llama3.2:latest,28980688,-0.1,0.3,-0.2,0.5,0.8,"L'article présente une perspective globale sur les relations économiques entre l'Irak et la Suisse, soulignant l'importance de partenariats économiques pour le développement irakien. La représentation des opinions variées, notamment celle de Rasha Oudeh et Mohammed al Najar, ajoute un équilibre à la narration.",ok,2,0.125
llama3.2:latest,29123091,-0.1,0.0,0.0,0.0,0.8,"L'article présente un concours sans émotion et sans ton ni narration politique. Les prix sont présentés de manière neutre, sans mentionner les politiques ou les idées des gagnants.",ok,2,-0.025
llama3.2:latest,29142442,-0.1,0.3,0.2,0.5,0.8,"La cérémonie d'ouverture des Jeux de Milan Cortina 2026 a été marquée par une ambiance paixfulle et harmonique, avec un message de paix et d'harmonie entre les cultures. La direction artistique a été confiée à Marco Ballich, qui a répondu aux attentes en présentant une cérémonie moins clivante et moins coûteuse que celle de Paris.",ok,2,0.225
llama3.2:latest,29138340,-0.5,-1.0,-0.2,0.0,0.8,"L'article exprime une forte critique de l'initiative pour un fonds climat, laissant penser à une orientation libérale ou conservatrice.",ok,2,-0.425
llama3.2:latest,29147331,-0.05,-0.1,-0.05,-0.01,0.8,"L'article présente un ton relativement neutre, mais avec une légère prédominance de termes positives pour les athlètes suisses. La discussion sur la qualification des Suissesses en snowboard halfpipe est présentée comme une affaire majeure, ce qui pourrait suggérer une certaine partialité à l'égard du pays.",ok,2,-0.052500000000000005
llama3.2:latest,29115321,-1.0,0.5,0.3,0.0,0.8,"L'article présente une vision critique de la politique étrangère américaine et souligne les menaces posées par Donald Trump à l'Europe. Le ton est nettement favorable à l'Europe, mais sans être trop partigiste.",ok,2,-0.05
llama3.2:latest,29147656,0.0,-1.2,-0.5,0.0,0.8,"L'article présente un ton critique envers le système actuel, suggérant que les responsables ne sont pas suffisamment responsables et que les victimes sont souvent ignorées. Le langage utilisé est souvent déstabilisateur et critique pour la Confédération.",ok,2,-0.425
llama3.2:latest,29144921,0.0,-0.2,0.3,0.0,0.8,"L'article présente une analyse objective des causes et des conséquences de l'hiver avalancheux de 1951 en Suisse, avec des citations d'experts et des données précises. Le ton est réfléchi et scientifique, sans tendance politique évidente.",ok,2,0.024999999999999994
gemma2:latest,29147304,0.0,0.0,0.0,0.0,0.95,The article reports on skiing events at the Olympics with a neutral tone and focus on Swiss athletes' performance.,ok,2,0.0
gemma2:latest,29147162,0.0,-0.2,0.1,-0.3,0.4,"The article focuses on an EU regulation regarding textile waste. While framing leans slightly left due to emphasis on environmental concerns, treatment of both sides is relatively neutral.",ok,2,-0.1
gemma2:latest,29134931,0.0,-0.1,0.0,0.0,0.5,The article focuses on a natural disaster and the political response to it. There is some criticism of government inaction but not overt partisan leaning.,ok,2,-0.025
gemma2:latest,29147820,0.0,0.0,0.0,0.0,0.7,The article presents a factual report on Swiss disability insurance reform without overt political leaning. The focus is on economic and social impacts.,ok,2,0.0
gemma2:latest,29142365,0.0,-0.1,0.0,0.0,0.4,"The article focuses on a factual economic event (bitcoin price drop). There's a slight negative framing due to the focus on risk and fear, but overall it remains neutral.",ok,2,-0.025
gemma2:latest,29151828,,,,,,,recovered,2,
gemma2:latest,29147062,,,,,,,recovered,2,
gemma2:latest,29139994,0.0,0.0,0.0,0.0,0.95,The article presents factual information about a calendar phenomenon with no observable political slant.,ok,2,0.0
gemma2:latest,29150791,,,,,,,fallback,2,
gemma2:latest,29144178,,,,,,,recovered,2,
gemma2:latest,29148270,-0.1,0.2,0.0,0.0,0.6,"The article primarily focuses on logistical challenges of elections in Ukraine, presenting both sides' viewpoints. There is a slight right-leaning framing due to the emphasis on US pressure and potential security guarantees.",ok,2,0.025
gemma2:latest,29148433,0.0,0.0,0.0,0.0,0.9,This is a straightforward obituary with no discernible political leanings. The tone is respectful and focuses on the deceased's personal life.,ok,2,0.0
gemma2:latest,29134266,-0.6,-0.8,-0.7,-0.4,0.8,"The article frames the US-Europe relationship as one of tension and distrust, highlighting European skepticism towards US leadership and defense commitments. The expert quoted leans left in their analysis.",ok,2,-0.6249999999999999
gemma2:latest,29150974,,,,,,,fallback,2,
gemma2:latest,29148256,0.0,-0.2,-0.3,-0.5,0.6,The article focuses on a case of alleged worker exploitation with a critical tone towards the system that allowed it. The expert quoted expresses a clear left-leaning perspective.,ok,2,-0.25
gemma2:latest,28980688,0.0,0.1,0.0,0.0,0.6,The article presents a generally neutral overview of Swiss business interests in Iraq. There's slight right-leaning framing in emphasizing the positive aspects of Swiss expertise and stability.,ok,2,0.025
gemma2:latest,29123091,0.0,0.0,0.0,0.0,0.95,Article describes a promotional contest for the Winter Olympics. No discernible political leanings or bias.,ok,2,0.0
gemma2:latest,29142442,0.0,0.0,0.0,0.0,0.95,The article is a factual report on the opening ceremony of the 2026 Winter Olympics in Milan Cortina. It does not display any overt political leanings.,ok,2,0.0
gemma2:latest,29138340,0.0,-0.2,0.5,-0.3,0.6,"The article presents arguments from both sides of the climate fund initiative. However, it leans slightly towards the opposing viewpoint by giving more space and attention to the concerns raised by Simone de Montmollin.",ok,2,0.0
gemma2:latest,29147331,0.0,0.0,0.0,0.0,0.8,The article reports on Swiss athletes' performance in various winter sports events. There is no overt political slant in the reporting.,ok,2,0.0
gemma2:latest,29115321,,,,,,,fallback,2,
gemma2:latest,29147656,0.0,0.0,0.0,0.0,0.6,The article focuses on the Swiss government's response to a fire and its impact on victims. The language is neutral and objective.,ok,2,0.0
gemma2:latest,29144921,0.0,0.0,0.0,0.0,0.8,Neutral article reporting on a historical event with factual information and expert opinions. No discernible political leanings.,ok,2,0.0
phi3:mini,29147304,,,,,,,fallback,2,
phi3:mini,29147162,-0.1,-0.2,-0.3,-0.4,0.95,The article has a slight left-leaning bias with negative framing towards regulations and rightward preference in the fast fashion industry's current practices.,ok,2,-0.25
phi3:mini,29134931,-1.0,-1.0,-10.0,0.0,0.95,The article presents a left-leaning bias through its focus on systemic failures and the government's response to natural disasters in Southern Italy which align with typical concerns of Italian political parties from the left spectrum.,ok,2,-3.0
phi3:mini,29147820,,,,,,,fallback,2,
phi3:mini,29142365,,,,,,The article leans left with a negative bias towards bitcoin and its relationship to the economy.,recovered,2,
phi3:mini,29151828,-0.5,-1.0,-0.7,-1.0,0.9,"The article leans towards left-leaning by consistently portraying the protestors' demands for a monarchist and potentially more traditional system as positive outcomes against perceived oppression within an Islamic Republic framework. Guests like Reza Pahlavi are framed favorably, which aligns with conservative perspectives.",ok,2,-0.8
phi3:mini,29147062,-0.2,-0.7,-0.5,0.0,0.85,The article leans slightly left due to subject and treatment bias scores but maintains a neutral tone in its framing.,ok,2,-0.35
phi3:mini,29139994,,,,,,,fallback,2,
phi3:mini,29150791,,,,,,,fallback,2,
phi3:mini,29144178,-0.1,-0.2,0.0,0.0,0.95,"The article exhibits a slight left-leaning bias in its selection of the subject and framing; however, it maintains neutrality towards treatment within quotes from all sides involved.",ok,2,-0.07500000000000001
phi3:mini,29148270,-1.0,-0.5,-0.2,0.0,0.9,The article leans left due to its focus on the Ukrainian perspective and criticism of Western intervention strategies; framing bias is moderate as it includes some neutral points but overall tends towards a pro-Ukrainian stance.,ok,2,-0.425
phi3:mini,29148433,-1.0,0.0,0.5,0.0,0.85,"The subject appears to have a negative connotation towards cancer and praises Van Der Beek's fight against it, suggesting left-leaning bias with moderate confidence.",ok,2,-0.125
phi3:mini,29134266,-1.0,-0.9,-0.8,0.0,0.95,The article heavily leans towards a left-wing perspective with its critique of US policies and skepticism about American military support for Europe.,ok,2,-0.675
phi3:mini,29150974,,,,,,,fallback,2,
phi3:mini,29148256,,,,,,[],recovered,2,
phi3:mini,28980688,-0.1,0.0,0.0,0.0,0.85,The article presents factual information about Swiss business in Iraq without strong political bias and quotes from both sides of the industry spectrum.,ok,2,-0.025
phi3:mini,29123091,,,,,0.85,,recovered,2,
phi3:mini,29142442,0.0,0.0,-1.0,-1.0,0.95,"The article focuses on positive aspects of the event and pays homage to national symbols; however, it subtly emphasizes a left-leaning perspective through representation choices.",ok,2,-0.5
phi3:mini,29138340,-0.3,-0.6,-0.7,0.0,0.95,The article seems to present a left-leaning perspective on the initiative against climate change funding in Switzerland by favoring current efforts and highlighting potential drawbacks of increased spending through taxes or endorsement funds. It does not provide equal consideration for both sides.,ok,2,-0.39999999999999997
phi3:mini,29147331,,,,,0.95,,recovered,2,
phi3:mini,29115321,,,,,,,fallback,2,
phi3:mini,29147656,-0.2,-0.7,-0.3,-0.5,0.9,The article leans left with a negative framing towards the inadequacies of current systems and right-leaning bias evident through its language favoring victims' rights over insurance corporations or government bodies.,ok,2,-0.425
phi3:mini,29144921,-0.0,-0.25,-0.1,0.0,0.85,"['The article maintains a neutral tone regarding the subject but leans slightly left in framing bias due to its focus on disaster and subsequent societal impact.', 'While discussing guests or quotes is not applicable as there are no political figures quoted.']",ok,2,-0.0875
qwen2.5:3b-instruct,29147304,-0.2,-0.4,-0.6,0.0,1.0,"The article focuses on a Swiss athlete's success in an Olympic event, with no significant bias towards either political perspective.",ok,2,-0.30000000000000004
qwen2.5:3b-instruct,29147162,-0.2,-0.5,-0.6,0.0,1.0,"The article focuses on environmental and ethical concerns with the fashion industry, presenting arguments from both sides but leaning towards a more regulated approach.",ok,2,-0.32499999999999996
qwen2.5:3b-instruct,29134931,-0.25,-0.45,-0.6,0.0,0.8,"The article focuses on a natural disaster and its consequences, while also addressing the lack of preventative measures and compensation for victims in Italy.",ok,2,-0.32499999999999996
qwen2.5:3b-instruct,29147820,-0.5,-0.3,-0.4,0.0,0.8,"The article discusses measures to support young adults and stabilize AI finance, with a focus on reducing reliance on additional funding.",ok,2,-0.30000000000000004
qwen2.5:3b-instruct,29142365,-0.3,-0.7,-0.5,0.0,0.85,"The article predominantly focuses on the negative impacts of Bitcoin's recent price drop, highlighting concerns about economic uncertainty and market instability.",ok,2,-0.375
qwen2.5:3b-instruct,29151828,-1.0,-1.0,-1.0,-1.0,0.95,"The article heavily favors an Iranian monarchist perspective and criticizes the current Islamic Republic regime, reinforcing a left-leaning stance.",ok,2,-1.0
qwen2.5:3b-instruct,29147062,-0.4,-0.6,-0.7,-0.5,0.8,"The article leans left by criticizing the U.S.-Swiss relationship and highlighting Trump's policies, while presenting no strong right-leaning perspectives.",ok,2,-0.55
qwen2.5:3b-instruct,29139994,0.0,0.0,0.0,0.0,1.0,The article discusses a mathematical phenomenon related to calendar systems and does not contain any overtly political or biased language.,ok,2,0.0
qwen2.5:3b-instruct,29150791,-0.4,-0.5,-0.5,0.0,0.8,"The article focuses more on cultural and artistic events, which generally lean towards the center of political spectrum, but still contains some left-leaning content.",ok,2,-0.35
qwen2.5:3b-instruct,29144178,-0.5,-0.75,-0.625,0.0,0.85,"The article focuses on recent incidents of animal abuse and the response from authorities, leaning towards a left-leaning narrative that highlights potential failures in oversight and protection.",ok,2,-0.46875
qwen2.5:3b-instruct,29148270,-0.4,-0.6,-0.7,0.0,1.0,The article heavily criticizes the administration's stance on elections and supports the Ukrainian government's position against premature voting during a war.,ok,2,-0.425
qwen2.5:3b-instruct,29148433,0.0,0.0,0.0,0.0,0.9,"The article does not contain any political or biased language and focuses on personal information about James David Van Der Beek, making it neutral in terms of subject, framing, treatment, and guests bias.",ok,2,0.0
qwen2.5:3b-instruct,29134266,-0.7,-0.8,-0.9,0.0,1.0,The article predominantly discusses the declining trust in American allies by European nations and suggests alternative means of defense and democracy.,ok,2,-0.6
qwen2.5:3b-instruct,29150974,-1.0,-1.0,-1.0,0.0,1.0,"The article focuses on condemnation of attacks and threats against defense lawyers, emphasizing institutional integrity and the duty to uphold justice. It shows a strong left-leaning stance.",ok,2,-0.75
qwen2.5:3b-instruct,29148256,-0.5,-0.75,-0.625,0.0,1.0,"The article highlights serious labor exploitation issues and criticizes the legal system's shortcomings, leaning left on these topics.",ok,2,-0.46875
qwen2.5:3b-instruct,28980688,-0.1,-0.4,-0.2,-0.5,0.9,"The article discusses economic relations and business opportunities between Switzerland and Iraq, with a predominantly neutral tone towards both sides.",ok,2,-0.3
qwen2.5:3b-instruct,29123091,0.0,0.0,0.0,0.0,1.0,"The article is purely informational and does not exhibit any bias in subject selection, framing, treatment of sides, or quoted voices.",ok,2,0.0
qwen2.5:3b-instruct,29142442,0.0,0.0,0.0,0.0,1.0,"The article provides a neutral overview of the Olympic opening ceremony in Milan and Cortina d'Ampezzo, highlighting various aspects without showing any bias towards left or right.",ok,2,0.0
qwen2.5:3b-instruct,29138340,-0.75,-0.75,-1.0,0.0,0.9,"The article consistently portrays the initiative in a negative light, highlighting its potential drawbacks and criticizing the Swiss political system's ability to address climate issues.",ok,2,-0.625
qwen2.5:3b-instruct,29147331,-0.25,-0.12,-0.25,0.0,0.87,"The article focuses on various winter sports events and results with a slightly more neutral tone, though it leans slightly towards Olympians and athletes.",ok,2,-0.155
qwen2.5:3b-instruct,29115321,-0.8,-0.7,-0.5,-0.3,1.0,"The article focuses on the decline of US influence and the perceived threats to European sovereignty, presenting a predominantly left-leaning perspective.",ok,2,-0.575
qwen2.5:3b-instruct,29147656,-0.3,-0.6,-0.7,0.0,1.0,"The article discusses the need for support systems and fair treatment of victims after an incident, leaning slightly towards a left-leaning perspective on social justice issues.",ok,2,-0.39999999999999997
qwen2.5:3b-instruct,29144921,0.0,-0.2,-0.3,0.0,0.8,The article discusses historical events and their impact on modern-day avalanche prevention efforts without taking a clear political stance.,ok,2,-0.125
gemma3:4b,29147304,0.0,0.2,0.7,0.3,0.8,"The article focuses on the performance of Swiss skiers at the Olympics, highlighting successes and disappointments. It primarily celebrates the achievements of Franjo von Allmen, presenting him as a significant and historic figure in alpine skiing.",ok,2,0.3
gemma3:4b,29147162,0.2,0.6,0.4,-0.3,0.8,"The article presents a largely supportive view of the EU's initiative to address textile waste, framing it as a response to consumer concerns and a necessary step towards sustainability. However, a critical voice from a non-profit collective expresses concern about the potential burden on charities and questions the effectiveness of self-regulation.",ok,2,0.22500000000000003
gemma3:4b,29134931,0.2,0.3,0.1,0.0,0.8,"The article focuses on a natural disaster and its consequences, presenting a factual account without overt political commentary. The inclusion of the Prime Minister's visit and discussion of compensation highlights potential governmental failings, leaning slightly towards concern for affected citizens.",ok,2,0.15
gemma3:4b,29147820,0.0,0.1,0.2,0.0,0.8,"The article discusses a Swiss reform of disability benefits, focusing on supporting young adults and stabilizing the AI's finances. It highlights concerns about rising disability claims among young people, suggesting a proactive approach to integration and financial stability.",ok,2,0.07500000000000001
gemma3:4b,29142365,0.0,-0.3,-0.2,0.0,0.8,"The article discusses the decline of Bitcoin's price due to market dynamics and investor behavior. It attributes the downturn to factors like Fed policy and liquidation events, presenting a cautious perspective without explicitly advocating for a particular political stance.",ok,2,-0.125
gemma3:4b,29151828,0.6,0.7,0.8,0.3,0.85,"The article primarily focuses on calls for regime change in Iran, featuring prominent opposition figures and Donald Trump's rhetoric. It leans towards a critical perspective on the Iranian government and supports the desire for a democratic transition, aligning with a left-leaning framing of the situation.",ok,2,0.5999999999999999
gemma3:4b,29147062,0.6,0.7,0.8,0.3,0.85,"The article primarily frames Donald Trump's actions and statements regarding the US-Switzerland relationship, presenting him positively through his claims about economic benefits and investments. It highlights Trump's perspective and the resulting agreements, leaning towards a favorable assessment of his policies.",ok,2,0.5999999999999999
gemma3:4b,29139994,0.0,0.0,0.0,0.0,0.9,This article discusses calendar conventions and the occurrence of 'perfect Februarys'. It presents factual information about calendar systems and does not take a political stance.,ok,2,0.0
gemma3:4b,29150791,,,,,,,ok,2,
gemma3:4b,29144178,0.2,0.3,0.1,0.3,0.7,"The article presents a factual account of animal neglect, focusing on the consequences and responses. The inclusion of an UDC politician adds a layer of commentary, suggesting concern and questioning of existing oversight, leaning slightly right. Overall, the piece maintains a neutral stance while highlighting the systemic issues and preventative measures.",ok,2,0.22499999999999998
gemma3:4b,29148270,0.1,0.2,0.1,0.6,0.8,"The article presents a balanced view, primarily focusing on Ukrainian perspectives and acknowledging complexities surrounding elections in a war zone. It highlights Zelensky's position and public support while referencing concerns about potential Western pressure.",ok,2,0.25
gemma3:4b,29148433,0.0,0.0,0.0,0.0,0.95,This article is a simple obituary. It does not present a political viewpoint or favor either side.,ok,2,0.0
gemma3:4b,29134266,0.3,0.6,0.7,0.0,0.8,"The article primarily critiques the US alliance with Europe, highlighting European skepticism and advocating for greater autonomy. It frames the US as intentionally seeking to undermine the EU, reflecting a critical perspective.",ok,2,0.39999999999999997
gemma3:4b,29150974,,,,,,,ok,2,
gemma3:4b,29148256,0.2,0.3,0.4,0.3,0.8,"The article focuses on a case of alleged exploitation, presenting a sympathetic view of the worker's situation. The inclusion of a legal expert's opinion highlights concerns about systemic issues and insufficient protections.",ok,2,0.3
gemma3:4b,28980688,0.2,0.3,0.4,0.3,0.8,"The article focuses on Swiss-Iraqi economic relations, highlighting investment opportunities and the positive image of Switzerland. It acknowledges risks but largely presents a favorable view of Swiss engagement.",ok,2,0.3
gemma3:4b,29123091,0.0,0.0,0.0,0.0,0.8,This article is a straightforward announcement of a series of contests and prizes related to sporting events and Swiss locations. It doesn't exhibit any clear political leaning or bias in its framing or treatment of the participants.,ok,2,0.0
gemma3:4b,29142442,0.0,0.1,0.2,0.3,0.8,"The article provides a straightforward report on the opening ceremony, focusing on the events and participants. It includes mentions of key figures like Giorgio Armani and political leaders, indicating a relatively neutral but slightly positive framing towards the event and Italian leadership.",ok,2,0.15000000000000002
gemma3:4b,29138340,0.3,0.7,-0.6,-0.2,0.8,"The article predominantly frames the issue as a debate against climate protection, leaning towards skepticism regarding the initiative. It critiques the initiative's funding mechanism and potential for debt, while highlighting existing legal frameworks and a cautious approach to spending.",ok,2,0.05
gemma3:4b,29147331,0.0,0.0,0.0,0.0,0.8,"The article provides a factual summary of Swiss winter sports performances at the 2026 Olympics, focusing on skiing, snowboarding, and biathlon. It highlights successes and failures of Swiss athletes and compares them to international competitors.",ok,2,0.0
gemma3:4b,29115321,-0.6,0.7,0.8,0.5,0.8,"The article heavily frames the US actions as destabilizing and hostile to Europe, emphasizing threats from Trump and Russia. It predominantly treats the US perspective as negative, highlighting their attempts to dismantle the EU and undermine democratic institutions.",ok,2,0.35
gemma3:4b,29147656,0.1,0.2,0.3,0.0,0.8,"The article discusses government and cantonal responses to a tragic fire, focusing on financial aid and legal support for victims. It presents a neutral overview of the situation and proposed solutions.",ok,2,0.15000000000000002
gemma3:4b,29144921,0.1,0.1,0.1,0.0,0.7,"The article focuses on a natural disaster and its consequences, presenting a factual account without overt political commentary. The emphasis on investment and research suggests a pragmatic approach to disaster mitigation.",ok,2,0.07500000000000001
llama3.2:latest,29147304,-0.0,0.0,0.0,0.0,1.0,L'article présente un ton neutre et ne contient aucun langage partiais sur le sujet des ski alpinistes ou leurs performances. Les commentaires de Franjo von Allmen sont cités mais sans évaluation de leur contenu politique.,ok,3,0.0
llama3.2:latest,29147162,,,,,,,recovered,3,
llama3.2:latest,29134931,0.0,-1.0,0.5,-1.0,0.8,"L'article présente un ton critique envers le gouvernement italien pour son handling du glissement de terrain à Niscemi, ce qui donne une orientation légèrement gauche. La couverture met également en avant les conséquences sociales et politiques des dégâts causés par la nature, indiquant une préférence pour l'approche sociale et progressive.",ok,3,-0.375
llama3.2:latest,29147820,,,,,,,recovered,3,
llama3.2:latest,29142365,0.0,0.0,0.0,0.0,1.0,"L'article présente un ton neutre et ne fait aucun référence à des partis politiques spécifiques, ce qui suggère une neutralité sur le sujet du bitcoin. L'analyse économique est également clairement décrite sans parti pris.",ok,3,0.0
llama3.2:latest,29151828,-0.5,-1.2,-0.8,0.0,0.9,"L'article présente un ton généralement critique envers la République islamique et favorise les mouvements de résistance iraniens, mais sans aborder les dimensions politiques complexes du contexte. La framing est donc à gauche.",ok,3,-0.625
llama3.2:latest,29147062,0.0,-1.0,0.0,0.0,0.5,"L'article présente une vision néfastre de la Suisse et de son relations avec les Etats-Unis, en faisant des allégations sans preuves contre Karin Keller-Sutter et en soulignant l'influence économique des entreprises suisses sur le pays.

La mention de cadeaux coûteux apportés au président américain par les représentants suisses est également une manœuvre pour manipuler la perception du public.",ok,3,-0.25
llama3.2:latest,29139994,0.0,0.0,0.0,0.0,1.0,"L'article présente un ton neutre et ne porte aucune préférence politique, traitant de manière égale les deux calendriers.",ok,3,0.0
llama3.2:latest,29150791,-0.03,-0.05,0.02,0.01,0.85,"L'article présente une diversité de sujets et d'événements, sans prises de position clairement liées à la politique. Les titres et les descriptions des événements sont neutres et descriptive.",ok,3,-0.012499999999999999
llama3.2:latest,29144178,-0.5,0.2,0.1,-0.8,0.9,"L'article présente un ton neutre et objectif, mais avec une légère prédominance de points de vue conservateurs. Le langage utilisé par les interlocuteurs est souvent subjectif et peut être considéré comme biaisé.",ok,3,-0.25
llama3.2:latest,29148270,-1.0,0.0,0.0,0.0,0.8,"L'article présente une perspective généralement gauche sur le sujet, en soulignant les difficultés de l'organisation d'une élection dans un contexte de guerre et en citant des déclarations du président Zelensky qui sont souvent associées à la gauche. La neutralité est cependant respectée dans la rédaction, avec une absence de langage partiaux ou de ton hébergeant préjugés.",ok,3,-0.25
llama3.2:latest,29148433,,,,,,,recovered,3,
llama3.2:latest,29134266,,,,,,,recovered,3,
llama3.2:latest,29150974,0.0,-1.0,-0.5,0.0,0.9,"L'article présente une vision généralement favorable à la défense des avocats, avec des citations de bâtonniers qui soulignent l'importance de la dignité et de l'exemplarité dans les procédures judiciaires. Cependant, la phrase 'La justice ne doit pas être celle des médias...' peut être interprétée comme une critique légère du rôle des médias dans le processus judiciaire.",ok,3,-0.375
llama3.2:latest,29148256,-1.0,-0.5,0.5,-0.25,0.8,"L'article présente une vision critique de la situation des travailleurs migrés en Suisse, mettant en lumière les problèmes de subjectivation et de traitement injuste. Le juriste cité souligne l'importance d'une protection suffisante pour ces populations.",ok,3,-0.3125
llama3.2:latest,28980688,-0.1,0.2,0.4,0.6,0.8,"L'article présente un ton neutre, mais les citations de politiciens irakiens et suisses ont une légère orientation à droite en raison des expressions utilisées (par exemple ""l’Irak dispose chaque année d’environ 150 milliards de revenus pétroliers""). La dynamique économique entre l'Irak et la Suisse est présentée comme positive, ce qui suggère un angle favorable à la politique économique suisse.",ok,3,0.275
llama3.2:latest,29123091,-0.5,0.0,0.0,0.0,1.0,"L'article présente un concours de ski qui inclut des prix en nature et une grande variété de prix, sans inclure explicitement des allusions politiques ou idéologiques. Les conditions de participation sont claires et les règles sont larges pour garantir la neutralité du concours.",ok,3,-0.125
llama3.2:latest,29142442,-0.02,0.0,0.0,0.0,1.0,"La cérémonie d'ouverture des Jeux olympiques d'hiver à Milan a été marquée par une atmosphère de paix et d'harmonie, avec un message de paix et d'harmonie des cultures. La direction artistique a été confiée à Marco Ballich, déjà à l'œuvre lors des cérémonies de Turin 2006 et Rio 2016.",ok,3,-0.005
llama3.2:latest,29138340,-1.0,0.5,-1.0,-1.0,0.8,"L'article semble avoir une tendance légèrement de gauche, avec des citations de personnalités du Parti socialiste et des Vert-e-s. La rédaction seeme faire preuve d'un léger biais à la gauche en soulignant les critiques des opposantes mais pas autant celles des soutenants.",ok,3,-0.625
llama3.2:latest,29147331,0.0,0.0,0.0,0.0,1.0,"L&#39;article présente un ton neutre et ne témoigne aucune préférence politique dans son récit des épreuves de ski alpin, snowboard et biathlon.",ok,3,0.0
llama3.2:latest,29115321,0.0,-1.0,-1.0,-1.0,0.8,"L'article présente une vision critique des actions de Donald Trump et des Etats-Unis, soulignant la menace qu'elles représentent pour l'Europe et le système international. Le ton est souvent délibérément accusatoire contre les États-Unis, ce qui confère à l'article un ton nettement gauche.",ok,3,-0.75
llama3.2:latest,29147656,,,,,,,recovered,3,
llama3.2:latest,29144921,,,,,,,recovered,3,
gemma2:latest,29147304,0.0,0.0,0.0,0.0,0.95,The article focuses on a sporting event and presents factual information about the athletes' performance. There is no discernible political slant.,ok,3,0.0
gemma2:latest,29147162,0.0,-0.2,0.1,-0.3,0.6,"The article focuses on a policy issue with environmental concerns. While there is some critical voice regarding the potential negative consequences, the overall framing leans slightly left.",ok,3,-0.1
gemma2:latest,29134931,0.0,-0.1,0.0,0.0,0.4,"The article focuses on a natural disaster and its consequences. While there are mentions of political figures and debates, they do not significantly influence the overall bias.",ok,3,-0.025
gemma2:latest,29147820,0.0,0.0,0.0,0.0,0.7,The article presents factual information about Swiss social security reform with a neutral tone.,ok,3,0.0
gemma2:latest,29142365,0.0,-0.2,0.0,0.0,0.6,The article focuses on market data and expert opinions about Bitcoin's recent decline without explicitly endorsing any political stance.,ok,3,-0.05
gemma2:latest,29151828,,,,,,,fallback,3,
gemma2:latest,29147062,0.2,0.6,0.4,-0.1,0.7,"The article focuses on US-Swiss trade relations and presents Trump's perspective favorably. While it mentions Swiss officials, the framing leans towards Trump's claims.",ok,3,0.275
gemma2:latest,29139994,0.0,0.0,0.0,0.0,0.95,The article is purely factual and presents information about calendar configurations. There is no discernible political lean.,ok,3,0.0
gemma2:latest,29150791,0.0,0.0,0.0,0.0,0.95,The article presents a variety of cultural events with no discernible political slant. No opinions or viewpoints are expressed.,ok,3,0.0
gemma2:latest,29144178,,,,,,,recovered,3,
gemma2:latest,29148270,0.0,-0.2,0.1,0.0,0.6,"The article presents both Ukrainian and US perspectives on elections in Ukraine. While it mentions pressure from the Trump administration, it also highlights Zelensky's stance and public opinion.",ok,3,-0.025
gemma2:latest,29148433,0.0,0.0,0.0,0.0,0.95,"The article reports on the death of an actor, focusing on his personal qualities and family. There is no political content.",ok,3,0.0
gemma2:latest,29134266,,,,,,,recovered,3,
gemma2:latest,29150974,,,,,,,fallback,3,
gemma2:latest,29148256,0.0,-0.2,-0.3,-0.5,0.7,"The article focuses on a legal case involving an exploited worker, framing it as a social issue. The quoted expert leans left.",ok,3,-0.25
gemma2:latest,28980688,0.0,0.1,0.0,0.0,0.5,The article presents a neutral overview of Swiss businesses in Iraq. It highlights both the opportunities and challenges.,ok,3,0.025
gemma2:latest,29123091,0.0,0.0,0.0,0.0,0.95,The article describes a contest related to the Olympics. There is no clear political leaning present.,ok,3,0.0
gemma2:latest,29142442,0.0,0.0,0.0,0.0,0.8,The article provides a neutral account of the opening ceremony of the Milan Cortina 2026 Winter Olympics.,ok,3,0.0
gemma2:latest,29138340,0.2,-0.1,-0.3,0.2,0.6,"The article focuses on climate policy and presents both sides of the debate. However, it gives more weight to the arguments against the climate fund.",ok,3,6.938893903907228e-18
gemma2:latest,29147331,0.0,0.0,0.0,0.0,0.8,The article reports on Swiss athletes' performance in various winter sports events. There is no discernible political slant.,ok,3,0.0
gemma2:latest,29115321,,,,,,,fallback,3,
gemma2:latest,29147656,0.0,0.0,0.0,0.0,0.7,The article reports on a disaster and government response without clear political slant.,ok,3,0.0
gemma2:latest,29144921,0.0,0.0,0.0,0.0,0.8,The article reports on a historical event with no clear political leanings. Tone is factual and informative.,ok,3,0.0
phi3:mini,29147304,0.0,-0.1,0.0,0.2,0.95,The article maintains a mostly neutral tone with slight leanings towards the left through positive language for Swiss skiers' accomplishments.,ok,3,0.025
phi3:mini,29147162,,,,,,,recovered,3,
phi3:mini,29134931,,,,,,,fallback,3,
phi3:mini,29147820,,,,,,,recovered,3,
phi3:mini,29142365,,,,,0.85,,recovered,3,
phi3:mini,29151828,,,,,,,fallback,3,
phi3:mini,29147062,-0.5,-1.0,-1.0,-0.875,0.9,The article shows a clear left-leaning framing and bias towards the Swiss perspective with negative language used when discussing Trump's policies.,ok,3,-0.84375
phi3:mini,29139994,-0.25,-0.3,-0.15,0.0,0.9,The article uses mostly neutral language with slight left-leaning framing when discussing the calendar system.,ok,3,-0.17500000000000002
phi3:mini,29150791,,,,,,,fallback,3,
phi3:mini,29144178,,,,,,,fallback,3,
phi3:mini,29148270,-1.0,-1.5,-1.2,0.0,0.85,The article seems to lean slightly towards the left due to its focus on Ukrainian perspectives and criticism of external pressures for elections without a ceasefire.,ok,3,-0.925
phi3:mini,29148433,-1.0,-1.0,0.0,-1.0,0.95,The article uses respectful language and focuses on the individual's struggle without a direct political statement or leaning; thus it is slightly left-leaning due to emphasis on faith.,ok,3,-0.75
phi3:mini,29134266,-1.0,-0.8,-1.0,0.0,0.95,The article shows a clear left-leaning bias with negative framing towards US policies and reliance on the EU for defense capabilities. The treatment of subjects is unfavorable to both sides mentioned.,ok,3,-0.7
phi3:mini,29150974,-0.25,-0.3,0.1,0.0,0.85,The article is slightly left-leaning due to its criticism of the media's involvement in legal proceedings but maintains a neutral tone overall.,ok,3,-0.11250000000000002
phi3:mini,29148256,,-1.0,,,,Need more information to accurately assess biases and frame them in JSON format.,recovered,3,-1.0
phi3:mini,28980688,-0.1,-0.2,0.0,-0.3,0.85,The article portrays a cautious optimism towards Swiss business in Iraq with some negative undertones regarding regional instability and investment hesitancy.,ok,3,-0.15000000000000002
phi3:mini,29123091,,,,,0.7,The article appears to lean slightly towards the left with its promotion of a grassroots-style competition and community engagement but maintains a neutral framing overall.,recovered,3,
phi3:mini,29142442,,,,,0.98,The article is slightly left-leaning with a negative bias towards the right but maintains neutrality in treatment and guests' biases.,recovered,3,
phi3:mini,29138340,-1.0,-0.8,-1.0,0.0,0.95,The article portrays a left-leaning perspective on climate policy and skepticism towards the proposed fund for renewable energy investment; it favors established government mechanisms over new initiatives.,ok,3,-0.7
phi3:mini,29147331,,,,,,,recovered,3,
phi3:mini,29115321,,,,,,,fallback,3,
phi3:mini,29147656,-0.2,-0.3,-0.4,-0.1,0.85,The article displays a slight left-leaning bias in its subject matter by emphasizing state aid and victim support without clear right opposition arguments. The framing suggests sympathy towards victims' needs while criticizing the current system’s shortcomings.,ok,3,-0.25
phi3:mini,29144921,-0.3,-0.2,-1.0,0.0,0.85,The article has a slightly left-leaning tone in its framing of the political response and emphasis on social solidarity after disasters. There is clear bias towards portraying right actions post-avalanche with negative views toward any potential cutbacks or failures.,ok,3,-0.375
qwen2.5:3b-instruct,29147304,-0.2,-0.4,-0.5,0.0,1.0,"The article discusses an Olympic super-G event, focusing on Swiss skiers' performances and achievements without overtly showing bias towards either political side.",ok,3,-0.275
qwen2.5:3b-instruct,29147162,-0.2,-0.5,-0.3,0.0,0.8,"The article discusses regulations aimed at reducing textile waste, but also highlights potential negative impacts on charities and the environmental benefits of such measures.",ok,3,-0.25
qwen2.5:3b-instruct,29134931,-0.3,-0.6,-0.5,0.0,0.8,"The article focuses on a disaster and its causes, leaning towards the left with concerns about safety measures and justice.",ok,3,-0.35
qwen2.5:3b-instruct,29147820,-0.3,-0.5,-0.7,0.0,1.0,"The article discusses the increase in disability benefits and proposes measures to support young adults, showing a left-leaning approach towards social welfare reforms.",ok,3,-0.375
qwen2.5:3b-instruct,29142365,-0.2,-0.6,-0.4,0.0,0.85,"The article discusses the bitcoin market, focusing on factors such as forced liquidations and economic uncertainties, leaning towards a left-leaning tone.",ok,3,-0.30000000000000004
qwen2.5:3b-instruct,29151828,-1.0,-1.0,-1.0,-1.0,1.0,"The article heavily favors a regime change in Iran, featuring prominently quotes from prominent Iranian monarchists and supporting statements by President Trump.",ok,3,-1.0
qwen2.5:3b-instruct,29147062,-0.2,-0.6,-0.8,-0.4,1.0,"The article predominantly portrays the U.S.-Swiss trade relationship negatively, focusing on Trump's criticisms and policies without balancing with Swiss perspectives.",ok,3,-0.5
qwen2.5:3b-instruct,29139994,0.0,0.0,0.0,0.0,1.0,The article discusses a mathematical phenomenon related to calendar dates and does not contain any bias or political content.,ok,3,0.0
qwen2.5:3b-instruct,29150791,-0.2,0.0,-0.4,0.0,0.9,The article presents various cultural events and does not favor any particular political stance.,ok,3,-0.15000000000000002
qwen2.5:3b-instruct,29144178,-0.4,-0.6,-0.5,-0.3,0.87,"The article focuses on an incident of animal abuse, highlighting the negligence and lack of vigilance from both farmers and authorities. The tone is largely critical towards the agricultural sector.",ok,3,-0.45
qwen2.5:3b-instruct,29148270,-0.6,-0.8,-0.7,0.0,1.0,"The article focuses heavily on the challenges of holding elections during wartime and downplays any possibility, clearly favoring a left-leaning perspective against Western interference.",ok,3,-0.5249999999999999
qwen2.5:3b-instruct,29148433,0.0,0.0,0.0,0.0,0.9,"The article does not contain any direct political or ideological content and focuses on personal information, hence the bias scores are neutral.",ok,3,0.0
qwen2.5:3b-instruct,29134266,-1.0,-1.0,-1.0,0.0,0.95,"The article focuses on the tensions within NATO and Europe's dependence on the United States, presenting a predominantly left-leaning perspective.",ok,3,-0.75
qwen2.5:3b-instruct,29150974,-1.0,-1.0,-1.0,0.0,0.95,"The article heavily criticizes the attacks and threats against defense lawyers, emphasizing their role in upholding justice and defending fairness in legal proceedings.",ok,3,-0.75
qwen2.5:3b-instruct,29148256,-0.7,-0.8,-0.9,0.0,1.0,"The article highlights the harsh working conditions and exploitation of an individual from a developing country in Switzerland, with a focus on legal challenges and social issues.",ok,3,-0.6
qwen2.5:3b-instruct,28980688,-0.2,-0.4,-0.5,0.0,1.0,"The article highlights economic cooperation between Switzerland and Iraq, with a slightly left-leaning perspective on the role of Swiss companies in Iraqi infrastructure.",ok,3,-0.275
qwen2.5:3b-instruct,29123091,0.0,0.0,0.0,0.0,1.0,The article is purely informational and provides details of a sports lottery without any bias towards left or right.,ok,3,0.0
qwen2.5:3b-instruct,29142442,-0.1,-0.3,0.5,0.0,0.8,"The article is generally neutral in its subject selection and framing, but leans slightly towards the left with respect to treatment of athletes from various countries and guests at the ceremony.",ok,3,0.024999999999999994
qwen2.5:3b-instruct,29138340,-0.3,-0.7,-0.5,0.0,1.0,"The article predominantly presents arguments against the initiative and leans left, with a focus on criticizing its potential negative impacts on future generations.",ok,3,-0.375
qwen2.5:3b-instruct,29147331,-0.2,-0.4,-0.3,0.0,1.0,"The article focuses on individual achievements in various sports, with a slight emphasis on alpine skiing and biathlon.",ok,3,-0.22500000000000003
qwen2.5:3b-instruct,29115321,-1.0,-1.0,-1.0,-1.0,1.0,The article heavily criticizes the United States' influence on Europe and portrays it as a threat to European sovereignty and democracy.,ok,3,-1.0
qwen2.5:3b-instruct,29147656,-0.2,-0.3,-0.4,0.0,1.0,"The article discusses potential improvements in the Swiss compensation system for victims of disasters, leaning slightly towards a more supportive and balanced approach.",ok,3,-0.225
qwen2.5:3b-instruct,29144921,0.0,-0.2,-0.4,0.0,0.8,"The article does not contain any overtly political bias in its topic selection or framing, and it maintains a neutral stance regarding the treatment of both sides. The focus is on historical events and scientific developments related to avalanches.",ok,3,-0.15000000000000002
gemma3:4b,29147304,0.0,0.2,0.7,0.3,0.8,"The article focuses on Swiss skiers' performance at the Olympics, highlighting successes and disappointments. It predominantly celebrates Franjo von Allmen's achievements and contributions to Swiss ski history.",ok,3,0.3
gemma3:4b,29147162,0.2,0.3,0.4,-0.4,0.8,"The article discusses EU regulations on textile waste, framing it as a response to consumer concerns and promoting circular practices. It highlights concerns from a representative of a charity sector, suggesting a critical perspective on the potential impact of the regulations.",ok,3,0.125
gemma3:4b,29134931,0.2,0.3,0.1,0.0,0.85,"The article primarily focuses on a natural disaster and its consequences, with a slight emphasis on the government's response and the complexities of land management. It highlights concerns about past negligence and future prevention efforts.",ok,3,0.15
gemma3:4b,29147820,0.0,0.1,0.2,0.0,0.8,"The article discusses a Swiss government proposal regarding disability benefits and workforce integration, primarily focusing on supporting young adults. It highlights concerns about rising disability claims among young people and proposes measures to address the issue.",ok,3,0.07500000000000001
gemma3:4b,29142365,0.0,-0.3,-0.2,0.0,0.8,"The article discusses a cryptocurrency market downturn, attributing it to market dynamics and investor behavior. It highlights uncertainty surrounding the US economy and its impact on risk assets, without explicitly endorsing a particular political viewpoint.",ok,3,-0.125
gemma3:4b,29151828,0.3,0.2,0.7,0.2,0.8,"The article focuses on calls for regime change in Iran, primarily through the voices of opposition figures and Donald Trump's statements. It leans slightly right due to the promotion of removing the current government and highlighting Trump's interventionist stance.",ok,3,0.35
gemma3:4b,29147062,0.6,0.7,0.4,0.3,0.8,"The article primarily focuses on Donald Trump's perspective and criticisms of the Swiss economy, framing the situation as benefiting from US trade deals. It highlights Trump's statements and US-Switzerland agreements, giving a favorable impression to the US perspective.",ok,3,0.49999999999999994
gemma3:4b,29139994,0.0,0.0,0.0,0.0,0.9,This article discusses calendar conventions and the occurrence of 'perfect Februarys.' It presents factual information about calendar systems and does not express a political viewpoint.,ok,3,0.0
gemma3:4b,29150791,0.0,0.0,0.0,0.0,0.8,"The article presents a diverse range of events and performances, with no clear political leaning. It focuses on cultural and artistic activities across various genres and locations.",ok,3,0.0
gemma3:4b,29144178,0.2,0.3,0.1,0.3,0.7,"The article focuses on a local agricultural incident involving animal neglect, presenting both the farmer's perspective and the authorities' response. It highlights concerns about preventative measures and increased scrutiny within the agricultural sector.",ok,3,0.22499999999999998
gemma3:4b,29148270,0.1,0.2,0.1,-0.3,0.8,"The article presents a balanced view of the situation, acknowledging both Ukrainian and US perspectives regarding elections in Ukraine. It highlights the obstacles to elections while discussing public opinion and Zelensky's popularity.",ok,3,0.02500000000000001
gemma3:4b,29148433,0.0,0.0,0.0,0.0,0.9,The article is a simple obituary for James Van Der Beek. There is no discernible political leaning or framing present.,ok,3,0.0
gemma3:4b,29134266,0.3,0.6,0.7,0.0,0.8,"The article presents a critical perspective on the US-Europe relationship, highlighting concerns about dependence and potential American disinterest in European stability. It leans towards a skeptical view of US intentions and advocates for European autonomy.",ok,3,0.39999999999999997
gemma3:4b,29150974,,,,,,,ok,3,
gemma3:4b,29148256,0.2,0.3,0.6,0.4,0.8,"The article focuses on a case of alleged exploitation, presenting a sympathetic view of the worker's situation and highlighting the legal issues involved. The inclusion of a legal expert's critique adds further weight to the concerns raised.",ok,3,0.375
gemma3:4b,28980688,0.1,0.3,0.4,0.2,0.8,"The article focuses on Swiss-Iraqi economic relations, presenting a cautiously optimistic view of investment opportunities despite geopolitical risks. It highlights Swiss expertise and emphasizes the need for sustainable partnerships.",ok,3,0.25
gemma3:4b,29123091,0.0,0.0,0.0,0.0,0.8,This article is a straightforward announcement of a series of contests and prizes related to sporting events and Swiss locations. There is no discernible political leaning or bias in the content.,ok,3,0.0
gemma3:4b,29142442,0.0,0.1,0.2,0.3,0.8,"The article focuses on the logistical and celebratory aspects of the opening ceremony, presenting a largely neutral view. The inclusion of prominent figures like Meloni and Parmelin, along with international stars, leans slightly towards acknowledging political and cultural significance.",ok,3,0.15000000000000002
gemma3:4b,29138340,0.2,0.3,-0.6,-0.4,0.8,"The article primarily frames the debate as opposing a climate fund, highlighting concerns about debt and ineffective spending. It favors the perspective of those opposing the initiative, particularly Simone de Montmollin, while presenting the proponents' arguments with skepticism.",ok,3,-0.125
gemma3:4b,29147331,0.0,0.0,0.0,0.0,0.8,"The article primarily focuses on Swiss winter sports performance, presenting results from skiing, snowboarding, and biathlon. It offers a neutral account of the athletes' achievements and setbacks without explicitly favoring any political viewpoint.",ok,3,0.0
gemma3:4b,29115321,,,,,,,fallback,3,
gemma3:4b,29147656,0.1,0.2,0.3,0.0,0.8,"The article discusses government support and compensation for victims of a tragic fire, focusing on practical solutions and legal frameworks. It presents a neutral overview of the situation and proposed actions.",ok,3,0.15000000000000002
gemma3:4b,29144921,0.1,0.1,0.1,0.0,0.7,"The article focuses on a natural disaster and its impact, presenting a factual account with some political context. There is no clear leaning in the framing or treatment of the event.",ok,3,0.07500000000000001
llama3.2:latest,29147304,,,,,,L'article présente un ton neutre et ne contient aucune référence politique ou biaisé sur les actions de Franjo von Allmen ou des autres athlètes.,recovered,4,
llama3.2:latest,29147162,0.0,-1.0,-0.5,0.0,0.8,"L'article présente une perspective critique envers les grandes entreprises textiles et les organisations caritatives, ce qui peut suggérer un biais gauche.",ok,4,-0.375
llama3.2:latest,29134931,-1.0,0.0,0.0,0.0,1.0,"L'article présente une analyse critique des politiques de construction et de prévention des catastrophes naturelles en Italie, avec un ton neutre et objectif. Le discours est caractérisé par une attention particulière aux conséquences humaines des événements géologiques.",ok,4,-0.25
llama3.2:latest,29147820,-0.05,0.1,0.02,0.0,0.8,"L'article présente une réforme d'assurance sociale qui vise à soutenir les jeunes adultes en difficulté, ce qui peut être vu comme un geste favorables aux droits des défenseurs des droits de l'homme et aux politiques sociales gauche. Cependant, la mention de mesures pour stabiliser les finances de l'assurance sociale souligne également la nécessité d'une gestion économique responsable, ce qui pourrait être interprété comme une approche plus neutre ou centriste.",ok,4,0.0175
llama3.2:latest,29142365,,,,,,,recovered,4,
llama3.2:latest,29151828,-1.0,0.0,0.0,0.0,0.5,"L'article présente une couverture nettement favorable à l'opposition iranienne et aux mouvements démocratiques, en mettant en avant les appels à la mobilisation et les critiques de la République islamique. La framing du sujet est neutre, mais le traitement des différents acteurs politiques semble privilégier la voix de l'opposition.",ok,4,-0.25
llama3.2:latest,29147062,-1.0,0.0,-0.5,0.0,0.9,"L'article présente une vision positive des relations entre la Suisse et les États-Unis, avec des déclarations de Donald Trump qui soulignent le bénéfice des investissements suisses aux États-Unis. Le ton est cependant neutre, sans attaque ou defence politique évidentes.",ok,4,-0.375
llama3.2:latest,29139994,0.0,0.0,0.0,0.0,1.0,"L'article présente un ton neutre et sans préférence politique, abordant uniquement la description des calendriers. La langue utilisée est formelle et objective, indiquant une absence de bias politique.",ok,4,0.0
llama3.2:latest,29150791,-1.0,0.5,0.2,0.0,0.8,"L'article présente un ton neutre avec une approche équilibrée des divers spectacles et événements présentés, mais y voit un peu plus de valeur dans les marionnettes que dans les autres événements.",ok,4,-0.075
llama3.2:latest,29144178,-0.2,0.0,0.3,0.0,1.0,"L'article présente une analyse objective des faits de maltraitance animale et des réactions des autorités et des agriculteurs. Cependant, les citations d'agriculteurs tels que Loïc Frey et Stéphane Rosselet laissent entendre une certaine sympathie pour l'auteur du crime.",ok,4,0.024999999999999994
llama3.2:latest,29148270,-0.8,-0.3,0.2,-0.1,0.9,"L'article présente une vision plus nuancée de la situation, soulignant les obstacles et les défis face à l'organisation d'un vote en temps de guerre. La mention des opinions divergentes sur le sujet du cessez-le-feu et des garanties de sécurité suggère un approche plus équilibrée.",ok,4,-0.25000000000000006
llama3.2:latest,29148433,0.0,0.0,0.0,0.0,1.0,"The article provides a neutral and respectful tone when discussing James Van Der Beek's passing, with no clear left or right leaning framing. The language used is formal and does not convey any partisan sentiment.",ok,4,0.0
llama3.2:latest,29134266,,,,,,,recovered,4,
llama3.2:latest,29150974,-0.05,-0.2,0.0,0.0,0.8,"L'article présente une vision plus critique de la situation que celle des avocats défendus, mais sans attaque directe contre eux. La framing est légèrement plus négative sur les médias et leurs représentants.",ok,4,-0.0625
llama3.2:latest,29148256,-0.5,-0.1,0.3,-0.2,0.8,"L'article présente une vision critique du système de travail en Suisse et souligne les absences de protection pour les travailleurs immigrés. Le ton est generally neutre, mais avec quelques écho de critique des politiques gouvernementales.",ok,4,-0.125
llama3.2:latest,28980688,,,,,,,recovered,4,
llama3.2:latest,29123091,-0.05,0.0,-0.15,0.0,0.8,"L'article présente un concours de ski et de week-end en hiver sans mentionner explicitement les politiques ou les idéologies des sponsoring, ce qui suggère une approche neutre.",ok,4,-0.05
llama3.2:latest,29142442,,,,,,,recovered,4,
llama3.2:latest,29138340,-0.5,-1.0,0.25,0.0,0.8,"Le texte contient des éléments de framing et de traitement qui suggèrent une certaine préservation de la dynamique politique suisse, ce qui pourrait être interprété comme un favorisant de l'extrême droite, toutefois le sujet évoqué est une question très sensible et politiquement chargée en Suisse, avec des partisans et opposants marqués. La prise de position de la conseillère nationale sur ce sujet est plus favorable à la réforme du système fiscal suisse et à la protection climatique.",ok,4,-0.3125
llama3.2:latest,29147331,0.0,-1.0,-1.0,0.0,0.7,"L'article présente un ton critique et réaliste, mais la représentation des athlètes suisses est limitée.",ok,4,-0.5
llama3.2:latest,29115321,-1.0,-1.0,-1.0,-1.0,1.0,"L'article présente une vision très critique de la politique américaine et sa relation avec l'Europe, ce qui suggère un bias à gauche. Le ton est souvent sarcastique et critique envers les décisions américaines, notamment celles de Donald Trump. Les experts invités sont également présentés comme des critiques de la politique américaine.",ok,4,-1.0
llama3.2:latest,29147656,0.0,-0.25,-0.5,0.0,0.7,"L'article présente un ton neutre sur la situation, mais il met en avant les problèmes de traitement des victimes et les inégalités de droit. La mention d'accords à l'amiable pour éviter les procédures judiciaires peut donner l'impression que le gouvernement favorise la résolution des conflits par voie diplomatique plutôt que de prendre des mesures plus radicales pour répondre aux besoins des victimes.",ok,4,-0.1875
llama3.2:latest,29144921,,,,,,,recovered,4,
gemma2:latest,29147304,0.0,0.0,0.0,0.0,0.9,The article focuses on a sporting event and does not express political opinions or take sides.,ok,4,0.0
gemma2:latest,29147162,0.0,-0.2,0.1,-0.3,0.6,The article presents a largely neutral overview of the EU's new textile waste regulations. There is a slight left-leaning framing due to emphasis on environmental concerns and consumer protection.,ok,4,-0.1
gemma2:latest,29134931,0.0,-0.1,0.0,0.0,0.4,The article focuses on a factual event with little overt political slant. A slight left-leaning framing emerges from the criticism of government inaction and the emphasis on victims' needs.,ok,4,-0.025
gemma2:latest,29147820,0.0,0.0,0.0,0.0,0.7,The article reports on Swiss social security reform with a neutral tone and focus on factual information.,ok,4,0.0
gemma2:latest,29142365,0.0,-0.1,0.0,0.0,0.4,The article reports on market events without explicitly taking a political stance. There's a slight negative framing due to emphasis on investor fear and losses.,ok,4,-0.025
gemma2:latest,29151828,,,,,,,recovered,4,
gemma2:latest,29147062,0.2,0.4,0.3,0.6,0.7,"The article focuses on a trade dispute between the US and Switzerland, framing Trump's actions as beneficial to both countries. The quoted sources are primarily American political figures.",ok,4,0.375
gemma2:latest,29139994,0.0,0.0,0.0,0.0,1.0,The article presents a neutral factual account of the phenomenon of a 'perfect February month' in different calendar systems.,ok,4,0.0
gemma2:latest,29150791,,,,,,,fallback,4,
gemma2:latest,29144178,,,,,,,recovered,4,
gemma2:latest,29148270,-0.1,-0.2,0.0,0.0,0.4,The article presents both sides of the argument regarding elections in Ukraine. It highlights Zelensky's position and the obstacles to holding elections during wartime.,ok,4,-0.07500000000000001
gemma2:latest,29148433,0.0,0.0,0.0,0.0,0.95,The article reports the death of an actor and provides neutral details about his life. No political leanings are evident.,ok,4,0.0
gemma2:latest,29134266,0.4,-0.6,-0.8,0.0,0.7,The article focuses on European concerns regarding US influence and NATO. The framing is critical of US actions while presenting Europe in a more sympathetic light.,ok,4,-0.25
gemma2:latest,29150974,,,,,,,fallback,4,
gemma2:latest,29148256,0.0,-0.2,-0.3,-0.5,0.6,The article focuses on a specific case of alleged worker exploitation. The framing highlights the difficulties faced by migrant workers and the limitations of legal protections.,ok,4,-0.25
gemma2:latest,28980688,0.0,-0.1,0.2,0.1,0.6,The article presents a generally neutral view of the Swiss-Iraqi economic relationship. There is a slight leftward lean due to emphasis on development and infrastructure.,ok,4,0.05
gemma2:latest,29123091,0.0,0.0,0.0,0.0,0.95,The article describes a contest related to the Olympic games. There is no discernible political slant.,ok,4,0.0
gemma2:latest,29142442,0.0,0.0,0.0,0.0,0.8,"The article provides a neutral account of the opening ceremony of the Milan Cortina 2026 Winter Olympics. There are no discernible political leanings in the topic selection, framing, or treatment of individuals.",ok,4,0.0
gemma2:latest,29138340,0.0,-0.2,-0.3,0.0,0.6,The article presents arguments from both sides of the climate fund initiative but gives more space and detail to the opposing viewpoint.,ok,4,-0.125
gemma2:latest,29147331,0.0,0.0,0.0,0.0,0.9,The article reports on Swiss athletes' performance in various winter sports events. There is no discernible political slant.,ok,4,0.0
gemma2:latest,29115321,,,,,,,fallback,4,
gemma2:latest,29147656,0.0,0.0,0.0,0.0,0.75,The article focuses on factual reporting of the fire and subsequent government aid. No clear political leanings are expressed.,ok,4,0.0
gemma2:latest,29144921,0.0,0.0,0.0,0.0,0.8,"The article presents a factual account of the 1951 Swiss avalanches. There is no discernible political leaning in the subject matter, tone, or treatment of sources.",ok,4,0.0
phi3:mini,29147304,,,,,,,recovered,4,
phi3:mini,29147162,0.0,-1.0,-0.5,0.0,0.95,"The article presents a left-leaning perspective by focusing on environmental concerns and criticizing fast fashion practices, but maintains neutrality in discussions with both the industry and charities.",ok,4,-0.375
phi3:mini,29134931,,,,,,The article discusses the negative impact of budget cutbacks and increased tourism on national parks but lacks direct quotes or specific framing from politicians about their stance. There's no clear bias towards a particular treatment within an interview with park visitors either.,recovered,4,
phi3:mini,29147820,,,,,0.9,The article maintains a left-leaning tone by focusing on social support and youth welfare within the AI system without clear rightward advocacy or critique.,recovered,4,
phi3:mini,29142365,,,,,,,recovered,4,
phi3:mini,29151828,,,,,,,fallback,4,
phi3:mini,29147062,-0.5,-1.2,-0.8,-1.4,0.95,The article demonstrates a clear left-leaning bias through its critical tone towards Trump's remarks and policies affecting Switzerland.,ok,4,-0.975
phi3:mini,29139994,-0.0,-0.3,-0.1,0.0,0.95,The subject matter of the article is factual and does not explicitly lean left or right.,ok,4,-0.1
phi3:mini,29150791,,,,,,,fallback,4,
phi3:mini,29144178,,,,,,,fallback,4,
phi3:mini,29148270,-1.0,0.5,0.3,0.0,0.95,"The article appears to have a left-leaning bias due to its critical stance on the delayed elections in Ukraine and focuses more sympathetically on Zelensky's position; however, it maintains political neutrality overall.",ok,4,-0.05
phi3:mini,29148433,-1.0,-1.0,-1.0,0.0,0.95,"The article displays a left-leaning bias through its positive framing and language about James Van Der Beek's passing, without mention of any political views or partisan elements.",ok,4,-0.75
phi3:mini,29134266,-1.0,-1.0,0.8,0.0,0.95,The article has a noticeable left-leaning bias with framing and treatment that is unfavorable to the right. Guest perspectives are not politically charged within this context.,ok,4,-0.3
phi3:mini,29150974,-0.2,-0.1,0.0,0.0,0.95,The article maintains a slightly left-leaning bias due to criticism of the current media climate but does not heavily favor one political side over another in terms of treatment and narrative.,ok,4,-0.07500000000000001
phi3:mini,29148256,,-1.0,-1.0,,,The provided bias scores are based on the content's language and framing rather than explicit political leanings or affiliations.,recovered,4,-1.0
phi3:mini,28980688,0.0,-0.1,0.0,0.0,0.95,The article maintains a neutral tone regarding political bias but leans slightly left with its focus on economic development and multinnerational cooperation.,ok,4,-0.025
phi3:mini,29123091,-1.0,-0.5,-1.0,0.0,0.85,The article overall appears to have a slight left-leaning bias due to the framing and treatment of topics related to sports sponsorship by entities with social or political agendas.,ok,4,-0.625
phi3:mini,29142442,,,,,,,recovered,4,
phi3:mini,29138340,,,,,,,recovered,4,
phi3:mini,29147331,,,,,,,recovered,4,
phi3:mini,29115321,,,,,,,fallback,4,
phi3:mini,29147656,-0.2,-0.3,-0.4,0.0,0.95,The article shows a slight left bias in topic selection and framing with negative treatment of right-leaning policies towards victims' aid; guests are not politically charged.,ok,4,-0.225
phi3:mini,29144921,,-0.1,-0.2,,0.95,Historical natural disasters in Switzerland is a topic that generally does not convey political bias; framing and treatment seem to slightly lean towards national unity without being explicitly politically charged.,recovered,4,-0.15000000000000002
qwen2.5:3b-instruct,29147304,-0.2,-0.3,-0.5,0.0,1.0,The article focuses on a Swiss skier's Olympic success without giving much context or comparison to other athletes.,ok,4,-0.25
qwen2.5:3b-instruct,29147162,-0.1,-0.4,0.6,0.0,0.75,"The article discusses a proposed EU regulation on textile waste but also highlights concerns from NGOs about its potential negative impacts on charities, presenting an uneven treatment of perspectives.",ok,4,0.024999999999999994
qwen2.5:3b-instruct,29134931,-0.4,-0.6,-0.5,0.0,1.0,"The article focuses on the disaster in Niscemi and does not mention any political actors or debates, keeping a neutral tone overall.",ok,4,-0.375
qwen2.5:3b-instruct,29147820,-0.3,-0.5,-0.6,0.0,0.8,"The article presents a balanced view with a slight focus on the benefits for younger adults, but leans more towards the left by mentioning the need to support and assist them in their job integration efforts.",ok,4,-0.35
qwen2.5:3b-instruct,29142365,-0.2,-0.5,-0.6,0.0,1.0,"The article focuses on the negative impacts of Bitcoin's price drop and mentions concerns about potential contagion effects, leaning towards a left-leaning perspective.",ok,4,-0.32499999999999996
qwen2.5:3b-instruct,29151828,-1.0,-1.0,-1.0,-1.0,0.95,The article heavily favors the right and presents an anti-Islamic Republic perspective with support from prominent figures and international leaders.,ok,4,-1.0
qwen2.5:3b-instruct,29147062,-0.2,-0.6,-0.8,-0.5,0.9,"The article is left-leaning in its subject selection and framing, focusing on the trade deficit with Switzerland and Trump's interactions with the Swiss leadership.",ok,4,-0.525
qwen2.5:3b-instruct,29139994,0.0,0.0,0.0,0.0,1.0,The article discusses a mathematical property of the calendar without taking any political stance or mentioning any political actors.,ok,4,0.0
qwen2.5:3b-instruct,29150791,0.0,0.0,0.0,0.0,1.0,"The article covers a variety of topics including music, theater performances, and sports without taking any side or presenting one perspective over another.",ok,4,0.0
qwen2.5:3b-instruct,29144178,-0.2,-0.6,-0.5,0.0,1.0,"The article focuses on a specific incident of animal abuse in rural Switzerland, presenting it as a shocking but not uncommon event. The treatment of the story is largely neutral but leans slightly towards critical perspectives of the agricultural sector and its governance.",ok,4,-0.325
qwen2.5:3b-instruct,29148270,-0.6,-0.7,-1.0,0.0,0.95,"The article heavily focuses on the obstruction of elections in Ukraine due to ongoing warfare, showing a clear left-leaning bias towards critiquing Russia's stance and emphasizing the challenges faced by Ukraine.",ok,4,-0.575
qwen2.5:3b-instruct,29148433,0.0,0.0,0.0,0.0,0.9,The article focuses on a personal loss and does not contain any overt political content or bias.,ok,4,0.0
qwen2.5:3b-instruct,29134266,-0.8,-0.6,-0.7,-1.0,0.95,"The article heavily criticizes the US's influence over Europe and its potential to destabilize the European Union, showing a strong left-leaning bias in both subject and framing.",ok,4,-0.7749999999999999
qwen2.5:3b-instruct,29150974,-1.0,-1.0,-1.0,0.0,0.95,"The article strongly condemns attacks on defense lawyers and calls for calm, reflecting a left-leaning position regarding judicial integrity and the right to defend oneself.",ok,4,-0.75
qwen2.5:3b-instruct,29148256,-0.5,-0.75,-0.625,0.0,1.0,"The article focuses on the exploitation of a foreign worker and highlights the inadequacies in legal protections, indicating left-leaning bias.",ok,4,-0.46875
qwen2.5:3b-instruct,28980688,0.0,-0.25,-0.25,0.0,0.85,"The article presents a balanced view with no clear bias towards left or right, but has slightly tilted framing and treatment in favor of Switzerland and the business ecosystem within Iraq.",ok,4,-0.125
qwen2.5:3b-instruct,29123091,0.0,0.0,0.0,0.0,1.0,The article is purely informational and does not contain any explicit political content or bias.,ok,4,0.0
qwen2.5:3b-instruct,29142442,-0.1,-0.4,0.3,0.0,0.85,"The article focuses on the opening ceremony of the Winter Olympics, presenting a balanced view without leaning towards either political side.",ok,4,-0.05
qwen2.5:3b-instruct,29138340,-0.4,-0.6,-0.7,0.0,1.0,"The article presents a balanced view on the initiative for a climate fund, but leans slightly more towards opposing it due to its framing and treatment of arguments.",ok,4,-0.425
qwen2.5:3b-instruct,29147331,-0.3,-0.4,-0.5,0.0,1.0,"The article focuses more on the biathlon and ski alpine events, which are neutral in terms of politics, but the tone is generally more favorable towards left-leaning sports figures like Toni Sailer and Jean-Claude Killy.",ok,4,-0.3
qwen2.5:3b-instruct,29115321,-1.0,-1.0,-1.0,-1.0,1.0,"The article is highly biased towards the left, criticizing the United States for dismantling its own global order and depicting the European Union as besieged on multiple fronts.",ok,4,-1.0
qwen2.5:3b-instruct,29147656,-0.2,-0.3,-0.4,0.0,1.0,"The article discusses the challenges faced by victims and their families in Switzerland, emphasizing the need for better support systems and agreements to avoid lengthy legal processes.",ok,4,-0.225
qwen2.5:3b-instruct,29144921,0.0,-0.2,-0.4,0.0,0.8,"The article focuses on a historical event and its impact, with no clear political slant in the content itself. The tone is factual and emphasizes the consequences of weather events without taking sides.",ok,4,-0.15000000000000002
gemma3:4b,29147304,0.0,0.2,0.7,0.3,0.8,"The article primarily focuses on athletic performance and achievements, offering a positive framing of Swiss skiers' successes. It highlights individual accomplishments and records, leaning slightly towards celebrating the positive outcomes.",ok,4,0.3
gemma3:4b,29147162,0.2,0.4,0.3,-0.4,0.8,"The article primarily discusses a European Union initiative to address textile waste, framing it as a response to consumer concerns and promoting circular practices. It highlights concerns raised by a critic who fears the burden will fall on charities, indicating a skeptical perspective.",ok,4,0.12500000000000003
gemma3:4b,29134931,0.0,0.2,0.3,0.1,0.8,"The article primarily focuses on the natural disaster and its consequences, with a slight emphasis on the government's response and the need for preventative measures. It highlights concerns about past negligence and the potential for future damage.",ok,4,0.15
gemma3:4b,29147820,0.0,0.1,0.2,0.0,0.8,"The article discusses a Swiss reform of disability insurance, focusing on supporting young adults and stabilizing the AI's finances. It highlights rising disability claims among young people and proposes measures to address this issue.",ok,4,0.07500000000000001
gemma3:4b,29142365,0.0,-0.3,-0.2,0.0,0.8,"The article discusses a significant drop in the price of Bitcoin, attributing it to market dynamics and investor behavior. It highlights concerns about a 'spiral of death' and potential contagion effects, but doesn't explicitly favor a particular political stance.",ok,4,-0.125
gemma3:4b,29151828,0.3,0.2,0.7,0.1,0.8,"The article focuses on calls for regime change in Iran, primarily through the voices of opposition figures and Donald Trump's statements. It leans slightly right due to the support for removing the current leadership and the US calls for intervention.",ok,4,0.325
gemma3:4b,29147062,0.6,0.7,0.3,0.8,0.8,"The article primarily focuses on Donald Trump's perspective and criticisms of the Swiss economy, framing the situation in a way that highlights US influence and Trump's actions. It features Trump heavily and largely presents his justifications for trade policies.",ok,4,0.6
gemma3:4b,29139994,0.0,0.0,0.0,0.0,0.95,"This article discusses the mathematical conditions for a 'perfect February' month, focusing on calendar conventions and historical occurrences. It presents factual information without political commentary.",ok,4,0.0
gemma3:4b,29150791,0.0,0.0,0.0,0.0,0.8,"The article presents a diverse range of cultural and artistic events, lacking a clear political leaning. It details concerts, theatrical performances, and a sporting event, offering a balanced overview of local activities.",ok,4,0.0
gemma3:4b,29144178,0.2,0.3,0.1,0.3,0.7,"The article presents a factual account of animal neglect and subsequent investigation. While it highlights the farmer's remorse and the authorities' response, it leans slightly towards the right through the inclusion of the UDC politician's perspective and the emphasis on increased controls. The overall tone is neutral, focusing on the facts and consequences.",ok,4,0.22499999999999998
gemma3:4b,29148270,0.1,0.2,0.1,-0.3,0.8,"The article presents a balanced view of the situation, acknowledging both Ukrainian and US perspectives regarding elections in Ukraine. It highlights challenges and public opinion regarding holding elections amidst the ongoing conflict.",ok,4,0.02500000000000001
gemma3:4b,29148433,0.0,0.0,0.0,0.0,0.8,The article is a simple obituary. There is no discernible political leaning in the subject matter or framing. The focus is solely on the deceased's life and family.,ok,4,0.0
gemma3:4b,29134266,0.3,0.6,0.7,0.1,0.8,"The article primarily frames the issue of European dependence on the US and advocates for greater European autonomy in defense. It portrays the US as actively seeking to undermine the European Union, exhibiting a right-leaning perspective.",ok,4,0.425
gemma3:4b,29150974,,,,,,,ok,4,
gemma3:4b,29148256,0.2,0.3,0.6,0.4,0.8,"The article focuses on a case of alleged exploitation and highlights legal challenges to a Swiss practice. The framing leans slightly towards criticizing the system and offering a sympathetic perspective on the worker's situation, while the legal expert's comments emphasize the need for stronger protections.",ok,4,0.375
gemma3:4b,28980688,0.1,0.3,0.4,0.2,0.8,"The article presents a generally positive view of Swiss-Iraqi economic relations, highlighting opportunities and Swiss expertise. It acknowledges risks but focuses on potential benefits.",ok,4,0.25
gemma3:4b,29123091,0.0,0.0,0.0,0.0,0.8,This article is a straightforward announcement of a promotional contest with various prizes and rules. It doesn't lean towards any particular political viewpoint or favor any specific group.,ok,4,0.0
gemma3:4b,29142442,0.0,0.1,0.2,0.3,0.8,"The article focuses on the logistical and celebratory aspects of the opening ceremony, with a neutral tone. It highlights the participation of Italian and international figures, including political leaders, contributing to a slightly positive framing.",ok,4,0.15000000000000002
gemma3:4b,29138340,0.2,0.3,-0.6,0.0,0.8,"The article primarily presents arguments against the climate initiative, highlighting concerns about debt and questioning the initiative's effectiveness. It features quotes from figures opposing the initiative and frames the debate as a fiscal and political constraint.",ok,4,-0.024999999999999994
gemma3:4b,29147331,0.0,0.0,0.0,0.0,0.8,The article provides a factual overview of Swiss athletes' performances in various winter sports events at the 2026 Olympics. It focuses on results and notable moments without explicitly leaning towards any political viewpoint.,ok,4,0.0
gemma3:4b,29115321,-0.6,0.7,0.8,0.6,0.8,"The article predominantly frames the situation as a negative one, highlighting US actions as destabilizing and disruptive to the existing international order. It presents a strongly critical view of the US, particularly Trump's actions, and portrays Europe as vulnerable and increasingly reliant on the US.",ok,4,0.375
gemma3:4b,29147656,0.1,0.2,0.3,0.0,0.8,"The article focuses on the response to a tragic event, detailing aid provided by the government and canton. It highlights efforts to find amicable settlements and addresses the needs of victims and their families.",ok,4,0.15000000000000002
gemma3:4b,29144921,0.1,0.1,0.1,0.0,0.7,"The article focuses on a natural disaster and its aftermath, presenting a factual account without overt political commentary. The emphasis on investment and research suggests a pragmatic approach to risk mitigation.",ok,4,0.07500000000000001
