model,article_id,subject_bias,framing_bias,treatment_bias,guests_bias,confidence,comment,status,run,overall_bias
llama3.2:latest,29152239,-1.0,-1.0,-1.0,0.0,0.8,Les citations d'un Palestinien qui a perdu son neveu ainsi que les réactions du Hamas pourraient être interprétées comme étant plus favorables à la cause palestinienne que celle d'Israël.,ok,1,-0.75
llama3.2:latest,29147304,-0.0,1.0,1.0,0.0,1.0,"L'article présente un ton positif et élogieux envers Franjo von Allmen, considérant ses performances comme « parfaitement secondées » et son « moisson historique ». Le langage utilisé est également très appréciatif, avec des expressions telles que « FvA » et « le premier Suisse à s'adjuger le titre olympique en super-G chez les messieurs. »",ok,1,0.5
llama3.2:latest,29147162,-0.1,-0.2,-0.3,-0.5,0.8,"L'article présente une vision globale des impacts environnementaux et sociaux du textile, soulignant les défis liés à la régulation et aux responsabilités transférées sur les organisations caritatives. La déclaration de Mathilde Pousseo, déléguée générale d'Ethique sur l'Etiquette, exprime une critique forte envers cette approche.",ok,1,-0.275
llama3.2:latest,29134931,-0.1,0.2,-0.5,-0.3,0.8,"Les citations de la riveraine et du géologue Rodolfo Carosi ajoutent une touche d'objectivité à l'article, mais les allusions à des problèmes politiques et financiers ne sont pas explicitement évoquées.",ok,1,-0.175
llama3.2:latest,29154335,-0.2,0.1,0.0,-0.05,0.9,"L'article ne présente aucune position politique ou émotionnelle significative, se concentrant principalement sur les faits et les explications techniques de l'évènement.",ok,1,-0.037500000000000006
llama3.2:latest,29153734,,,,,,,fallback,1,
llama3.2:latest,29147820,-0.1,0.0,0.0,0.0,0.8,"L'article présente une réforme de la rente d'invalidité qui vise à soutenir les jeunes adultes et à stabiliser les finances de l'assurance maladie. La tonalité est neutre, mais il y a quelques expressions positives envers les jeunes personnes.",ok,1,-0.025
llama3.2:latest,29142365,-0.2,0.1,0.0,0.0,0.7,"L'article présente une analyse objective des événements financiers, mais les extrêts sont légèrement plus à gauche en raison de la mention du terme « séisme » pour décrire l'impact du bitcoin sur le marché. Le ton reste cependant neutre et informatif.",ok,1,-0.025
llama3.2:latest,29151828,-1.0,0.5,-0.2,-0.3,0.8,"L'article présente une vision généralement favorable à la monarchie et aux mouvements anti-républicains, en particulier avec les citations de Reza Pahlavi et Setareh Ashtari. Cependant, il est important de noter que l'article ne présente pas un point de vue uniforme sur le sujet, mais plutôt une réflexion critique des différentes perspectives.",ok,1,-0.25
llama3.2:latest,29147062,,,,,,,recovered,1,
llama3.2:latest,29139994,0.0,0.0,0.0,0.0,1.0,"L'article présente un ton neutre et objectif, sans aucune mention de parti politique ou d'opinion personnelle. La description des calendriers est claire et objective.",ok,1,0.0
llama3.2:latest,29150791,-0.1,0.0,0.0,0.0,0.9,"L'article présente un ton neutre et ne semble pas avoir de préférence politique, mais certains mots comme “l’étrange voyage“ pourraient indiquer une légère tendance vers la pensée philosophique ou psychologique qui peut être considérée comme plus liée à la gauche. Le fait que le concert de sifflet soit mentionné en premier et que les autres événements soient décrits de manière plus concise pourrait également suggérer une attention particulière pour l’art et la culture, domaines souvent associés à la gauche.",ok,1,-0.025
llama3.2:latest,29152429,,,,,,,fallback,1,
llama3.2:latest,29144178,-0.2,0.0,-0.3,-0.1,0.8,,ok,1,-0.15
llama3.2:latest,29148270,-0.3,-0.1,-0.2,0.0,0.8,"L'article présente une vision relativement neutre de la situation, mais avec des allusions légères à la pression américaine sur l'Ukraine pour organiser des élections avant un cessez-le-feu. La représentation du président Zelensky comme un dirigeant capable et populaire est également notée positivement.",ok,1,-0.15000000000000002
llama3.2:latest,29148433,-1.0,0.0,0.0,0.0,1.0,"L'article présente un ton neutre et objective, en mettant l'accent sur la vie de James Van Der Beek sans prendre position politique. Le langage utilisé est formel et respectueux.",ok,1,-0.25
llama3.2:latest,29134900,,,,,,,fallback,1,
llama3.2:latest,29134266,-0.1,-0.2,-0.4,0.0,0.8,"L'article présente une vision critique des relations entre l'Europe et les États-Unis, soulignant la dépendance de l'Europe envers les États-Unis et les efforts de Trump pour détruire l'Union européenne. La tone est analytique et critique envers les politiques américaines.",ok,1,-0.17500000000000002
llama3.2:latest,29153846,,,,,,,fallback,1,
llama3.2:latest,29143391,-1.0,-0.4,-0.2,-0.6,0.8,"L'article présente une vision généralement critique des liens entre la recherche scientifique et l'armée israélienne, avec une phrase mettant en avant les risques éthiques de la collaboration., La mention des responsabilités des scientifiques est également un point positif pour le sujet.",ok,1,-0.5499999999999999
llama3.2:latest,29150974,-0.05,-0.2,-0.1,0.0,0.8,"L'article présente un ton critique envers les attaques verbales et physiques des avocats, mais sans aller à l'extrême. Le langage utilisé est formel et objective, indiquant une tendance légèrement gauche dans la rédaction.",ok,1,-0.0875
llama3.2:latest,29148256,-0.5,-0.8,-0.2,0.0,0.9,"L'article présente une récit objectif et détaillé du cas de Jonathan Manilo, mais les citations d'experts comme Leila Boussemacer ajoutent un ton critique et critique envers le système suisse de travail, ce qui peut être perçu comme un biais gauche.",ok,1,-0.375
llama3.2:latest,28980688,-0.5,0.2,0.1,0.8,0.7,"La presse suisse semble favoriser un ton optimiste sur le potentiel économique irakien, mais reconnaît également les risques associés à l'implantation des entreprises étrangères.",ok,1,0.15000000000000002
llama3.2:latest,29123091,-0.5,0.0,0.0,0.0,1.0,"Le concours est généralement neutre, mais la mention de 'champion du Monde' et les prix en nature pour les gagnants suggèrent un légèrement plus d'influence à gauche, tandis que le fait qu'il s'agisse d'un concours sportif avec des prix en nature pourrait suggérer une légère influence à droite.",ok,1,-0.125
llama3.2:latest,29142442,-0.1,0.0,-0.2,0.0,0.8,"La cérémonie d'ouverture des Jeux olympiques d'hiver à Milan a été marquée par une grande diversité de cultures et d'artistes, avec un message de paix et d'harmonie. La direction artistique a été confiée à Marco Ballich, qui a réussi à créer une atmosphère festive et inclusive.",ok,1,-0.07500000000000001
llama3.2:latest,29138340,-0.5,-1.0,0.2,0.0,0.8,"La représentation des opposantes et opposants à l'initiative est limitée, ce qui peut contribuer à une vision biaisée du débat.",ok,1,-0.325
llama3.2:latest,29147331,,,,,,,recovered,1,
llama3.2:latest,29115321,-1.0,-1.0,-1.0,-1.0,1.0,"L'article est écrit dans un ton critique, accusant les États-Unis de menacer la stabilité européenne et de déstabiliser le monde en revendiquant l'annexion du Groenland. Les experts cités soutiennent que l'Europe doit prendre des mesures pour se défendre contre ces menaces.",ok,1,-1.0
llama3.2:latest,29147656,-0.1,-0.2,-0.3,-0.5,0.8,"Le langage employé est formel et objectif, ce qui suggère une tentative de maintenir une neutralité dans la reportage.",ok,1,-0.275
llama3.2:latest,29147828,-0.0,-1.0,-0.5,-0.5,0.8,"L'article présente une perspective très critique de la Russie et des soldats russes, en les décrivant comme 'effroyables' et 'bombardant les infrastructures jusqu'à épuisement'. L'auteur utilise également des expressions telles que ""la menace permanente"" pour décrire l'expérience des Européens de l'Est. Cela suggère une orientation politique très favorable à la gauche.",ok,1,-0.5
llama3.2:latest,29144921,-0.05,0.0,0.0,0.0,0.9,"L'article présente un sujet neutre, mais le ton est légèrement sympathique envers les victimes de l'hiver 1951 et les experts qui ont contribué à la lutte contre les avalanches.",ok,1,-0.0125
gemma2:latest,29152239,,,,,,,fallback,1,
gemma2:latest,29147304,0.0,0.0,0.0,0.0,0.95,The article focuses on the performance of Swiss skiers in the Olympics. There is no discernible political slant.,ok,1,0.0
gemma2:latest,29147162,0.0,-0.2,0.1,-0.3,0.6,"The article presents a factual account of the EU's new textile waste ban. While framing leans slightly left due to emphasis on environmental concerns, treatment of both sides is relatively balanced.",ok,1,-0.1
gemma2:latest,29134931,,,,,,,recovered,1,
gemma2:latest,29154335,0.0,0.0,0.0,0.0,0.95,The article reports on a factual event with no clear political leanings. No opinions or partisan viewpoints are expressed.,ok,1,0.0
gemma2:latest,29153734,,,,,,,fallback,1,
gemma2:latest,29147820,0.0,0.0,0.0,0.0,0.7,The article presents a factual account of proposed changes to the Swiss disability insurance system. There is no clear political leaning in the topic or framing.,ok,1,0.0
gemma2:latest,29142365,0.0,-0.2,0.0,0.0,0.5,The article focuses on financial market events and does not express clear political opinions. The framing slightly leans left due to the mention of 'tour de vis monétaire' (tightening monetary policy) which is often associated with left-leaning economic views.,ok,1,-0.05
gemma2:latest,29151828,0.2,0.4,0.3,0.6,0.7,"The article focuses on a pro-monarchy demonstration in Munich with quotes from organizers and participants. Trump's statements are also included, framing him as supportive of regime change.",ok,1,0.375
gemma2:latest,29147062,0.2,0.4,0.1,-0.3,0.6,"The article focuses on a trade dispute between the US and Switzerland, framing it from a perspective that highlights Trump's actions and statements. While not overtly biased against Swiss officials, the tone suggests a more favorable view of Trump's positions.",ok,1,0.10000000000000002
gemma2:latest,29139994,0.0,0.0,0.0,0.0,0.95,The article presents factual information about a calendar phenomenon without expressing political opinions or taking sides.,ok,1,0.0
gemma2:latest,29150791,0.0,0.0,0.0,0.0,0.95,The article presents a variety of cultural events without expressing clear political leanings. The tone is neutral and informative.,ok,1,0.0
gemma2:latest,29152429,,,,,,,fallback,1,
gemma2:latest,29144178,,,,,,,fallback,1,
gemma2:latest,29148270,0.0,-0.1,0.0,0.0,0.4,The article presents both sides of the argument regarding elections in Ukraine. There is a slight negative framing towards the US pressure for elections.,ok,1,-0.025
gemma2:latest,29148433,0.0,0.0,0.0,0.0,0.95,The article is a neutral obituary focusing on the life and career of James Van Der Beek. There are no overt political leanings or biases.,ok,1,0.0
gemma2:latest,29134900,,,,,,,fallback,1,
gemma2:latest,29134266,,,,,,,fallback,1,
gemma2:latest,29153846,,,,,,,fallback,1,
gemma2:latest,29143391,-0.6,-0.8,-0.7,-0.5,0.7,The article focuses on criticisms of Israeli scientific collaboration and quotes a professor critical of the government's policies. The tone is largely negative towards Israel.,ok,1,-0.6499999999999999
gemma2:latest,29150974,0.0,0.0,0.0,0.0,0.8,The article focuses on a statement from lawyers regarding the need for a fair trial and respect for legal processes. It lacks overt political leaning.,ok,1,0.0
gemma2:latest,29148256,0.0,-0.2,-0.3,-0.5,0.6,"The article focuses on a specific case of alleged exploitation, framing it as a problem with Swiss labor laws. Expert quotes lean left.",ok,1,-0.25
gemma2:latest,28980688,,,,,,,fallback,1,
gemma2:latest,29123091,0.0,0.0,0.0,0.0,0.95,The article describes a contest with no clear political leanings. The focus is on the prizes and rules of participation.,ok,1,0.0
gemma2:latest,29142442,0.0,0.0,0.0,0.0,0.95,The article is a neutral report on the opening ceremony of the Milan Cortina 2026 Winter Olympics.,ok,1,0.0
gemma2:latest,29138340,,,,,,,fallback,1,
gemma2:latest,29147331,0.0,0.0,0.0,0.0,0.8,The article reports on Swiss athletes' performance in various Winter Olympics events. No clear political leanings are present.,ok,1,0.0
gemma2:latest,29115321,-0.6,-0.8,-0.7,-0.4,0.9,"The article portrays the US as a destabilizing force in Europe and globally, framing Trump's actions negatively. The quoted experts lean left-leaning.",ok,1,-0.6249999999999999
gemma2:latest,29147656,0.0,0.0,0.0,0.0,0.7,The article focuses on factual reporting of the Swiss government's response to a fire tragedy. No clear political leanings are expressed.,ok,1,0.0
gemma2:latest,29147828,,,,,,,fallback,1,
gemma2:latest,29144921,,,,,,,fallback,1,
phi3:mini,29152239,,,,,,,fallback,1,
phi3:mini,29147304,-1.0,-1.0,0.0,0.0,0.95,The article presents a neutral tone and treatment of all participants without clear bias towards left or right ideologies.,ok,1,-0.5
phi3:mini,29147162,-0.1,-0.2,-0.3,0.0,0.95,The article presents a left-leaning bias by emphasizing the environmental impacts of textile waste and consumer concerns about fast fashion while criticizing potential negative effects on charities if companies pass off unsold items to them.,ok,1,-0.15000000000000002
phi3:mini,29134931,-0.1,-0.2,-0.3,0.0,0.85,The article appears to lean slightly right due to its critical tone towards the lack of proper safety measures and government response but remains fairly neutral overall.,ok,1,-0.15000000000000002
phi3:mini,29154335,,,,,,,fallback,1,
phi3:mini,29153734,,,,,,,fallback,1,
phi3:mini,29147820,-0.1,-0.3,-0.2,0.0,0.95,The article maintains a slight left-leaning bias as it discusses social welfare and inclusivity for young adults with disabilities but avoids overt political rhetoric or favoritism towards one side.,ok,1,-0.15000000000000002
phi3:mini,29142365,-0.8,-1.0,-0.75,0.0,0.9,The article has a clear negative tone towards Bitcoin and the tech industry with left-leaning bias in its language use; it frames cryptocurrency as risky and volatile due to economic uncertainty.,ok,1,-0.6375
phi3:mini,29151828,-1.0,-0.7,-0.5,-1.0,0.8,The article appears to lean left with a focus on democratic protests and opposition in Iran against the Islamic Republic government.,ok,1,-0.8
phi3:mini,29147062,-0.2,-0.3,-0.15,0.0,0.9,The article appears to lean slightly left due to its critical tone towards the Swiss handling of trade negotiations and Trump's policies but remains fairly neutral overall.,ok,1,-0.1625
phi3:mini,29139994,-0.25,0.0,-0.15,0.0,0.95,The article provides factual information about the February perfect month without promoting or favoring a political ideology.,ok,1,-0.1
phi3:mini,29150791,0.0,-0.5,0.0,0.0,1.0,The article appears to be politically neutral with no apparent bias towards left or right perspectives.,ok,1,-0.125
phi3:mini,29152429,,,,,,,fallback,1,
phi3:mini,29144178,-0.2,-0.1,-0.3,0.0,0.95,"The article leans slightly to the left with a focus on animal welfare and agricultural practices; however, it maintains an overall neutral tone without clear bias towards any political ideology or party.",ok,1,-0.15000000000000002
phi3:mini,29148270,-1.0,-0.5,-1.0,0.0,0.95,The article leans left due to its critical tone towards the imposition of a law martiale and Russia's actions in Ukraine but remains fairly neutral overall.,ok,1,-0.625
phi3:mini,29148433,0.0,-1.0,0.0,0.0,1.0,The article is neutral in its subject matter and does not lean politically left or right; it focuses on the life of James Van Der Beek with a touching tone.,ok,1,-0.25
phi3:mini,29134900,,,,,,,fallback,1,
phi3:mini,29134266,,,,,,,fallback,1,
phi3:mini,29153846,,,,,,,fallback,1,
phi3:mini,29143391,-0.75,-1.0,-0.85,-0.9,0.95,The article leans left with a strong bias against right-leaning Israeli politics and policies linked to science funded by Israel.,ok,1,-0.875
phi3:mini,29150974,-0.1,-0.2,0.0,0.0,0.95,The article presents a balanced view of the situation with some left-leaning undertones due to its focus on justice and fairness but does not display strong political bias.,ok,1,-0.07500000000000001
phi3:mini,29148256,-0.5,-1.0,-0.7,0.0,0.9,"The article presents a negative portrayal of the employer's actions and systemic issues in Switzerland regarding work permits for domestic workers from abroad without providing their perspective or defense, indicating left-leaning bias.",ok,1,-0.55
phi3:mini,28980688,,,,,,,fallback,1,
phi3:mini,29123091,0.0,-1.0,-1.0,0.0,0.95,The article seems to lean left due to the focus on inclusivity and equal opportunity for participants in a ski competition with prize money provided by sponsors that are not explicitly mentioned as right-leaning entities.,ok,1,-0.5
phi3:mini,29142442,0.0,-0.1,0.0,0.0,0.95,The article maintains a neutral tone and provides balanced coverage of the Olympic opening ceremony's various elements without evident bias towards left or right perspectives.,ok,1,-0.025
phi3:mini,29138340,-0.2,-0.1,-0.3,0.0,0.95,"The article appears to have a slightly left-leaning bias due to the focus on environmental concerns and criticism of right-wing policies by Simone de Montmollin; however, it maintains political neutrality in its language.",ok,1,-0.15000000000000002
phi3:mini,29147331,-0.1,-0.2,-0.3,0.0,0.95,The article seems to lean slightly towards the right due to its focus on individual achievements and lack of emphasis on collective or social aspects within Swiss sports culture.,ok,1,-0.15000000000000002
phi3:mini,29115321,-1.0,-1.0,-1.0,0.0,0.95,,ok,1,-0.75
phi3:mini,29147656,-0.2,-0.3,-0.4,0.0,0.95,The article presents a balanced view of the Swiss Confederation's response to an unspecified disaster in Crans-Montana with no clear political bias or framing towards left or right perspectives.,ok,1,-0.225
phi3:mini,29147828,-1.0,-1.0,-1.0,-1.0,0.95,The article strongly leans left with a high confidence level; it portrays the harsh realities faced by Ukrainians and Poles during wartime with significant bias towards their suffering.,ok,1,-1.0
phi3:mini,29144921,,,,,,,fallback,1,
qwen2.5:3b-instruct,29152239,-1.0,-1.0,-1.0,0.0,1.0,"The article consistently portrays the Israeli perspective, while Gaza and Hamas are presented as aggressors or victims of aggression.",ok,1,-0.75
qwen2.5:3b-instruct,29147304,-0.5,-0.75,-0.5,0.0,1.0,"The article focuses on a Swiss skier's victory in the super-G event, highlighting his historical achievement and placing emphasis on his success without giving significant attention to other competitors or events.",ok,1,-0.4375
qwen2.5:3b-instruct,29147162,-0.2,-0.4,-0.6,0.0,1.0,"The article discusses EU regulations on textile waste, with a focus on environmental and social impacts, but also mentions concerns from the charity sector. The text is generally neutral in terms of subject matter.",ok,1,-0.30000000000000004
qwen2.5:3b-instruct,29134931,-0.5,-0.75,-0.5,0.0,1.0,"The article focuses on a tragic event in Niscemi, Italy and its aftermath. It highlights the lack of proper risk management and potential negligence by authorities and residents. The author presents this as an example to question current practices.",ok,1,-0.4375
qwen2.5:3b-instruct,29154335,0.0,0.0,0.0,0.0,1.0,The article is purely factual and does not exhibit any bias towards left or right.,ok,1,0.0
qwen2.5:3b-instruct,29153734,-0.25,-0.75,-0.75,0.0,1.0,"The article focuses on regulatory response to a food contamination issue, with negative framing of corporate reactions and treatment bias towards corporations.",ok,1,-0.4375
qwen2.5:3b-instruct,29147820,-0.3,-0.5,-0.6,0.0,1.0,"The article focuses on social welfare reforms, with a slightly left-leaning subject and framing bias towards supporting young adults. Treatment bias leans more to the right as it suggests potential financial stability measures.",ok,1,-0.35
qwen2.5:3b-instruct,29142365,-0.3,-0.7,-0.5,0.0,1.0,"The article focuses on the Bitcoin market and its relation to monetary policy, showing a left-leaning perspective.",ok,1,-0.375
qwen2.5:3b-instruct,29151828,-1.0,-1.0,-1.0,-1.0,0.95,The article heavily favors the left by focusing on calls for regime change in Iran and praising an opposition figure's leadership of a pro-democracy movement.,ok,1,-1.0
qwen2.5:3b-instruct,29147062,-0.4,-0.6,-0.5,-0.3,1.0,"The article predominantly discusses Trump's views on Switzerland and its economic relationship with the US, showing a clear right-leaning perspective.",ok,1,-0.45
qwen2.5:3b-instruct,29139994,0.0,0.0,0.0,0.0,1.0,The article discusses a mathematical property of the calendar without taking any political stance.,ok,1,0.0
qwen2.5:3b-instruct,29150791,-0.4,-0.5,-0.5,0.0,0.9,"The article discusses a variety of events and performances with no clear political bias, but the framing leans slightly towards progressive themes such as mindfulness and cultural exchange.",ok,1,-0.35
qwen2.5:3b-instruct,29152429,-0.5,-0.75,-0.75,0.0,1.0,"The article heavily focuses on the violent confrontation between far-left and far-right groups, presenting a biased perspective that leans to the right.",ok,1,-0.5
qwen2.5:3b-instruct,29144178,-0.4,-0.6,-0.5,0.0,1.0,"The article focuses on recent incidents of animal cruelty and the response from authorities, highlighting left-leaning themes such as negligence and inadequate oversight.",ok,1,-0.375
qwen2.5:3b-instruct,29148270,-1.0,-1.0,-1.0,0.0,0.95,"The article consistently portrays the Ukrainian government's stance on elections during wartime, favoring a left-leaning perspective.",ok,1,-0.75
qwen2.5:3b-instruct,29148433,0.0,0.0,0.0,0.0,1.0,The article discusses the life and career of a television actor without taking any political stance or mentioning any political figures.,ok,1,0.0
qwen2.5:3b-instruct,29134900,-1.0,-1.0,-1.0,0.0,1.0,"The article focuses heavily on the negative conditions and suffering in Gaza, avoiding any positive aspects or perspectives from local sources.",ok,1,-0.75
qwen2.5:3b-instruct,29134266,-1.0,-1.0,-1.0,-1.0,1.0,"The article heavily criticizes the relationship between the United States and Europe, presenting it as a one-sided dependency where American military might is seen as indispensable for European defense.",ok,1,-1.0
qwen2.5:3b-instruct,29153846,-0.5,-0.75,-0.6,0.0,1.0,"The article focuses on issues related to poverty in Switzerland, with a negative framing and treatment bias towards the left.",ok,1,-0.4625
qwen2.5:3b-instruct,29143391,,,,,,,fallback,1,
qwen2.5:3b-instruct,29150974,-0.8,-0.9,-0.9,0.0,1.0,"The article focuses on condemning attacks against defense lawyers and emphasizes the importance of maintaining judicial integrity, which is a left-leaning topic. The tone is strongly critical of those attacking legal professionals.",ok,1,-0.65
qwen2.5:3b-instruct,29148256,-0.5,-0.75,-0.625,0.0,1.0,"The article focuses on a case of labor exploitation and its legal implications, leaning left with strong criticism towards the system's failures in protecting workers.",ok,1,-0.46875
qwen2.5:3b-instruct,28980688,0.0,-0.25,-0.25,0.0,1.0,"The article covers a range of topics including economic partnerships, business opportunities in Iraq, and the political climate affecting these efforts.",ok,1,-0.125
qwen2.5:3b-instruct,29123091,0.0,0.0,0.0,0.0,1.0,"The article is purely informational and does not contain any bias in subject, framing, treatment, or guests.",ok,1,0.0
qwen2.5:3b-instruct,29142442,0.0,-0.1,-0.3,0.0,0.85,"The article presents a balanced overview of the opening ceremony, mentioning both Milan and Cortina d'Ampezzo as sites of the event without favoring one over the other.",ok,1,-0.1
qwen2.5:3b-instruct,29138340,-0.5,-0.75,-0.625,0.0,1.0,"The article heavily favors the left, with a strong negative framing and treatment of right-leaning viewpoints.",ok,1,-0.46875
qwen2.5:3b-instruct,29147331,-0.4,-0.6,-0.7,0.0,1.0,The article focuses on achievements of Swiss athletes in different disciplines and does not present any clear bias towards left or right.,ok,1,-0.425
qwen2.5:3b-instruct,29115321,-1.0,-1.0,-1.0,-1.0,1.0,"The article focuses heavily on European vulnerabilities and the growing influence of the United States, presenting a critical view that is decidedly left-leaning.",ok,1,-1.0
qwen2.5:3b-instruct,29147656,-0.3,-0.6,-0.7,0.0,0.9,"The article discusses the inadequacies of current compensation systems and proposes measures to improve support for victims, leaning slightly left in its recommendations.",ok,1,-0.39999999999999997
qwen2.5:3b-instruct,29147828,-1.0,-1.0,-1.0,0.0,0.95,"The article focuses on the European East's perspective of World War II, highlighting their ongoing threat and suffering in Ukraine.",ok,1,-0.75
qwen2.5:3b-instruct,29144921,-0.2,-0.4,-0.3,0.0,1.0,"The article discusses a historical event without taking sides, focusing on the impact and lessons learned from the avalanche disaster of 1951 in Switzerland.",ok,1,-0.22500000000000003
gemma3:4b,29152239,0.3,-0.6,-0.7,-0.2,0.85,"The article presents a conflict narrative, primarily focusing on Israeli actions and Palestinian casualties, with a framing that leans towards portraying Israel negatively. It highlights Palestinian accounts of civilian deaths and accuses Israel of violating the ceasefire, while presenting Israeli justifications for their actions.",ok,1,-0.3
gemma3:4b,29147304,0.0,0.2,0.7,0.6,0.8,"The article primarily focuses on Swiss ski racers' successes at the Olympics, highlighting Franjo von Allmen's impressive achievements and the team's overall performance. It offers a positive framing of the Swiss team's results and accomplishments.",ok,1,0.375
gemma3:4b,29147162,,,,,,,ok,1,
gemma3:4b,29134931,0.2,0.3,0.1,0.0,0.8,"The article focuses on a natural disaster and governmental response, presenting a neutral overview of the situation. It highlights concerns about preventative measures and potential long-term consequences.",ok,1,0.15
gemma3:4b,29154335,0.0,0.0,0.0,0.0,0.9,This article reports on a natural event – a rockslide – and focuses on the actions taken to address the situation. There is no discernible political leaning or bias in the reporting.,ok,1,0.0
gemma3:4b,29153734,,,,,,,fallback,1,
gemma3:4b,29147820,0.0,0.2,0.3,0.0,0.8,"The article discusses a Swiss reform of disability insurance, focusing on rising claims, particularly among young adults, and measures to address financial stability. It presents a balanced approach, aiming to support integration while stabilizing the AI's finances.",ok,1,0.125
gemma3:4b,29142365,0.2,0.3,0.2,0.0,0.8,"The article focuses on the Bitcoin market decline and the contributing factors, primarily linked to economic uncertainty and investor behavior. It highlights the 'spiral of death' phenomenon and potential contagion effects, presenting a cautious outlook.",ok,1,0.175
gemma3:4b,29151828,0.3,0.6,0.8,0.2,0.7,"The article focuses on calls for regime change in Iran, largely driven by opposition figures and amplified by Donald Trump's rhetoric. It highlights the scale of the protests and the international attention they are receiving, leaning towards a critical view of the Iranian government.",ok,1,0.475
gemma3:4b,29147062,,,,,,,ok,1,
gemma3:4b,29139994,0.0,0.0,0.0,0.0,0.8,"This article discusses calendar patterns and occurrences, presenting factual information about February months. There is no discernible political leaning or bias in the content.",ok,1,0.0
gemma3:4b,29150791,,,,,,,ok,1,
gemma3:4b,29152429,,,,,,,fallback,1,
gemma3:4b,29144178,0.2,0.3,0.1,0.1,0.7,"The article presents a factual account of animal neglect and subsequent investigation, with a focus on the systemic issues and preventative measures. It highlights the farmer's perspective while also incorporating the viewpoints of authorities and agricultural representatives.",ok,1,0.175
gemma3:4b,29148270,0.1,0.0,0.1,0.1,0.8,"The article presents a balanced view of the challenges surrounding elections in Ukraine, citing both US and Ukrainian perspectives. It highlights the obstacles of war and conflicting statements regarding security guarantees.",ok,1,0.07500000000000001
gemma3:4b,29148433,,,,,,,ok,1,
gemma3:4b,29134900,,,,,,,fallback,1,
gemma3:4b,29134266,0.2,0.7,0.6,0.0,0.8,"The article primarily frames the US-Europe relationship as one of dependency and potential conflict, highlighting European skepticism towards American defense guarantees. It leans towards a critical perspective of US foreign policy and emphasizes the need for European autonomy.",ok,1,0.375
gemma3:4b,29153846,,,,,,,ok,1,
gemma3:4b,29143391,0.2,0.6,0.3,0.4,0.8,"The article focuses on concerns about potential links between Swiss universities and Israeli military research, framing the issue as ethical and potentially facilitating war crimes. The Swiss government's cautious stance reflects the sensitivity of the topic and awaits further investigation.",ok,1,0.375
gemma3:4b,29150974,0.1,0.2,0.3,0.0,0.85,"The article expresses concern about attacks on lawyers and the intense media scrutiny surrounding a legal case, advocating for a calm and respectful judicial process. It emphasizes the importance of the legal profession upholding ethical standards and the independence of the judiciary.",ok,1,0.15000000000000002
gemma3:4b,29148256,0.2,0.3,0.7,0.0,0.8,"The article primarily focuses on Jonathan Manilo's exploitation and the legal challenges he faced, presenting a sympathetic view of his situation. It highlights the problematic practices of Swiss employers and advocates for stronger protections for migrant workers.",ok,1,0.3
gemma3:4b,28980688,0.0,0.1,0.3,0.2,0.85,"The article presents a generally positive outlook on Swiss-Iraqi economic relations, highlighting investment opportunities and Swiss expertise. However, it acknowledges significant risks related to regional instability and political challenges.",ok,1,0.15000000000000002
gemma3:4b,29123091,0.0,0.0,0.0,0.0,0.8,This article is a standard contest announcement detailing prize giveaways and rules. There is no discernible political leaning or favoring of any particular group.,ok,1,0.0
gemma3:4b,29142442,0.0,0.1,0.1,0.1,0.8,"The article presents a largely neutral overview of the opening ceremony, highlighting key events and participants. It includes mentions of Italian and Swiss dignitaries, indicating a balanced perspective.",ok,1,0.07500000000000001
gemma3:4b,29138340,0.2,-0.3,-0.4,0.0,0.8,"The article presents arguments from both sides of the climate fund initiative, highlighting concerns about debt and the rigidity of the proposal while acknowledging the need for climate action. It leans slightly against the initiative due to concerns about financing and potential negative impacts.",ok,1,-0.125
gemma3:4b,29147331,0.0,0.0,0.0,0.0,0.8,"The article provides a neutral overview of Swiss performance in several winter sports events, focusing on results and notable occurrences. It highlights successes and setbacks for Swiss athletes across skiing, snowboarding, and biathlon.",ok,1,0.0
gemma3:4b,29115321,-0.6,0.7,-0.8,0.3,0.8,"The article paints a largely negative picture of the US's role in global affairs, framing it as destabilizing and actively seeking to undermine the European Union and its democratic institutions. It highlights concerns about US influence, Russian support for right-wing parties, and a shift towards a more power-based international order.",ok,1,-0.10000000000000002
gemma3:4b,29147656,0.1,0.2,0.3,0.0,0.8,"The article discusses the financial support being provided to victims of the Crans-Montana fire, highlighting the limitations of existing insurance systems and proposing solutions like mediation and federal aid. It focuses on the need for increased support and the actions being taken by the Valais canton.",ok,1,0.15000000000000002
gemma3:4b,29147828,0.8,0.9,0.9,0.0,0.8,"The article heavily focuses on the ongoing conflict in Ukraine, particularly the experiences of those living under Russian bombardment and the lasting trauma of WWII. It presents a stark and critical view of Russia's actions and the profound impact of the war on Ukrainian life.",ok,1,0.65
gemma3:4b,29144921,0.1,0.2,0.3,0.0,0.8,"The article focuses on a natural disaster and its aftermath, with a focus on the need for investment in avalanche protection. It highlights the political response and the long-term efforts to mitigate the risk, presenting a balanced view of the situation.",ok,1,0.15000000000000002
MichelRosselli/apertus:latest,29152239,,,,,,,fallback,1,
MichelRosselli/apertus:latest,29147304,,,,,,,fallback,1,
MichelRosselli/apertus:latest,29147162,,,,,,,fallback,1,
MichelRosselli/apertus:latest,29134931,,,,,,,fallback,1,
MichelRosselli/apertus:latest,29154335,,,,,,,fallback,1,
MichelRosselli/apertus:latest,29153734,,,,,,,fallback,1,
MichelRosselli/apertus:latest,29147820,,,,,,,fallback,1,
MichelRosselli/apertus:latest,29142365,0.0,-1.0,-1.0,0.0,0.75,"This article discusses the recent decline of bitcoin and its impact on other financial markets, such as gold and silver. The tone is neutral, focusing on economic factors rather than political opinions.",ok,1,-0.5
MichelRosselli/apertus:latest,29151828,,,,,,,fallback,1,
MichelRosselli/apertus:latest,29147062,,,,,,,fallback,1,
MichelRosselli/apertus:latest,29139994,,,,,,,fallback,1,
MichelRosselli/apertus:latest,29150791,,,,,,,fallback,1,
MichelRosselli/apertus:latest,29152429,,,,,,,fallback,1,
MichelRosselli/apertus:latest,29144178,,,,,,,fallback,1,
MichelRosselli/apertus:latest,29148270,,,,,,,fallback,1,
MichelRosselli/apertus:latest,29148433,0.0,0.0,0.0,0.0,1.0,"L'article présente la vie et le décès de James Van Der Beek d'une manière neutre, sans inclure aucun avis politique ou position idéologique.",ok,1,0.0
MichelRosselli/apertus:latest,29134900,,,,,,,fallback,1,
MichelRosselli/apertus:latest,29134266,,,,,,,fallback,1,
MichelRosselli/apertus:latest,29153846,,,,,,,fallback,1,
MichelRosselli/apertus:latest,29143391,,,,,,,fallback,1,
MichelRosselli/apertus:latest,29150974,,,,,,,fallback,1,
MichelRosselli/apertus:latest,29148256,,,,,,,fallback,1,
MichelRosselli/apertus:latest,28980688,,,,,,,fallback,1,
MichelRosselli/apertus:latest,29123091,0.0,0.0,0.0,0.0,1.0,"Neutral content without any identifiable political leaning or biases from the mentioned subject, framing, treatment and guest participation.",ok,1,0.0
MichelRosselli/apertus:latest,29142442,,,,,,,fallback,1,
MichelRosselli/apertus:latest,29138340,,,,,,,fallback,1,
MichelRosselli/apertus:latest,29147331,0.0,-1.0,-1.0,0.0,0.75,"L'article traite principalement des performances des athlètes suisses aux Jeux olympiques d'hiver, sans prendre parti ou promouvoir activement une idéologie politique spécifique.",ok,1,-0.5
MichelRosselli/apertus:latest,29115321,,,,,,,fallback,1,
MichelRosselli/apertus:latest,29147656,0.0,-1.0,-1.0,0.0,0.98,"Article treats the incident and its aftermath with a neutral tone, focusing on legal aid and compensation for victims. No clear political or biased voices mentioned in the article.",ok,1,-0.5
MichelRosselli/apertus:latest,29147828,,,,,,,fallback,1,
MichelRosselli/apertus:latest,29144921,,,,,,,fallback,1,
mistral:latest,29147304,0.0,0.0,0.0,0.0,0.95,"The article is neutral and unbiased, focusing on the performance of Swiss ski racers in the Olympics.",ok,1,0.0
mistral:latest,29147162,0.0,0.0,-0.5,0.0,0.8,"The article discusses a European Union regulation aimed at reducing textile waste and its impact on the environment. While it does not explicitly favor any political ideology, it seems to lean slightly against charitable organizations due to concerns about them being overwhelmed with unwanted textiles.",ok,1,-0.125
mistral:latest,29134931,,,,,,,fallback,1,
mistral:latest,29142365,0.0,-1.0,-1.0,0.0,0.9,"The article discusses the decline in Bitcoin's value and its impact on other assets like gold and silver. The framing and treatment of the content is negative towards Bitcoin, suggesting a left-leaning bias.",ok,1,-0.5
mistral:latest,29147062,0.0,-0.5,-0.7,0.0,0.8,"The article discusses a trade dispute between the US and Switzerland, with a negative bias towards the US due to its actions and Trump's statements being portrayed as harmful or unfair.",ok,1,-0.3
mistral:latest,29139994,,,,,,,fallback,1,
mistral:latest,29144178,0.0,-0.5,-0.2,0.0,0.8,"The article reports on a case of animal abuse in Switzerland, focusing on the farmer's neglect and the authorities' response. While it does not explicitly favor either side, the tone leans slightly critical towards the farmer (framing_bias) and seems to express some concern for his situation (treatment_bias).",ok,1,-0.175
mistral:latest,29134900,,,,,,,fallback,1,
mistral:latest,29134266,,,,,,,fallback,1,
mistral:latest,29143391,-1.0,-1.0,-1.0,-1.0,0.95,"The article is biased against Israel and its government, focusing on a protest organized by an academic collective critical of the Israeli government's policies towards Palestine.",ok,1,-1.0
mistral:latest,28980688,0.0,0.0,0.0,0.0,0.9,"The article is neutral and informative about Swiss businesses operating in Iraq, with no clear bias towards any political party or ideology.",ok,1,0.0
mistral:latest,29123091,,,,,,,fallback,1,
mistral:latest,29142442,0.0,0.0,0.0,0.0,0.9,"The article is neutral and unbiased, focusing on the opening ceremony of the Winter Olympics in Milan.",ok,1,0.0
mistral:latest,29138340,,,,,,,fallback,1,
mistral:latest,29115321,,,,,,,fallback,1,
mistral:latest,29144921,,,,,,,fallback,1,
olmo-3:7b,29152239,,,,,,,fallback,1,
olmo-3:7b,29147304,,,,,,,fallback,1,
olmo-3:7b,29147162,,,,,,,fallback,1,
olmo-3:7b,29134931,,,,,,,fallback,1,
olmo-3:7b,29154335,,,,,,,fallback,1,
olmo-3:7b,29153734,,,,,,,fallback,1,
olmo-3:7b,29147820,,,,,,,fallback,1,
olmo-3:7b,29142365,,,,,,,fallback,1,
olmo-3:7b,29151828,,,,,,,fallback,1,
olmo-3:7b,29147062,,,,,,,fallback,1,
olmo-3:7b,29139994,,,,,,,fallback,1,
olmo-3:7b,29150791,,,,,,,fallback,1,
olmo-3:7b,29152429,,,,,,,fallback,1,
olmo-3:7b,29144178,,,,,,,fallback,1,
olmo-3:7b,29148270,,,,,,,fallback,1,
olmo-3:7b,29148433,,,,,,,fallback,1,
olmo-3:7b,29134900,,,,,,,fallback,1,
olmo-3:7b,29134266,,,,,,,fallback,1,
olmo-3:7b,29153846,,,,,,,fallback,1,
olmo-3:7b,29143391,,,,,,,fallback,1,
olmo-3:7b,29150974,,,,,,,fallback,1,
olmo-3:7b,29148256,,,,,,,fallback,1,
olmo-3:7b,28980688,,,,,,,fallback,1,
olmo-3:7b,29123091,,,,,,,fallback,1,
olmo-3:7b,29142442,,,,,,,fallback,1,
olmo-3:7b,29138340,,,,,,,fallback,1,
olmo-3:7b,29147331,,,,,,,fallback,1,
olmo-3:7b,29115321,,,,,,,fallback,1,
olmo-3:7b,29147656,,,,,,,fallback,1,
olmo-3:7b,29147828,,,,,,,fallback,1,
olmo-3:7b,29144921,,,,,,,fallback,1,
llama3.2:latest,29152239,,,,,,,fallback,2,
llama3.2:latest,29147304,-1.0,1.0,1.0,-1.0,1.0,"L'article présente un ton très positif envers Franjo von Allmen, décrivant sa performance comme ""maîtrisée"" et son « moisson historique » comme une réussite. Le langage utilisé est très élogieux et ne souligne aucune critique ou faille de l'athlète.",ok,2,0.0
llama3.2:latest,29147162,-1.0,0.0,0.0,-1.0,0.8,"L'article présente un ton neutral et fournit des statistiques sur les déchets textiles, mais l'opinion d'une déléguée générale du collectif Ethique sur l'Etiquette est citée pour critiquer la régulation. Les citations de personnalités politiquement actives sont absentes.",ok,2,-0.5
llama3.2:latest,29134931,-0.2,0.1,-0.05,0.0,0.8,"L'article présente un ton objectif et inquisatif, questionnant les responsabilités de la ville et du gouvernement italien pour le glissement de terrain. Cependant, certains passages semblent légèrement plus critiques envers le gouvernement que contre l'administration locale.",ok,2,-0.037500000000000006
llama3.2:latest,29154335,,,,,,,fallback,2,
llama3.2:latest,29153734,-0.1,-0.2,0.3,0.1,0.7,"L'article présente un ton neutre, mais la citation du directeur adjoint de l'OSAV semble légèrement plus critique envers les entreprises accusées de réagir trop tardivement. Le contexte généralement positif envers le rôle des autorités dans la garantie de la sécurité alimentaire est également pertinent.",ok,2,0.024999999999999988
llama3.2:latest,29147820,-0.3,0.0,0.0,0.0,0.8,"La réforme prévoit des mesures destinées à soutenir et accompagner davantage les jeunes adultes, ce qui suggère une orientation légèrement gauche envers l'aide aux moins avancés dans la vie professionnelle.",ok,2,-0.075
llama3.2:latest,29142365,-0.4,0.0,-0.0,0.0,0.5,"L'article présente un ton neutre et ne semble pas avoir de préférence pour la gauche ou la droite, mais le sujet du bitcoin et son lien avec l'économie américaine peuvent suggérer une légère orientation à gauche en raison des mentions de 'la tech' et de 'le grand flou sur l'économie américaine'. Les experts cités sont également mentionnés sans spécifier leur orientation politique.",ok,2,-0.1
llama3.2:latest,29151828,-1.0,0.0,-1.0,0.0,0.9,"Le ton de l'article est neutre, mais les citations et les allusions aux mouvements politiques iraniens suggèrent une orientation gauche.",ok,2,-0.5
llama3.2:latest,29147062,-1.0,0.0,0.0,0.0,0.8,"L'article présente une vision très critique des politiques de Donald Trump en matière d'économie et de relations internationales, ce qui suggère un ton libéral ou gauche. Le langage utilisé pour décrire les actions du président américain est souvent négatif, ce qui pourrait indiquer une préférence pour l'information libérale.",ok,2,-0.25
llama3.2:latest,29139994,0.0,0.0,0.0,0.0,1.0,"L'article présente un ton neutre et aborde le sujet de manière objective, sans inclure de préjugés politiques. La langue utilisée est formelle et technique, indiquant une approche équilibrée du sujet.",ok,2,0.0
llama3.2:latest,29150791,-0.3,0.2,0.1,0.0,0.8,"L'article présente un sujet neutre, avec des événements culturels et des concerts. Le ton est léger et sans préjugés politiques évidents.",ok,2,6.938893903907228e-18
llama3.2:latest,29152429,,,,,,,fallback,2,
llama3.2:latest,29144178,-1.0,0.0,-0.5,-0.2,0.8,"L'article présente une approche objective et informative sur le sujet de la maltraitance animale, mais les citations d'experts politiques comme Loïc Frey et Laurent Favre peuvent introduire un ton légèrement partiaux. Le langage utilisé est neutre et ne contient pas d'énoncés sensiblement partiaux.",ok,2,-0.425
llama3.2:latest,29148270,-1.0,-0.3,-0.2,0.0,0.8,"L'article présente une couverture relativement neutre de l'invasion russe de l'Ukraine, mais avec un ton légèrement critique envers les actions du Kremlin et de la Maison Blanche. Le langage utilisé pour décrire les événements est souvent formel et objectif, sans allusions évidentes à une tendance politique particulière.",ok,2,-0.375
llama3.2:latest,29148433,-0.2,0.0,0.0,0.0,1.0,"L'article présente un ton neutre et objective, sans dépendance politique évidente. Le sujet de la mort du comédien James Van Der Beek est traité avec respect et dignité.",ok,2,-0.05
llama3.2:latest,29134900,-1.0,-1.0,-1.0,-1.0,0.9,"L'article présente une narration généralement favorable à la cause palestinienne, avec des témoignages de personnes vivant dans des conditions inhumaines et un manque d'espoir pour l'avenir. Le ton est critiqué envers Israël et son gouvernement, qui est accusé d'être indifférent à la détresse des Gazaouis.",ok,2,-1.0
llama3.2:latest,29134266,-0.2,-0.4,0.1,0.0,0.8,"L'article présente une vision critique de la relation entre l'Europe et les États-Unis, mettant en avant les tensions entre le désir d'autonomie européenne et la dépendance à l'égard des États-Unis. La pensée critique du sujet est positive, mais le ton peut être considéré comme légèrement critique envers les États-Unis.",ok,2,-0.12500000000000003
llama3.2:latest,29153846,,,,,,,fallback,2,
llama3.2:latest,29143391,-0.5,0.0,-0.25,-1.0,0.8,"L'article présente une vision nettement critique de l'armée israélienne et de son lien avec les universités suisses, ce qui indique un traitement favorables à la gauche. Le discours de Julia Steinberger, professeure lausannoise, est également caractérisé par des allusions à des crimes de guerre et à l'importance de l'éthique dans la science, ce qui renforce cette interprétation.",ok,2,-0.4375
llama3.2:latest,29150974,-0.2,1.5,1.0,0.0,0.8,"L'article présente une vision très positive des avocats et de l'institution judiciaire, avec un ton dénonçant les attaques verbales et physiques contre eux. Le langage utilisé est formel et technique, indiquant une approche neutre ou légèrement répressive envers les avocats.",ok,2,0.575
llama3.2:latest,29148256,-0.5,0.2,-0.1,0.8,0.9,"L'article présente une critique de la politique suisse en matière d'immigration et de travail, en soulignant les abus commis contre Jonathan Manilo. La tonalité est préoccupée et critique envers le système juridique suisse.",ok,2,0.1
llama3.2:latest,28980688,-0.1,0.2,0.5,0.6,0.8,"L'article présente une vision generally positive de l'implication économique suisse en Irak, soulignant les opportunités de croissance et la stabilité du pays. Cependant, il met également en évidence les défis géopolitiques et institutionnels qui freinent la confiance des investisseurs.",ok,2,0.3
llama3.2:latest,29123091,-0.5,0.2,0.1,0.0,0.8,Le concours est organisé de manière neutre et ne présente aucune préférence pour la gauche ou la droite. Les conditions de participation sont claires et les règles du jeu sont égales pour tous les participants.,ok,2,-0.049999999999999996
llama3.2:latest,29142442,-0.1,0.2,0.1,0.05,0.8,"La cérémonie d'ouverture des Jeux olympiques d'hiver à Milan a été marquée par une atmosphère de paix et d'harmonie, avec un message de promotion du design italien et de la mode. La direction artistique a été confiée à Marco Ballich, qui a réussi à rassembler des talents internationaux pour cette cérémonie inédite.",ok,2,0.0625
llama3.2:latest,29138340,-0.5,-1.0,-0.8,-0.2,0.9,"L'article présente également des informations sur les oppositions à l'initiative, ainsi que des citations de personnes qui soulignent les risques d'un endettement massif et les incertitudes liées à la mise en œuvre de cette mesure.",ok,2,-0.625
llama3.2:latest,29147331,-0.5,0.0,0.0,0.0,0.8,"L'article présente un ton neutre et ne favorise ni le côté gauche ni le côté droit. La couverture des é Prendre part à la qualification, les résultats de la course sont présentés sans parti pris, mais il est remarqué que les noms des athlètes français et bulgare sont mentionnés avec plus de détails que ceux des autres concurrents.",ok,2,-0.125
llama3.2:latest,29115321,-1.0,-1.0,-1.0,-1.0,1.0,"L'article présente une analyse critique des actions des États-Unis, en particulier celles de Donald Trump, et souligne la menace qu'il représente pour l'Europe et le système international. Les experts cités dans l'article soutiennent que les États-Unis menacent la stabilité politique et économique de l'Europe et que leur basculement historique a un impact majeur sur le reste du monde.",ok,2,-1.0
llama3.2:latest,29147656,-0.2,-0.1,0.0,0.0,0.9,"L'article présente un ton neutre et fournit des informations factuelles sur la situation, sans faire de déclarations partiales ou émotionnelles. Cependant, le langage utilisé pour décrire les conséquences de l'incendie (41 morts et 115 blessés) pourrait être considéré comme légèrement plus dramatique que nécessaire, ce qui pourrait suggérer un léger biais à la gauche dans la manière dont l'événement est présenté.",ok,2,-0.07500000000000001
llama3.2:latest,29147828,-1.0,-1.0,-1.0,0.0,1.0,"La présence de témoignages de survivants et de conséquences humaines détaillées renforce cette perception. Cependant, le manque de diversité dans les sources et l'absence de commentaires contraires signent une lecture très partielle du sujet.",ok,2,-0.75
llama3.2:latest,29144921,-0.5,0.75,0.25,0.0,0.8,"L'article présente un ton neutre, mais la framing bias est légèrement à gauche en soulignant l'importance de la protection contre les avalanches et les conséquences politiques de l'hiver 1951.",ok,2,0.125
gemma2:latest,29152239,,,,,,,fallback,2,
gemma2:latest,29147304,0.0,0.0,0.0,0.0,0.95,The article focuses on ski racing results and does not express political opinions or take sides.,ok,2,0.0
gemma2:latest,29147162,0.0,-0.2,0.1,-0.3,0.6,The article focuses on a factual EU regulation regarding textile waste. There is a slight left-leaning framing due to emphasis on environmental concerns and consumer worries. ,ok,2,-0.1
gemma2:latest,29134931,0.0,0.0,,,0.2,Insufficient information to determine bias.,recovered,2,0.0
gemma2:latest,29154335,,,,,,,fallback,2,
gemma2:latest,29153734,,,,,,,fallback,2,
gemma2:latest,29147820,0.0,0.0,0.0,0.0,0.7,The article presents a factual report on Swiss disability insurance reforms without overt political slant.,ok,2,0.0
gemma2:latest,29142365,0.0,0.0,0.0,0.0,0.7,The article presents a neutral factual account of the Bitcoin price drop and its potential causes. There is no clear political slant in the topic or framing.,ok,2,0.0
gemma2:latest,29151828,0.6,0.8,0.7,0.9,0.8,"The article heavily favors the Iranian opposition and their calls for regime change, framing them as democratic and peaceful while portraying the Iranian government negatively.",ok,2,0.7499999999999999
gemma2:latest,29147062,0.2,0.3,0.1,0.5,0.6,"The article focuses on a trade dispute between the US and Switzerland, with Trump's perspective heavily featured. The framing emphasizes Trump's claims about Swiss economic dependence on the US.",ok,2,0.275
gemma2:latest,29139994,0.0,0.0,0.0,0.0,0.95,The article presents factual information about a calendar phenomenon with no discernible political slant.,ok,2,0.0
gemma2:latest,29150791,0.0,0.0,0.0,0.0,0.95,The article presents a variety of cultural events without expressing any clear political opinions or favoring one side over another.,ok,2,0.0
gemma2:latest,29152429,,,,,,,fallback,2,
gemma2:latest,29144178,,,,,,,recovered,2,
gemma2:latest,29148270,-0.1,0.2,0.0,0.0,0.6,The article presents both sides of the argument regarding elections in Ukraine. It leans slightly right due to emphasis on US pressure and potential loss of security guarantees.,ok,2,0.025
gemma2:latest,29148433,0.0,0.0,0.0,0.0,0.95,The article is a neutral obituary focusing on the career and life of James Van Der Beek. There are no overt political leanings or biases present.,ok,2,0.0
gemma2:latest,29134900,,,,,,,fallback,2,
gemma2:latest,29134266,,,,,,,fallback,2,
gemma2:latest,29153846,,,,,,,fallback,2,
gemma2:latest,29143391,-0.6,-0.8,-0.7,-0.5,0.7,The article focuses on criticism of Israeli military-academic ties and presents the protesters' views prominently. The framing emphasizes ethical concerns about scientific research used for military purposes.,ok,2,-0.6499999999999999
gemma2:latest,29150974,0.0,0.0,0.0,0.0,0.8,The article focuses on a statement from lawyers defending the legal process and upholding justice. It lacks overt political slant.,ok,2,0.0
gemma2:latest,29148256,0.0,-0.2,-0.3,-0.4,0.6,The article focuses on a specific case of alleged exploitation. The tone is sympathetic to the worker's plight and critical of immigration policies.,ok,2,-0.225
gemma2:latest,28980688,,,,,,,fallback,2,
gemma2:latest,29123091,,,,,,,recovered,2,
gemma2:latest,29142442,0.0,0.0,0.0,0.0,0.9,The article provides a neutral and factual account of the opening ceremony of the Milan Cortina 2026 Winter Olympics.,ok,2,0.0
gemma2:latest,29138340,0.2,-0.1,0.3,0.2,0.6,The article presents arguments from both sides of the climate fund initiative but leans slightly right in its framing and treatment of the topic.,ok,2,0.15000000000000002
gemma2:latest,29147331,0.0,0.0,0.0,0.0,0.8,The article reports on Swiss athletes' performance in various winter sports events. No clear political leanings are present.,ok,2,0.0
gemma2:latest,29115321,-0.8,-0.7,-0.6,-0.4,0.8,The article portrays the US as a destabilizing force and casts European leaders in a more sympathetic light. Guests quoted lean left-leaning.,ok,2,-0.625
gemma2:latest,29147656,0.0,0.0,0.0,0.0,0.7,The article reports on government aid and support for victims of a fire in Switzerland. There is no overt political slant.,ok,2,0.0
gemma2:latest,29147828,,,,,,,fallback,2,
gemma2:latest,29144921,,,,,,,fallback,2,
phi3:mini,29152239,,,,,,,fallback,2,
phi3:mini,29147304,-0.1,-0.2,-0.3,0.0,0.95,The article leans slightly left due to the positive portrayal of Franjo von Allmen's achievements and a neutral tone towards guests or invited speakers with no clear political actors mentioned.,ok,2,-0.15000000000000002
phi3:mini,29147162,-0.1,-0.7,-0.2,0.0,0.85,"The article leans slightly left with a negative framing bias due to its focus on environmental and social issues in the textile industry. Treatment of both sides is fairly neutral, but there's concern about charities being burdened by unsold clothing.",ok,2,-0.25
phi3:mini,29134931,-0.2,-0.1,0.0,0.0,0.85,The article presents a factual report on the landslide in Niscemi without clear political bias or leanings and includes both left-leaning (leftist concerns over safety measures) and right-leaning perspectives (economic implications of infrastructure projects). It appears neutral overall.,ok,2,-0.07500000000000001
phi3:mini,29154335,,,,,,,fallback,2,
phi3:mini,29153734,,,,,,,fallback,2,
phi3:mini,29147820,,,-0.5,,0.8,The article discusses the Swiss Invalidity Insurance system with a neutral tone and framing towards political issues of AI.,recovered,2,-0.5
phi3:mini,29142365,-0.6,-1.0,-0.7,0.0,0.95,The article is left-leaning due to its critical view of cryptocurrency and the Federal Reserve's policies.,ok,2,-0.575
phi3:mini,29151828,-0.5,-1.0,-0.7,-0.6,0.9,The article presents a left-leaning perspective on the Iranian protests and opposition to the Islamic Republic with an emphasis on democratic change. The framing suggests dissatisfaction with current political conditions in Iran.,ok,2,-0.7000000000000001
phi3:mini,29147062,-0.2,-1.0,-1.0,-1.0,0.95,"The article heavily frames Donald Trump's views and actions against Switzerland favorably towards the U.S., with a clear left-leaning bias in its framing.",ok,2,-0.8
phi3:mini,29139994,-0.25,-0.3,-0.1,0.0,0.95,The article discusses a calendar-related concept without overt political bias but with slight leanings towards non-English speaking countries' preference for starting the week on Monday.,ok,2,-0.1625
phi3:mini,29150791,-0.5,0.0,0.0,0.0,1.0,The article maintains a neutral tone and does not exhibit apparent political bias in its content or presentation.,ok,2,-0.125
phi3:mini,29152429,,,,,,,fallback,2,
phi3:mini,29144178,,,,,,,fallback,2,
phi3:mini,29148270,-1.0,-0.75,-0.85,0.0,0.9,The article appears to lean left with a focus on the Ukrainian perspective and President Zelensky's statements against election conditions imposed by Russia or threats from the US administration.,ok,2,-0.65
phi3:mini,29148433,-1.0,0.0,0.0,0.0,1.0,The article presents James Van Der Beek's life and career in a neutral tone without any apparent political bias.,ok,2,-0.25
phi3:mini,29134900,,,,,,,fallback,2,
phi3:mini,29134266,,,,,,,fallback,2,
phi3:mini,29153846,,,,,,,fallback,2,
phi3:mini,29143391,,,,,,,fallback,2,
phi3:mini,29150974,-0.5,-1.0,-0.7,0.0,0.95,The article leans slightly left due to its criticism of media and legal professionals' behavior but maintains a neutral tone overall.,ok,2,-0.55
phi3:mini,29148256,-1.0,-1.5,-0.8,0.0,0.95,The article leans left due to its focus on the exploitation and ill-treatment of a worker in Switzerland; it frames this situation negatively towards employers.,ok,2,-0.825
phi3:mini,28980688,,,,,,,fallback,2,
phi3:mini,29123091,0.0,-1.0,0.0,0.0,,The article appears to be neutral and does not display a clear bias towards any political ideology based on the text provided.,ok,2,-0.25
phi3:mini,29142442,-0.1,0.0,-0.05,0.2,0.95,The article appears to be fairly balanced in its coverage of the Olympic opening ceremony with a slight leaning towards left-leaning due to references but not overtly biased.,ok,2,0.012499999999999997
phi3:mini,29138340,-0.5,-0.7,-0.6,0.0,0.9,The article appears to lean left due to its framing and treatment of the climate initiative with skepticism towards funding it through increased debt as suggested by Simone de Montmollin's quotes.,ok,2,-0.44999999999999996
phi3:mini,29147331,-0.1,-0.3,-0.25,0.0,0.8,"The article appears to have a slight left-leaning bias due to the focus on historical achievements and underperformance by Swiss athletes in comparison with others. However, it maintains an overall neutral tone.",ok,2,-0.1625
phi3:mini,29115321,-1.0,-1.0,-0.5,0.0,0.95,,ok,2,-0.625
phi3:mini,29147656,-0.2,-0.3,-0.4,0.0,0.95,The article leans slightly to the left with a focus on victims' needs and criticizes current limitations in disaster scenarios. The framing of seeking amicable agreements for compensation indicates sympathy towards victims but does not clearly favor one political ideology over another.,ok,2,-0.225
phi3:mini,29147828,-0.85,-1.0,-0.9,0.0,0.95,The article heavily leans left with a predominantly negative depiction of Russian aggression and praises for Ukrainian resilience.,ok,2,-0.6875
phi3:mini,29144921,,,,,,,fallback,2,
qwen2.5:3b-instruct,29152239,-1.0,-1.0,-1.0,0.0,1.0,"The article predominantly focuses on the Israeli perspective and critical of their actions, highlighting the Palestinian casualties and grievances.",ok,2,-0.75
qwen2.5:3b-instruct,29147304,0.5,-0.5,-0.5,0.0,1.0,"The article focuses on a Swiss skier's victory in the Super-G event, with no clear bias towards either side of politics.",ok,2,-0.125
qwen2.5:3b-instruct,29147162,-0.4,-0.6,-0.5,0.0,1.0,"The article focuses on environmental and consumer concerns regarding textile waste, presenting a generally left-leaning perspective.",ok,2,-0.375
qwen2.5:3b-instruct,29134931,-0.4,-0.6,-0.5,0.0,1.0,"The article focuses on a disaster caused by natural causes but also highlights the lack of proper safety measures and inadequate government response, leaning towards a more left-leaning perspective.",ok,2,-0.375
qwen2.5:3b-instruct,29154335,0.0,0.0,0.0,0.0,1.0,The article focuses on a natural disaster event and does not show any bias towards the left or right.,ok,2,0.0
qwen2.5:3b-instruct,29153734,-0.2,-0.5,-0.3,0.0,1.0,"The article discusses food safety issues and corporate responsibility, leaning slightly left with a focus on authorities' role in enforcing regulations and holding companies accountable.",ok,2,-0.25
qwen2.5:3b-instruct,29147820,-0.3,-0.7,-0.5,0.0,0.8,"The article focuses on social security reforms and the rise in disability benefits, which leans left by addressing issues of social safety nets and youth employment support.",ok,2,-0.375
qwen2.5:3b-instruct,29142365,-0.4,-0.6,-0.5,0.0,1.0,"The article focuses on the negative impacts of bitcoin's price drop, citing 'liquidation forced' and economic uncertainties as key factors. It also mentions fears of contagion affecting precious metals, leaning left in its subject matter and framing.",ok,2,-0.375
qwen2.5:3b-instruct,29151828,-1.0,-1.0,-1.0,1.0,0.95,"The article heavily emphasizes the opposition to the Iranian regime and supports a democratic transition, featuring voices from both Iran and outside. It leans strongly towards the left with supportive quotes from prominent figures.",ok,2,-0.5
qwen2.5:3b-instruct,29147062,-0.4,-0.6,-0.5,0.0,1.0,"The article focuses on the trade relationship between the US and Switzerland, with a clear negative framing of Swiss President Karin Keller-Sutter and her country's policies.",ok,2,-0.375
qwen2.5:3b-instruct,29139994,0.0,0.0,0.0,0.0,1.0,The article discusses a mathematical and calendrical phenomenon with no apparent political bias.,ok,2,0.0
qwen2.5:3b-instruct,29150791,0.0,0.0,0.0,0.0,1.0,The article covers a variety of subjects without any clear political bias.,ok,2,0.0
qwen2.5:3b-instruct,29152429,,,,,,,fallback,2,
qwen2.5:3b-instruct,29144178,-0.5,-0.75,-0.25,0.0,0.98,"The article focuses on a recent incident of animal abuse and its consequences, highlighting the negligence by farmers and the need for better monitoring and support systems.",ok,2,-0.375
qwen2.5:3b-instruct,29148270,-0.3,-0.7,-0.6,0.0,1.0,"The article focuses on the challenges of holding elections in Ukraine, with a focus on the lack of political will and logistical difficulties rather than presenting an outright bias towards either side.",ok,2,-0.4
qwen2.5:3b-instruct,29148433,0.0,0.0,0.0,0.0,1.0,The article discusses a public figure without taking any stance or presenting biased information towards left or right political views.,ok,2,0.0
qwen2.5:3b-instruct,29134900,-1.0,-1.0,-1.0,0.0,1.0,"The article heavily focuses on the plight of Palestinians in Gaza, providing vivid descriptions and testimonies from individuals affected by the situation. It criticizes Israeli policies and the U.S.-backed plan for Gaza, aligning with a left-leaning perspective.",ok,2,-0.75
qwen2.5:3b-instruct,29134266,-1.0,-1.0,-1.0,-1.0,1.0,"The article heavily criticizes the United States and portrays Europe as lacking self-confidence, focusing on their need to strengthen their own defense mechanisms against American pressure.",ok,2,-1.0
qwen2.5:3b-instruct,29153846,,,,,,,fallback,2,
qwen2.5:3b-instruct,29143391,-1.0,-1.0,-1.0,0.0,0.95,"The article focuses on a left-leaning academic group and their demands regarding scientific collaborations with Israel, showing strong negative framing towards Israel's policies and practices.",ok,2,-0.75
qwen2.5:3b-instruct,29150974,-1.0,-1.0,-1.0,0.0,1.0,"The article focuses on condemning attacks against defense lawyers and calls for a calm environment, clearly leaning left in its subject matter and framing.",ok,2,-0.75
qwen2.5:3b-instruct,29148256,-0.75,-0.85,-0.6,0.0,1.0,"The article focuses on a case of exploitation and illegal working conditions, presenting the victim's perspective without much positive treatment towards the employers or their practices.",ok,2,-0.55
qwen2.5:3b-instruct,28980688,-0.2,-0.4,-0.3,0.5,1.0,"The article discusses economic cooperation between Switzerland and Iraq, highlighting the positive aspects for Swiss businesses without showing a strong bias towards either side.",ok,2,-0.10000000000000003
qwen2.5:3b-instruct,29123091,0.0,0.0,0.0,0.0,1.0,The article is a neutral description of a sports lottery contest without any apparent bias.,ok,2,0.0
qwen2.5:3b-instruct,29142442,0.0,-0.1,-0.3,0.0,0.85,"The article is balanced in its coverage of the Olympic opening ceremony, mentioning both Milan and Cortina d'Ampezzo equally without favoring one location over the other.",ok,2,-0.1
qwen2.5:3b-instruct,29138340,-0.75,-0.75,-0.75,0.25,1.0,"The article predominantly presents a left-leaning perspective, with Simone de Montmollin's arguments being more favorable to the climate initiative and her stance against excessive government spending and indebtedness.",ok,2,-0.5
qwen2.5:3b-instruct,29147331,-0.12,-0.45,-0.38,0.0,1.0,"The article focuses on a Swiss skier's achievements in Alpine skiing, with no significant mention of other sports or athletes from different countries.",ok,2,-0.23750000000000002
qwen2.5:3b-instruct,29115321,-1.0,-1.0,-1.0,-1.0,1.0,"The article heavily focuses on the decline of American influence and the rise of populist movements in Europe, presenting a critical view towards both subjects.",ok,2,-1.0
qwen2.5:3b-instruct,29147656,-0.3,-0.6,-0.7,0.0,0.9,"The article focuses on the need for better support systems and suggests measures to improve the current system, which leans slightly towards the left.",ok,2,-0.39999999999999997
qwen2.5:3b-instruct,29147828,-1.0,-1.0,-1.0,0.0,0.95,"The article focuses on the Soviet perspective of World War II, contrasting it with Western views and highlights the lasting impact in Eastern Europe.",ok,2,-0.75
qwen2.5:3b-instruct,29144921,-0.2,-0.4,-0.3,0.0,0.85,"The article focuses on a natural disaster and its aftermath, with a slight left-leaning framing of the political response to the event.",ok,2,-0.22500000000000003
gemma3:4b,29152239,0.3,-0.6,-0.7,0.0,0.8,"The article presents information from both Israeli and Palestinian sources, but heavily frames the conflict as a violation of a ceasefire by Israel, emphasizing Israeli actions and accusations of targeting civilians. It leans toward a critical perspective of Israel's actions.",ok,2,-0.25
gemma3:4b,29147304,0.0,0.2,0.7,0.6,0.8,"The article primarily focuses on Swiss ski racers' successes at the Olympics, highlighting Franjo von Allmen's multiple titles and achievements. It offers a positive and celebratory tone towards the Swiss team's performance.",ok,2,0.375
gemma3:4b,29147162,0.2,0.4,0.3,-0.2,0.8,"The article primarily frames the issue of textile waste as a problem requiring regulation and increased transparency, aligning with a left-leaning perspective on environmental protection. It highlights the negative impacts of 'fast fashion' and criticizes potential loopholes in the regulations.",ok,2,0.17500000000000004
gemma3:4b,29134931,0.2,0.3,0.1,0.0,0.8,"The article focuses on a natural disaster and governmental response, presenting a neutral overview of the situation. It highlights concerns about preventative measures and potential long-term consequences.",ok,2,0.15
gemma3:4b,29154335,0.0,0.0,0.0,0.0,0.9,This article reports a factual event – a rockslide – with neutral language. There is no discernible political leaning or favoring of any particular side.,ok,2,0.0
gemma3:4b,29153734,,,,,,,fallback,2,
gemma3:4b,29147820,0.0,0.2,0.3,0.0,0.8,"The article discusses a Swiss government proposal to address rising disability insurance claims, particularly among young adults. It focuses on measures to encourage workforce participation and stabilize the insurance fund, presenting a balanced approach.",ok,2,0.125
gemma3:4b,29142365,0.0,0.3,0.2,0.0,0.8,The article discusses a significant drop in Bitcoin's price due to market liquidation and uncertainty surrounding the US economy. It highlights the potential for contagion effects across various asset classes.,ok,2,0.125
gemma3:4b,29151828,0.3,0.6,0.8,0.2,0.7,"The article focuses on calls for regime change in Iran, primarily through the voices of opposition figures and Donald Trump's support. It highlights the mobilization and international attention surrounding the issue, leaning slightly towards a critical perspective of the Iranian government.",ok,2,0.475
gemma3:4b,29147062,0.3,0.7,0.7,0.0,0.85,"The article primarily frames the Swiss-US relationship through a critical lens, highlighting Trump's perspective and emphasizing the benefits the US receives. It also details the contentious negotiations and Trump's justifications for his actions.",ok,2,0.425
gemma3:4b,29139994,0.0,0.0,0.0,0.0,0.8,"This article discusses calendar patterns and occurrences, presenting factual information about leap years and calendar conventions. There is no discernible political leaning or bias in the content.",ok,2,0.0
gemma3:4b,29150791,0.0,0.0,0.0,0.0,0.8,"The article presents a diverse range of cultural and musical events, without a clear political leaning. It highlights concerts, theatrical performances, and sporting events, offering a balanced overview.",ok,2,0.0
gemma3:4b,29152429,,,,,,,fallback,2,
gemma3:4b,29144178,0.2,0.3,0.1,0.1,0.7,"The article presents a factual account of animal neglect, focusing on the circumstances and reactions of those involved. It highlights concerns about oversight and potential systemic issues within the agricultural sector, with a cautious approach to assigning blame.",ok,2,0.175
gemma3:4b,29148270,0.1,0.0,0.0,0.1,0.8,"The article presents a balanced overview of the challenges to holding elections in Ukraine, citing both Ukrainian and US perspectives. It highlights the conditions set by Zelensky for elections and the obstacles posed by the ongoing conflict.",ok,2,0.05
gemma3:4b,29148433,0.0,0.2,0.1,0.0,0.8,"The article is a respectful obituary for James Van Der Beek, focusing on his career and iconic role in 'Dawson's Creek.' It offers a nostalgic and appreciative perspective on his work and public persona.",ok,2,0.07500000000000001
gemma3:4b,29134900,0.7,0.8,0.9,0.2,0.8,"The article overwhelmingly presents a left-leaning perspective, detailing the dire humanitarian situation in Gaza and criticizing Israeli actions. It focuses on the suffering of the population and the lack of international support, highlighting the voices of those directly affected.",ok,2,0.65
gemma3:4b,29134266,0.2,0.7,0.6,0.0,0.8,"The article presents a critical view of the US-Europe relationship, highlighting concerns about American reluctance to defend Europe and a growing skepticism among Europeans. It leans towards a right-leaning perspective by emphasizing European sovereignty and independence from American influence, while acknowledging the psychological challenges of rebuilding trust in democratic institutions.",ok,2,0.375
gemma3:4b,29153846,,,,,,,ok,2,
gemma3:4b,29143391,,,,,,,fallback,2,
gemma3:4b,29150974,0.1,0.2,0.3,0.0,0.85,"The article expresses concern over attacks on lawyers and the intense media scrutiny surrounding a legal case, advocating for a calm and respectful judicial process. It emphasizes the importance of the legal profession upholding ethical standards and the independence of the judiciary.",ok,2,0.15000000000000002
gemma3:4b,29148256,0.3,0.6,0.8,0.2,0.85,"The article primarily focuses on the exploitation of a foreign worker in Switzerland, presenting a sympathetic narrative and highlighting the systemic issues with temporary work permits. It leans slightly right by emphasizing the need for legal protections and the Swiss government's past actions.",ok,2,0.475
gemma3:4b,28980688,0.0,0.2,0.3,0.3,0.8,"The article presents a generally positive view of Swiss investment in Iraq, highlighting opportunities and partnerships. It acknowledges risks but focuses on the potential for economic development.",ok,2,0.2
gemma3:4b,29123091,0.0,0.0,0.0,0.0,0.8,This article is a standard contest announcement detailing prize draws and participation rules. It focuses on logistical details and legal disclaimers rather than any particular political viewpoint.,ok,2,0.0
gemma3:4b,29142442,0.0,0.1,0.1,0.1,0.8,"The article provides a straightforward, factual account of the opening ceremony, highlighting key moments and participants. It includes mentions of Italian and Swiss dignitaries, reflecting a balanced perspective on the event.",ok,2,0.07500000000000001
gemma3:4b,29138340,0.2,-0.3,-0.4,0.0,0.8,"The article presents a cautious approach to climate action, highlighting concerns about funding mechanisms and potential debt burdens. It favors the existing Swiss legal framework and emphasizes targeted, effective measures over a broad, funded initiative.",ok,2,-0.125
gemma3:4b,29147331,0.0,0.0,0.0,0.0,0.8,"The article provides a neutral overview of Swiss performance in several winter sports events, focusing on results and notable occurrences. It highlights successes and setbacks for Swiss athletes across skiing, snowboarding, and biathlon.",ok,2,0.0
gemma3:4b,29115321,-0.6,0.7,-0.8,0.3,0.8,"The article primarily frames the situation as a destabilizing shift driven by US actions, particularly Trump's policies, and paints a negative picture of Europe's vulnerability and dependence on the US. It leans heavily against the US, characterizing their actions as disruptive and aimed at weakening the EU.",ok,2,-0.10000000000000002
gemma3:4b,29147656,0.1,0.2,0.3,0.0,0.8,The article focuses on the aftermath of a tragic event and the support being offered to victims and their families. It highlights the shortcomings of the current system and the efforts to establish alternative solutions like mediation and federal aid.,ok,2,0.15000000000000002
gemma3:4b,29147828,,,,,,,ok,2,
gemma3:4b,29144921,0.1,0.2,0.3,0.0,0.8,"The article focuses on a natural disaster with significant human cost and political consequences, presenting a largely neutral account of the event and its aftermath. The emphasis on investment and research suggests a forward-looking perspective.",ok,2,0.15000000000000002
MichelRosselli/apertus:latest,29152239,,,,,,,fallback,2,
MichelRosselli/apertus:latest,29147304,,,,,,,fallback,2,
MichelRosselli/apertus:latest,29147162,,,,,,,fallback,2,
MichelRosselli/apertus:latest,29134931,0.0,-1.0,0.0,0.0,0.95,"The article focuses on a natural disaster and its aftermath, with an emphasis on safety measures and political reactions. There is no clear left or right leaning in the subject matter itself.",ok,2,-0.25
MichelRosselli/apertus:latest,29154335,,,,,,,fallback,2,
MichelRosselli/apertus:latest,29153734,,,,,,,fallback,2,
MichelRosselli/apertus:latest,29147820,,,,,,,fallback,2,
MichelRosselli/apertus:latest,29142365,0.0,-1.0,-1.0,0.0,0.95,"The article discusses a significant drop in the bitcoin price to its lowest level since April 2025, and the uncertainty caused by Kevin Warsh's appointment as Fed Chair. The tone is critical of high-risk investments and liquidation forced sales, which are perceived as negative developments.",ok,2,-0.5
MichelRosselli/apertus:latest,29151828,,,,,,,fallback,2,
MichelRosselli/apertus:latest,29147062,,,,,,,fallback,2,
MichelRosselli/apertus:latest,29139994,,,,,,,fallback,2,
MichelRosselli/apertus:latest,29150791,,,,,,,fallback,2,
MichelRosselli/apertus:latest,29152429,,,,,,,fallback,2,
MichelRosselli/apertus:latest,29144178,,,,,,,fallback,2,
MichelRosselli/apertus:latest,29148270,,,,,,,fallback,2,
MichelRosselli/apertus:latest,29148433,,,,,,,fallback,2,
MichelRosselli/apertus:latest,29134900,,,,,,,fallback,2,
MichelRosselli/apertus:latest,29134266,-1.0,-1.0,-1.0,0.0,0.75,"L'article critique la dépendance de l'Europe envers les États-Unis, en particulier dans le domaine de la défense et des armes, et souligne le désir américain de détruire l'Union européenne pour négocier bilatéralement avec ses membres. Nicole Gnesotto met en lumière les divisions au sein de l'Europe et insiste sur la nécessité d'autonomie stratégique.",ok,2,-0.75
MichelRosselli/apertus:latest,29153846,,,,,,,fallback,2,
MichelRosselli/apertus:latest,29143391,,,,,,,fallback,2,
MichelRosselli/apertus:latest,29150974,,,,,,,fallback,2,
MichelRosselli/apertus:latest,29148256,,,,,,,fallback,2,
MichelRosselli/apertus:latest,28980688,,,,,,,fallback,2,
MichelRosselli/apertus:latest,29123091,,,,,,,fallback,2,
MichelRosselli/apertus:latest,29142442,,,,,,,fallback,2,
MichelRosselli/apertus:latest,29138340,,,,,,,fallback,2,
MichelRosselli/apertus:latest,29147331,,,,,,,fallback,2,
MichelRosselli/apertus:latest,29115321,,,,,,,fallback,2,
MichelRosselli/apertus:latest,29147656,0.0,-1.0,-0.38,0.0,0.95,"L'article aborde le sujet de l'incendie à Crans-Montana, qui est un événement neutre politiquement. Le ton et la narration sont légèrement négatifs (accord à l'amiable, inégalités de traitement), mais le sujet n'est pas clairement pro-droite ou pro-gauche.",ok,2,-0.345
MichelRosselli/apertus:latest,29147828,,,,,,,fallback,2,
MichelRosselli/apertus:latest,29144921,,,,,,,fallback,2,
olmo-3:7b,29134931,,,,,,,fallback,2,
olmo-3:7b,29144178,,,,,,,fallback,2,
olmo-3:7b,29134900,,,,,,,fallback,2,
olmo-3:7b,29134266,,,,,,,fallback,2,
olmo-3:7b,29143391,,,,,,,fallback,2,
olmo-3:7b,28980688,,,,,,,fallback,2,
olmo-3:7b,29123091,,,,,,,fallback,2,
olmo-3:7b,29142442,,,,,,,fallback,2,
olmo-3:7b,29138340,,,,,,,fallback,2,
olmo-3:7b,29115321,,,,,,,fallback,2,
llama3.2:latest,29152239,,,,,,,fallback,3,
llama3.2:latest,29147304,,,,,,,fallback,3,
llama3.2:latest,29147162,,,,,,,fallback,3,
llama3.2:latest,29134931,-0.2,-0.1,0.1,0.0,0.6,"L'article présente une analyse objective des événements en question, mais peut être influencé par une légère orientation à gauche en raison de la mention de la 'protection civile' et du fait qu'il s'agit d'une procédure contre un individu identifié par le nom 'X'. La crédibilité de l'article est élevée, mais il conviendrait d'être plus précis sur les conséquences attendues du projet de pont pour éviter de donner l'impression que les progrès seraient mal gérés.",ok,3,-0.05000000000000001
llama3.2:latest,29154335,,,,,,,fallback,3,
llama3.2:latest,29153734,-1.0,0.0,-0.5,0.0,0.8,"L'article ne présente aucune perspective ou analyse critique de l'affaire, ce qui peut indiquer une certaine neutralité dans la présentation des faits.",ok,3,-0.375
llama3.2:latest,29147820,-0.3,0.1,0.2,0.0,0.7,"La réforme prévue par le Conseil fédéral tend à soutenir les jeunes adultes en particulier, ce qui peut être considéré comme un aspect favorables aux politiques de gauche. Cependant, la nécessité d'une augmentation des cotisations salariales est une mesure économique neutre.",ok,3,6.938893903907228e-18
llama3.2:latest,29142365,-0.2,-0.1,0.0,0.0,0.7,"L'article présente une vision neutre de la baisse du cours du bitcoin, sans prendre position sur les causes ou les conséquences. Le ton est objectif et informative, avec des citations d'experts pour soutenir les arguments.",ok,3,-0.07500000000000001
llama3.2:latest,29151828,,,,,,,fallback,3,
llama3.2:latest,29147062,,,,,,,fallback,3,
llama3.2:latest,29139994,-0.5,0.0,0.0,0.0,1.0,L'article présente un ton neutre et fournit des informations factuelles sur les calendriers. Il n'y a pas d'analyse politique ou de perspectives partiales,ok,3,-0.125
llama3.2:latest,29150791,-0.1,0.05,0.15,-0.2,0.8,"L'article présente une sélection de sujets variés, dont des concerts, des spectacles et des événements sportifs, sans apparence de préférence politique. Le ton est neutre, avec quelques mentions de valeurs positives telles que le « bonheur » et la « compréhension ». Cependant, les titres des articles (par exemple « Le chemin des métaphores ») et les descriptions des événements semblent favoriser une approche positive et optimiste, ce qui pourrait indiquer un légère préférence pour le bien-être et l'éducation.",ok,3,-0.025000000000000005
llama3.2:latest,29152429,,,,,,,fallback,3,
llama3.2:latest,29144178,,,,,,,fallback,3,
llama3.2:latest,29148270,-0.3,0.4,-0.1,0.2,0.8,"L'article présente un ton neutre sur le sujet de l'invasion russe de l'Ukraine, mais la framing bias est légèrement à droite en soulignant l'importance du cessez-le-feu avant les élections. La treatment bias est très faible, car le président Zelensky est traité de manière similaire aux autres acteurs politiques.",ok,3,0.05000000000000001
llama3.2:latest,29148433,-1.0,-0.5,0.0,0.0,0.8,"L'article présente un ton émotionnel et sympathique, sans indiquer une préférence politique. Le sujet de la mort d'un personnage public est traité avec respect et dignité.",ok,3,-0.375
llama3.2:latest,29134900,,,,,,,fallback,3,
llama3.2:latest,29134266,-0.2,-1.4,-0.8,0.0,0.9,"L'article présente une vision critique de la relation entre l'Europe et les États-Unis, soulignant les déséquilibres du partage des défenses et les intentions américaines pour détruire l'Union européenne.",ok,3,-0.6
llama3.2:latest,29153846,,,,,,,fallback,3,
llama3.2:latest,29143391,-1.0,-0.2,0.0,-0.8,0.9,"L'article présente une vision globalement critique du collectif qui demande des investigations sur les liens entre l'armée israélienne et les universités suisses. La professeure Julia Steinberger est citée pour souligner l'importance de la responsabilité éthique dans la recherche. Les données ne permettent pas d'identifier une forte tendance à la biais politique, mais le ton de l'article suggère un léger équilibre en faveur des positions de gauche.",ok,3,-0.5
llama3.2:latest,29150974,-1.0,-0.3,-0.2,0.0,0.8,"L'article présente une claire position de défense des avocats et critique les attaques verbales et physiques contre eux, indiquant un traitement favorables aux avocats.",ok,3,-0.375
llama3.2:latest,29148256,-1.0,-0.3,0.0,0.2,0.9,"L'article présente une critique à l'égard de la politique suisse visant les travailleurs migrateurs, soulignant les risques d'exploitation et les limites des protection offertes. Le ton est plutôt critique envers le gouvernement suisse pour son approche, mais sans être extrêmement accusateur. Les citations de juristes et de défenseurs des droits de l’homme ajoutent une couche d’objectivité au discours.",ok,3,-0.275
llama3.2:latest,28980688,,,,,,,fallback,3,
llama3.2:latest,29123091,,,,,,,fallback,3,
llama3.2:latest,29142442,-0.1,0.05,0.01,0.02,0.8,"La cérémonie d'ouverture des Jeux olympiques d'hiver à Milan a été une émission de plus en plus pacifique et apaisante, avec un message de paix et d'harmonie qui a réuni les athlètes et les publics. La présence de plusieurs personnalités du monde de la mode et de la musique a ajouté à cette ambiance conviviale.",ok,3,-0.005
llama3.2:latest,29138340,,,,,,,fallback,3,
llama3.2:latest,29147331,-0.1,0.0,0.0,0.0,0.8,"L'article présente un ton neutre et ne semble pas avoir de préférence pour une partie des sports décrits, mais le fait que les résultats soient relayés sans mention des raisons de ceux-ci (chute d'un athlète) donne à penser un légère orientation vers la droite.",ok,3,-0.025
llama3.2:latest,29115321,,,,,,,fallback,3,
llama3.2:latest,29147656,-0.2,-0.1,0.3,0.0,0.8,"L'article présente un ton neutre et objectif, mais les faits et les chiffres mentionnés suggèrent une attention plus grande accordée aux victimes et à leurs familles, ce qui peut indiquer une légère préférence pour le point de vue gauche. Le sujet du soutien financier et des indemnités pour les victimes est également traité de manière neutre, mais sans évoquer explicitement les implications politiques ou sociales.",ok,3,-1.3877787807814457e-17
llama3.2:latest,29147828,,,,,,,fallback,3,
llama3.2:latest,29144921,,,,,,,fallback,3,
gemma2:latest,29152239,,,,,,,fallback,3,
gemma2:latest,29147304,0.0,0.0,0.0,0.0,0.95,The article focuses on sports results and lacks overt political commentary or framing.,ok,3,0.0
gemma2:latest,29147162,,,,,,,fallback,3,
gemma2:latest,29134931,,,,,,,fallback,3,
gemma2:latest,29154335,,,,,,,fallback,3,
gemma2:latest,29153734,,,,,,,fallback,3,
gemma2:latest,29147820,,,,,,,fallback,3,
gemma2:latest,29142365,,,,,,,fallback,3,
gemma2:latest,29151828,,,,,,,fallback,3,
gemma2:latest,29147062,,,,,,,fallback,3,
gemma2:latest,29139994,,,,,,,fallback,3,
gemma2:latest,29150791,,,,,,,fallback,3,
gemma2:latest,29152429,,,,,,,fallback,3,
gemma2:latest,29144178,,,,,,,fallback,3,
gemma2:latest,29148270,,,,,,,fallback,3,
gemma2:latest,29148433,,,,,,,fallback,3,
gemma2:latest,29134900,,,,,0.0,,recovered,3,
gemma2:latest,29134266,,,,,,,fallback,3,
gemma2:latest,29153846,,,,,,,fallback,3,
gemma2:latest,29143391,,,,,,,fallback,3,
gemma2:latest,29150974,0.0,0.0,0.0,0.0,0.7,The article focuses on a statement from lawyers defending the integrity of the justice system. It does not take sides in any political debate.,ok,3,0.0
gemma2:latest,29148256,,,,,,,fallback,3,
gemma2:latest,28980688,,,,,,,fallback,3,
gemma2:latest,29123091,,,,,,,fallback,3,
gemma2:latest,29142442,,,,,,,fallback,3,
gemma2:latest,29138340,,,,,,,fallback,3,
gemma2:latest,29147331,,,,,,,fallback,3,
gemma2:latest,29115321,,,,,,,fallback,3,
gemma2:latest,29147656,,,,,,,fallback,3,
gemma2:latest,29147828,-0.2,-0.3,-0.1,0.0,0.6,"The article focuses on the Ukrainian perspective of the conflict, highlighting their historical experience with war and suffering. The tone is somber and critical of Russia's actions.",ok,3,-0.15
gemma2:latest,29144921,,,,,,,fallback,3,
phi3:mini,29152239,,,,,,,fallback,3,
phi3:mini,29147304,,,,,,,fallback,3,
phi3:mini,29147162,,,,,,,fallback,3,
phi3:mini,29134931,,,,,,,fallback,3,
phi3:mini,29154335,,,,,,,fallback,3,
phi3:mini,29153734,,,,,,,fallback,3,
phi3:mini,29147820,-0.1,-0.15,-0.2,0.0,0.9,"The article seems to lean slightly left with a focus on social support measures for disabled and young adults; however, the framing also indicates fiscal responsibility by preventing additional financing.",ok,3,-0.1125
phi3:mini,29142365,-0.5,-0.7,-1.0,-1.0,0.8,The article is significantly left-leaning in its viewpoint about Bitcoin's decline due to concerns over the US economy and investor behavior towards tech assets being seen negatively; guests or references not specified.,ok,3,-0.8
phi3:mini,29151828,,,,,,,fallback,3,
phi3:mini,29147062,,,,,,,fallback,3,
phi3:mini,29139994,,,,,,,fallback,3,
phi3:mini,29150791,,,,,,,fallback,3,
phi3:mini,29152429,,,,,,,fallback,3,
phi3:mini,29144178,,,,,,,fallback,3,
phi3:mini,29148270,,,,,,,fallback,3,
phi3:mini,29148433,,,,,,,fallback,3,
phi3:mini,29134900,,,,,,,fallback,3,
phi3:mini,29134266,,,,,,,fallback,3,
phi3:mini,29153846,,,,,,,fallback,3,
phi3:mini,29143391,,,,,,,fallback,3,
phi3:mini,29150974,,,,,,,fallback,3,
phi3:mini,29148256,,,,,,,fallback,3,
phi3:mini,28980688,-0.15,0.25,0.05,0.1,0.98,"The article provides a balanced overview of Swiss business in Iraq with some leanings towards stability and quality that could slightly appeal to left-leaning readers due to the positive aspects on economic development. However, there is no strong political bias detected.",ok,3,0.0625
phi3:mini,29123091,,,,,,,fallback,3,
phi3:mini,29142442,,,,,,,fallback,3,
phi3:mini,29138340,,,,,,,fallback,3,
phi3:mini,29147331,,,,,,,fallback,3,
phi3:mini,29115321,,,,,,,fallback,3,
phi3:mini,29147656,,,,,,,fallback,3,
phi3:mini,29147828,,,,,,,fallback,3,
phi3:mini,29144921,,,,,,,fallback,3,
qwen2.5:3b-instruct,29152239,-1.0,-1.0,-1.0,0.0,1.0,"The article focuses heavily on Hamas and the Palestinian perspective, criticizing Israeli actions in Gaza. It does not feature any right-leaning voices or arguments.",ok,3,-0.75
qwen2.5:3b-instruct,29147304,0.5,-1.0,0.5,0.0,0.8,"The article focuses on the Swiss skiers and their achievements, with a slight left-leaning framing due to the emphasis on an underdog performance that led to success.",ok,3,0.0
qwen2.5:3b-instruct,29147162,,,,,,,fallback,3,
qwen2.5:3b-instruct,29134931,,,,,,,fallback,3,
qwen2.5:3b-instruct,29154335,0.0,0.0,0.0,0.0,1.0,"The article is purely factual and does not exhibit any bias in subject, framing, treatment or guests.",ok,3,0.0
qwen2.5:3b-instruct,29153734,-0.3,-0.6,-0.5,0.0,1.0,"The article focuses on regulatory response to a food safety incident and treats the industry's reaction negatively, leaning towards a left-leaning bias.",ok,3,-0.35
qwen2.5:3b-instruct,29147820,-0.5,-0.3,-0.6,0.0,1.0,"The article discusses measures to support and integrate young adults, with a focus on their unique challenges and potential solutions.",ok,3,-0.35
qwen2.5:3b-instruct,29142365,-0.4,-0.6,-0.5,0.0,1.0,"The article focuses on the negative impacts of bitcoin market drops, highlighting economic uncertainties and liquidity issues. It leans towards a left-leaning bias with potential implications for other asset classes.",ok,3,-0.375
qwen2.5:3b-instruct,29151828,-1.0,-1.0,-1.0,0.0,0.95,"The article heavily emphasizes the opposition to the Iranian regime and calls for its overthrow, featuring prominent figures such as Reza Pahlavi.",ok,3,-0.75
qwen2.5:3b-instruct,29147062,,,,,,,fallback,3,
qwen2.5:3b-instruct,29139994,0.0,0.0,0.0,0.0,1.0,The article is purely informational and does not contain any political bias.,ok,3,0.0
qwen2.5:3b-instruct,29150791,-0.4,-0.5,-0.5,0.0,0.9,"The article focuses on diverse cultural and artistic events, with a slight tilt towards progressive/alternative topics such as improv theater, music from Japanese anime, and siffle performances, without favoring either political perspective.",ok,3,-0.35
qwen2.5:3b-instruct,29152429,-0.5,-0.75,-0.67,1.0,0.92,"The article primarily focuses on political reactions to an incident, with a clear left-leaning framing and treatment bias towards the extreme left. Quoted speakers are predominantly from the right.",ok,3,-0.22999999999999998
qwen2.5:3b-instruct,29144178,-0.25,-0.75,-0.5,0.0,1.0,"The article focuses on two cases of animal neglect, presenting a generally critical tone towards the agricultural sector.",ok,3,-0.375
qwen2.5:3b-instruct,29148270,-0.6,-0.8,-0.5,0.0,1.0,"The article heavily focuses on the obstacles and challenges faced by Ukraine in organizing elections under ongoing war conditions, leaning significantly towards a left-leaning perspective.",ok,3,-0.475
qwen2.5:3b-instruct,29148433,0.0,0.0,0.0,0.0,1.0,The article does not contain any political content or bias related information.,ok,3,0.0
qwen2.5:3b-instruct,29134900,,,,,,,fallback,3,
qwen2.5:3b-instruct,29134266,-1.0,-1.0,-1.0,-1.0,1.0,The article focuses heavily on European skepticism towards US military support and presents the issue from a left-leaning perspective.,ok,3,-1.0
qwen2.5:3b-instruct,29153846,-0.6,-0.7,-0.5,0.0,1.0,"The article focuses on the issue of poverty in Switzerland, presenting data and statistics that clearly lean left. The framing is also negative towards the government's handling of these issues.",ok,3,-0.44999999999999996
qwen2.5:3b-instruct,29143391,-1.0,-1.0,-1.0,1.0,1.0,"The article focuses on a left-leaning activist group and their demands, with prominent quotes from a left-leaning academic. The tone is also critical of right-wing Israeli policies.",ok,3,-0.5
qwen2.5:3b-instruct,29150974,-0.8,-0.6,-0.75,0.0,1.0,"The article focuses on the criticism of verbal and physical attacks against defense lawyers, emphasizing the need for judicial integrity and reiterating the importance of legal representation and fair trials.",ok,3,-0.5375
qwen2.5:3b-instruct,29148256,-0.5,-0.75,-0.5,0.0,1.0,"The article predominantly discusses the exploitation of foreign workers and their difficult situations, leaning towards a left-leaning perspective.",ok,3,-0.4375
qwen2.5:3b-instruct,28980688,0.0,-0.4,-0.2,0.6,1.0,"The article discusses economic relations between Switzerland and Iraq, with a neutral subject bias. The framing is slightly tilted towards the right (e.g., focusing on business opportunities), but the treatment of both sides is balanced. Quoted voices are generally more favorable to Switzerland.",ok,3,-2.7755575615628914e-17
qwen2.5:3b-instruct,29123091,0.0,0.0,0.0,0.0,1.0,The article is purely informational and does not contain any overtly biased framing or treatment of political issues.,ok,3,0.0
qwen2.5:3b-instruct,29142442,0.0,0.0,0.0,0.0,1.0,"The article provides balanced coverage of the opening ceremony, focusing on its diverse locations and cultural elements without showing any clear bias towards left or right.",ok,3,0.0
qwen2.5:3b-instruct,29138340,,,,,,,fallback,3,
qwen2.5:3b-instruct,29147331,-0.4,-0.6,-0.5,-0.3,1.0,"The article focuses mainly on ski alpine events, with only brief mentions of snowboarding and biathlon. The tone is neutral but somewhat biased towards the achievements of European athletes.",ok,3,-0.45
qwen2.5:3b-instruct,29115321,,,,,,,fallback,3,
qwen2.5:3b-instruct,29147656,-0.6,-0.7,-0.8,0.0,0.95,"The article focuses on current policies and their inadequacies, proposing new measures to address the issue in a left-leaning manner.",ok,3,-0.5249999999999999
qwen2.5:3b-instruct,29147828,-1.0,-1.0,-1.0,0.0,0.95,"The article focuses on the Eastern European perspective of World War II, emphasizing their continuous struggle and suffering, showing a left-leaning bias.",ok,3,-0.75
qwen2.5:3b-instruct,29144921,,,,,,,fallback,3,
gemma3:4b,29152239,,,,,,,fallback,3,
gemma3:4b,29147304,,,,,,,fallback,3,
gemma3:4b,29147162,,,,,,,fallback,3,
gemma3:4b,29134931,,,,,,,fallback,3,
gemma3:4b,29154335,0.0,0.0,0.0,0.0,0.9,This article reports on a natural event – a rockslide – and focuses on the technical response. There is no discernible political slant or preference for one side over another.,ok,3,0.0
gemma3:4b,29153734,0.2,0.3,-0.4,0.0,0.8,"The article focuses on a food safety issue and the response of companies, leaning slightly towards a critical perspective on the delayed reactions. The official's statements emphasize the need for immediate action and accountability, suggesting a cautious approach to consumer safety.",ok,3,0.024999999999999994
gemma3:4b,29147820,0.0,0.2,0.3,0.0,0.8,"The article discusses a Swiss government proposal to address rising disability insurance claims, particularly among young adults. It highlights measures for workforce integration and financial stability within the AI (assurance-invalidité) system.",ok,3,0.125
gemma3:4b,29142365,,,,,,,fallback,3,
gemma3:4b,29151828,0.3,0.6,0.7,0.2,0.8,"The article focuses on calls for regime change in Iran, primarily through the voices of opposition figures and Donald Trump's support, leaning towards a critical perspective of the Iranian government. It highlights the mobilization and international attention surrounding the protests.",ok,3,0.44999999999999996
gemma3:4b,29147062,,,,,,,fallback,3,
gemma3:4b,29139994,0.0,0.0,0.0,0.0,0.8,"This article discusses calendar patterns and occurrences, presenting factual information without a discernible political leaning. It focuses on astronomical and calendar conventions, making it neutral in its presentation.",ok,3,0.0
gemma3:4b,29150791,,,,,,,ok,3,
gemma3:4b,29152429,,,,,,,fallback,3,
gemma3:4b,29144178,,,,,,,fallback,3,
gemma3:4b,29148270,0.1,0.0,0.1,0.1,0.8,"The article presents a balanced overview of the challenges to holding elections in Ukraine, citing both Ukrainian and US perspectives. It highlights the conditions set by Zelensky for elections and the obstacles posed by the ongoing conflict.",ok,3,0.07500000000000001
gemma3:4b,29148433,0.0,0.1,0.1,0.0,0.8,"The article focuses on the deceased's character and family, presenting a respectful and neutral account of his passing. The mention of his faith and courage adds a slightly positive framing.",ok,3,0.05
gemma3:4b,29134900,,,,,,,fallback,3,
gemma3:4b,29134266,0.2,0.7,0.6,0.0,0.8,"The article leans right by criticizing US policy and advocating for European autonomy. It frames the US as actively seeking to undermine the EU, highlighting concerns about American influence and European dependence. The guest, Gnesotto, expresses skepticism towards the US alliance and pushes for a more independent European defense strategy.",ok,3,0.375
gemma3:4b,29153846,,,,,,,ok,3,
gemma3:4b,29143391,0.2,0.7,0.3,0.6,0.8,"The article focuses on concerns about potential links between Swiss universities and Israeli military research, framing the issue as ethical and potentially involving war crimes. The primary voice is a prominent climate scientist, Julia Steinberger, who expresses strong criticism, suggesting a slight right-leaning framing due to the critique of governmental and military actions.",ok,3,0.44999999999999996
gemma3:4b,29150974,0.1,0.2,0.1,0.0,0.8,"The article expresses concern about attacks on lawyers and the intense media scrutiny surrounding a legal case. It emphasizes the importance of a fair and impartial justice system, urging restraint and adherence to legal procedures.",ok,3,0.1
gemma3:4b,29148256,0.3,0.6,0.8,0.1,0.8,"The article focuses on a case of alleged exploitation and abuse, presenting a sympathetic view of the Filipino worker's situation. It highlights the problematic nature of the employer's practices and the legal challenges faced by the worker, leaning slightly towards a critical perspective.",ok,3,0.45
gemma3:4b,28980688,,,,,,,fallback,3,
gemma3:4b,29123091,0.0,0.0,0.0,0.0,0.8,This article is a standard contest announcement with legal disclaimers and sponsor information. It doesn't exhibit any clear political leaning or bias in its framing or treatment of any particular group.,ok,3,0.0
gemma3:4b,29142442,0.1,0.2,0.3,0.2,0.8,"The article presents a largely neutral overview of the Olympic opening ceremony, highlighting key events and figures. It includes mentions of prominent Italian and Swiss political figures, suggesting a balanced approach.",ok,3,0.2
gemma3:4b,29138340,,,,,,,fallback,3,
gemma3:4b,29147331,,,,,,,ok,3,
gemma3:4b,29115321,,,,,,,fallback,3,
gemma3:4b,29147656,0.1,0.2,0.3,0.0,0.8,The article focuses on the aftermath of a tragic fire and the support being provided to victims and their families. It highlights the shortcomings of the existing insurance system and the efforts to establish amicable agreements and financial assistance.,ok,3,0.15000000000000002
gemma3:4b,29147828,,,,,,,ok,3,
gemma3:4b,29144921,,,,,,,fallback,3,
MichelRosselli/apertus:latest,29152239,,,,,,,fallback,3,
MichelRosselli/apertus:latest,29147304,,,,,,,fallback,3,
MichelRosselli/apertus:latest,29147162,,,,,,,fallback,3,
MichelRosselli/apertus:latest,29134931,,,,,,,fallback,3,
MichelRosselli/apertus:latest,29154335,0.0,-1.0,0.0,0.0,0.85,"L'article est centré sur un événement naturel, sans inclure de commentaires politiques ou d'opinions partisanes.",ok,3,-0.25
MichelRosselli/apertus:latest,29153734,,,,,,,fallback,3,
MichelRosselli/apertus:latest,29147820,,,,,,,fallback,3,
MichelRosselli/apertus:latest,29142365,0.0,-1.0,0.0,0.0,0.57,"L'article présente des faits et analyse les causes de la chute du bitcoin, sans prendre parti politique.",ok,3,-0.25
MichelRosselli/apertus:latest,29151828,,,,,,,fallback,3,
MichelRosselli/apertus:latest,29147062,,,,,,,fallback,3,
MichelRosselli/apertus:latest,29139994,,,,,,,fallback,3,
MichelRosselli/apertus:latest,29150791,,,,,,,fallback,3,
MichelRosselli/apertus:latest,29152429,,,,,,,fallback,3,
MichelRosselli/apertus:latest,29144178,,,,,,,fallback,3,
MichelRosselli/apertus:latest,29148270,,,,,,,fallback,3,
MichelRosselli/apertus:latest,29148433,,,,,,,fallback,3,
MichelRosselli/apertus:latest,29134900,,,,,,,fallback,3,
MichelRosselli/apertus:latest,29134266,0.0,-1.0,-1.0,0.0,0.75,"L'article aborde des thèmes complexes tels que la dépendance de l'Europe aux États-Unis, l'autonomie européenne et les divisions internes au sein de l'Union européenne. Il n'y a pas d'invités politiques spécifiques mentionnés.",ok,3,-0.5
MichelRosselli/apertus:latest,29153846,0.0,-1.0,-1.25,0.0,0.98,"L'article aborde la problématique de la pauvreté en Suisse, mettant l'accent sur les inégalités régionales et le fait que certains groupes (enfants, familles monoparentales) sont particulièrement touchés. Le ton est plutôt critique envers les conditions socio-économiques actuelles.",ok,3,-0.5625
MichelRosselli/apertus:latest,29143391,,,,,,,fallback,3,
MichelRosselli/apertus:latest,29150974,,,,,,,fallback,3,
MichelRosselli/apertus:latest,29148256,,,,,,,fallback,3,
MichelRosselli/apertus:latest,28980688,,,,,,,fallback,3,
MichelRosselli/apertus:latest,29123091,,,,,,,fallback,3,
MichelRosselli/apertus:latest,29142442,0.0,-1.0,0.0,0.0,0.85,"The article focuses on the Olympics opening ceremony and its events, without taking a clear political stance or favoring any specific group.",ok,3,-0.25
MichelRosselli/apertus:latest,29138340,,,,,,,fallback,3,
MichelRosselli/apertus:latest,29147331,,,,,,,fallback,3,
MichelRosselli/apertus:latest,29115321,,,,,,,fallback,3,
MichelRosselli/apertus:latest,29147656,,,,,,,fallback,3,
MichelRosselli/apertus:latest,29147828,,,,,,,fallback,3,
MichelRosselli/apertus:latest,29144921,,,,,,,fallback,3,
llama3.2:latest,29152239,,,,,,,fallback,4,
llama3.2:latest,29147304,,,,,,,fallback,4,
llama3.2:latest,29147162,,,,,,,fallback,4,
llama3.2:latest,29134931,,,,,,,fallback,4,
llama3.2:latest,29154335,-0.5,0.0,0.0,0.0,1.0,"L'article présente un ton neutre et évite toute interprétation politique, traitant uniquement de l'évènement géologique. Les faits sont présentés sans parti pris.",ok,4,-0.125
llama3.2:latest,29153734,-0.0,-0.5,-0.3,0.0,0.7,"L'article semble adopter une perspective critique envers les entreprises accusées de réagir trop tardivement aux rappels de produits contaminés, ce qui suggère un légère tendance à gauche dans la framing du sujet.",ok,4,-0.2
llama3.2:latest,29147820,-0.3,0.05,0.1,0.0,0.65,"La réforme prévoit des mesures destinées à soutenir les jeunes adultes, ce qui suggère un ton légèrement favorable au côté gauche. Cependant, il est important de noter que la réforme également vise à stabiliser et assainir les finances de l'AI, ce qui pourrait être perçu comme une mesure neutre ou même légèrement favorisant le côté droit.",ok,4,-0.0375
llama3.2:latest,29142365,-0.3,0.1,0.0,0.0,0.8,"L'article présente un ton relativement neutre, mais utilise un vocabulaire légèrement plus formal et technique que les articles de généralistes, ce qui pourrait suggérer une orientation légèrement à droite.",ok,4,-0.049999999999999996
llama3.2:latest,29151828,,,,,,,fallback,4,
llama3.2:latest,29147062,,,,,,,fallback,4,
llama3.2:latest,29139994,,,,,,,fallback,4,
llama3.2:latest,29150791,-0.1,0.0,-0.05,0.0,0.7,"Les sources citées sont variées, allant de concert de musique classique à spectacle de marionnettes, passant par un événement sportif. Aucune source n'a une préférence clairement de gauche ou de droite.",ok,4,-0.037500000000000006
llama3.2:latest,29152429,,,,,,,fallback,4,
llama3.2:latest,29144178,,,,,,,fallback,4,
llama3.2:latest,29148270,,,,,,,fallback,4,
llama3.2:latest,29148433,-0.1,-0.3,0.0,-0.5,0.4,"Le sujet est neutre, mais le ton de l'article semble légèrement sympathique envers James Van Der Beek.",ok,4,-0.225
llama3.2:latest,29134900,,,,,,,fallback,4,
llama3.2:latest,29134266,,,,,,,fallback,4,
llama3.2:latest,29153846,-0.1,-0.2,-0.3,-0.1,0.8,"L'article présente un ton critique envers la Suisse pour son accès aux soins médicaux et sa lutte contre la pauvreté, ce qui suggère une orientation de gauche. La préférence accordée à des études comme l'expérience des mineurs vivant dans les ménages monoparentaux peut également être interprétée comme un accent de gauche. Cependant, le ton n'est pas outrancier et la discussion reste centrée sur les chiffres et les statistiques, ce qui maintient une certaine neutralité.",ok,4,-0.17500000000000002
llama3.2:latest,29143391,-0.3,0.2,-0.1,-0.5,0.6,"L'article présente un ton neutre et fournit des citations de Julia Steinberger, une universitaire lausannoise, pour soutenir son argumentation. Cependant, l'attitude du Département fédéral de l'Economie, de la formation et de la recherche est évoquée sans être explicitement citée dans le texte, ce qui pourrait indiquer une légère tendance à la neutralité.",ok,4,-0.175
llama3.2:latest,29150974,-0.5,0.3,-0.2,0.1,0.9,"L'article présente une vision généralement positive de la justice et des avocats, avec un ton respectueux envers les victimes et leurs proches. La mention d'une « climat de tension » est évoquée sans détails concrets, ce qui pourrait suggérer une légère orientation à gauche dans l'élaboration du récit.",ok,4,-0.07500000000000001
llama3.2:latest,29148256,,,,,,,fallback,4,
llama3.2:latest,28980688,-0.1,0.8,0.7,0.9,0.85,"L'article présente une vision positive de la relation économique entre l'Irak et la Suisse, en mettant en avant les opportunités d'investissement et la stabilité du pays. Les citations des ambassadeurs suisses et des entrepreneurs irakiens sont également présentées comme positives et favorables à l'établissement de partenariats économiques.",ok,4,0.575
llama3.2:latest,29123091,0.0,-0.02,0.0,0.0,0.8,"L'article présente un concours de ski et de week-end en hiver, avec des prix offerts par des marques suisses. Le ton est neutre et les informations sont fournies de manière claire, sans aucune orientation politique ou idéologique.",ok,4,-0.005
llama3.2:latest,29142442,-0.02,0.03,-0.01,0.01,0.88,"La cérémonie d'ouverture des Jeux olympiques d'hiver à Milan a été marquée par un message de paix et d'harmonie, avec une direction artistique confiée à Marco Ballich. La cérémonie a également présenté des hommages à la mode et au design, ainsi qu'à des personnalités internationales telles que Mariah Carey et Lang Lang.",ok,4,0.0024999999999999996
llama3.2:latest,29138340,,,,,,,fallback,4,
llama3.2:latest,29147331,,,,,,,fallback,4,
llama3.2:latest,29115321,,,,,,,fallback,4,
llama3.2:latest,29147656,-0.2,-0.1,-0.4,0.0,0.8,"L'article souligne également la nécessité d'une aide supplémentaire pour les familles et les proches des victimes, ce qui suggère une certaine préoccupation pour la situation des victimes.",ok,4,-0.17500000000000002
llama3.2:latest,29147828,-0.0,-1.0,-0.5,0.0,0.8,"L'article présente une perspective pro-ukrainienne, avec des témoignages et des observations qui mettent en avant les souffrances des Ukrainiens et la menace permanente de la guerre. La présentation de l'expérience des Européens de l'Est est critiquée par Maurine Mercier, ce qui suggère une attitude critique à l'égard de la représentation occidentale de ces régions.",ok,4,-0.375
llama3.2:latest,29144921,,,,,,,fallback,4,
gemma2:latest,29152239,,,,,,,fallback,4,
gemma2:latest,29147304,0.0,0.0,0.0,0.0,0.95,The article focuses on the athletic performance of Swiss skiers in an Olympic event. There is no discernible political slant or bias.,ok,4,0.0
gemma2:latest,29147162,,,,,,,fallback,4,
gemma2:latest,29134931,,,,,,,fallback,4,
gemma2:latest,29154335,0.0,0.0,0.0,0.0,0.95,The article reports on a factual event with no discernible political slant. ,ok,4,0.0
gemma2:latest,29153734,,,,,,,fallback,4,
gemma2:latest,29147820,,,,,,,fallback,4,
gemma2:latest,29142365,,,,,,,fallback,4,
gemma2:latest,29151828,,,,,,,fallback,4,
gemma2:latest,29147062,,,,,,,fallback,4,
gemma2:latest,29139994,,,,,,,fallback,4,
gemma2:latest,29150791,,,,,,,fallback,4,
gemma2:latest,29152429,,,,,,,fallback,4,
gemma2:latest,29144178,,,,,,,fallback,4,
gemma2:latest,29148270,,,,,,,fallback,4,
gemma2:latest,29148433,,,,,,,fallback,4,
gemma2:latest,29134900,,,,,,,recovered,4,
gemma2:latest,29134266,,,,,,,fallback,4,
gemma2:latest,29153846,,,,,,,fallback,4,
gemma2:latest,29143391,,,,,,,fallback,4,
gemma2:latest,29150974,,,,,,,fallback,4,
gemma2:latest,29148256,,,,,,,fallback,4,
gemma2:latest,28980688,,,,,,,fallback,4,
gemma2:latest,29123091,,,,,,,fallback,4,
gemma2:latest,29142442,,,,,,,fallback,4,
gemma2:latest,29138340,,,,,,,fallback,4,
gemma2:latest,29147331,,,,,,,fallback,4,
gemma2:latest,29115321,,,,,,,fallback,4,
gemma2:latest,29147656,,,,,,,fallback,4,
gemma2:latest,29147828,-0.3,-0.6,-0.7,0.0,0.7,The article focuses on the historical and ongoing suffering of Ukrainians due to conflict. The framing emphasizes Russian brutality and Ukrainian resilience.,ok,4,-0.39999999999999997
gemma2:latest,29144921,,,,,,,fallback,4,
phi3:mini,29152239,,,,,,,fallback,4,
phi3:mini,29147304,,,,,,,fallback,4,
phi3:mini,29147162,,,,,,,fallback,4,
phi3:mini,29134931,,,,,,,fallback,4,
phi3:mini,29154335,,,,,,,fallback,4,
phi3:mini,29153734,,,,,,,fallback,4,
phi3:mini,29147820,-0.1,-0.3,-0.5,0.0,0.9,"The article appears to favor the right with a left-leaning tone and language towards welfare reforms for young adults, but it's still relatively balanced overall.",ok,4,-0.225
phi3:mini,29142365,-0.5,-1.0,-0.9,-1.0,0.85,The article clearly presents a negative view towards Bitcoin and other tech investments while favoring traditional assets like gold and silver.,ok,4,-0.85
phi3:mini,29151828,,,,,,,fallback,4,
phi3:mini,29147062,,,,,,,fallback,4,
phi3:mini,29139994,,,,,,,fallback,4,
phi3:mini,29150791,,,,,,,fallback,4,
phi3:mini,29152429,,,,,,,fallback,4,
phi3:mini,29144178,,,,,,,fallback,4,
phi3:mini,29148270,,,,,,,fallback,4,
phi3:mini,29148433,-1.0,-1.0,-1.0,0.0,0.95,The article portrays James Van Der Beek in a compassionate light with negative bias towards disease and death which leans left politically.,ok,4,-0.75
phi3:mini,29134900,,,,,,,fallback,4,
phi3:mini,29134266,,,,,,,fallback,4,
phi3:mini,29153846,,,,,,,fallback,4,
phi3:mini,29143391,,,,,,,fallback,4,
phi3:mini,29150974,,,,,,,fallback,4,
phi3:mini,29148256,,,,,,,fallback,4,
phi3:mini,28980688,,,,,,,fallback,4,
phi3:mini,29123091,,,,,,,fallback,4,
phi3:mini,29142442,-0.1,-0.3,0.0,0.1,0.85,The article is slightly left-leaning due to its focus on the symbolic connection between city and mountains as well as international representation within Italy's borders which reflect a more global perspective that can align with progressive ideals. The positive tone towards multiculturalism in sports events suggests some leaning toward inclusivity often associated with liberal viewpoints.,ok,4,-0.07500000000000001
phi3:mini,29138340,,,,,,,fallback,4,
phi3:mini,29147331,,,,,,,fallback,4,
phi3:mini,29115321,,,,,,,fallback,4,
phi3:mini,29147656,-0.2,-0.3,-0.4,-0.1,0.95,The article shows a clear preference for the victim's rights and portrayal of negligence by authorities but lacks strong partisan language or representation.,ok,4,-0.25
phi3:mini,29147828,,,,,,,fallback,4,
phi3:mini,29144921,,,,,,,fallback,4,
qwen2.5:3b-instruct,29152239,-1.0,-1.0,-1.0,0.0,1.0,"The article focuses heavily on the attacks by Israel and their violations of a ceasefire, portraying Hamas as the aggressor and criticizing both parties equally but highlighting Israeli actions more.",ok,4,-0.75
qwen2.5:3b-instruct,29147304,-0.4,-0.6,-0.8,0.0,1.0,"The article focuses on a Swiss skier's success, which is left-leaning as it highlights the achievement of a local athlete. The tone is neutral regarding other athletes and commentators.",ok,4,-0.45
qwen2.5:3b-instruct,29147162,,,,,,,fallback,4,
qwen2.5:3b-instruct,29134931,,,,,,,fallback,4,
qwen2.5:3b-instruct,29154335,0.0,0.0,0.0,0.0,1.0,The article discusses a rockslide incident without taking any political stance or bias towards either side.,ok,4,0.0
qwen2.5:3b-instruct,29153734,-0.3,-0.7,-0.6,0.0,1.0,"The article focuses on regulatory responses and corporate accountability rather than consumer rights or industry practices, indicating a left-leaning framing.",ok,4,-0.4
qwen2.5:3b-instruct,29147820,-0.3,-0.7,-0.5,0.0,1.0,"The article focuses on the growing number of disability benefits and their impact, presenting a balanced view with both positive and negative aspects.",ok,4,-0.375
qwen2.5:3b-instruct,29142365,-0.3,-0.6,-0.5,0.0,1.0,"The article discusses the drop in Bitcoin prices, focusing on forced selling and its impact on other markets like gold and silver, with a moderate left-leaning framing.",ok,4,-0.35
qwen2.5:3b-instruct,29151828,-1.0,-1.0,-1.0,-1.0,1.0,"The article heavily favors the Iranian opposition and monarchy, criticizing the current regime in Iran.",ok,4,-1.0
qwen2.5:3b-instruct,29147062,,,,,,,fallback,4,
qwen2.5:3b-instruct,29139994,,,,,,,fallback,4,
qwen2.5:3b-instruct,29150791,-0.4,-0.5,-0.5,0.0,0.9,"The article contains a mix of topics, but leans towards the left with its focus on young audiences and contemporary art forms.",ok,4,-0.35
qwen2.5:3b-instruct,29152429,-0.75,-0.62,-0.83,-0.43,1.0,"The article heavily focuses on the political implications and tensions between far-left and far-right groups, highlighting their rhetoric and violence. It also presents conflicting narratives from different parties involved.",ok,4,-0.6575000000000001
qwen2.5:3b-instruct,29144178,-0.2,-0.4,-0.3,0.0,1.0,"The article discusses two incidents of animal neglect, highlighting the need for better detection and intervention. It presents both government measures and farmer perspectives, maintaining a balanced tone.",ok,4,-0.22500000000000003
qwen2.5:3b-instruct,29148270,-0.4,-0.6,-0.8,0.0,1.0,"The article heavily focuses on the challenges of organizing elections during wartime, presenting a predominantly left-leaning perspective.",ok,4,-0.45
qwen2.5:3b-instruct,29148433,0.0,0.0,0.0,0.0,1.0,The article does not contain any political information or bias.,ok,4,0.0
qwen2.5:3b-instruct,29134900,,,,,,,fallback,4,
qwen2.5:3b-instruct,29134266,-1.0,-1.0,-1.0,-1.0,1.0,"The article focuses heavily on the tension between Europe and the United States, presenting a critical view of American influence and support for European security. ",ok,4,-1.0
qwen2.5:3b-instruct,29153846,-0.5,-0.7,-0.6,0.0,1.0,"The article focuses on social issues such as poverty and health care, with a clear left-leaning subject bias and framing that highlights the negative aspects of these issues.",ok,4,-0.44999999999999996
qwen2.5:3b-instruct,29143391,-1.0,-1.0,-1.0,-1.0,1.0,"The article focuses on a left-leaning topic and uses framing that is decidedly critical of Israel's scientific cooperation with the country, favoring strong ethical oversight in scientific research.",ok,4,-1.0
qwen2.5:3b-instruct,29150974,-1.0,-1.0,-1.0,0.0,0.95,"The article heavily condemns attacks against defense lawyers and calls for restraint, demonstrating a clear left-leaning stance on legal rights and judicial independence.",ok,4,-0.75
qwen2.5:3b-instruct,29148256,-0.5,-0.75,-0.5,0.0,1.0,"The article focuses on the exploitation of a Filipino domestic worker in Switzerland, highlighting the legal challenges faced by victims and calling for better protection mechanisms.",ok,4,-0.4375
qwen2.5:3b-instruct,28980688,-0.2,-0.4,-0.5,-0.3,0.9,"The article highlights a positive economic relationship between Switzerland and Iraq, but also points out the risks and complexities involved.",ok,4,-0.35000000000000003
qwen2.5:3b-instruct,29123091,0.0,0.0,0.0,0.0,1.0,"The article is purely informative and does not contain any bias in terms of subject, framing, treatment or guest voices.",ok,4,0.0
qwen2.5:3b-instruct,29142442,0.0,-0.1,-0.3,0.0,0.85,"The article is mostly neutral on subject and framing, but slightly leans towards the right in its treatment of events.",ok,4,-0.1
qwen2.5:3b-instruct,29138340,,,,,,,fallback,4,
qwen2.5:3b-instruct,29147331,-0.4,-0.3,-0.5,-0.2,1.0,"The article focuses more on Alpine skiing and biathlon achievements, with no prominent guest voices identified. The tone is neutral towards the subject matter.",ok,4,-0.35
qwen2.5:3b-instruct,29115321,,,,,,,fallback,4,
qwen2.5:3b-instruct,29147656,-0.3,-0.6,-0.4,0.0,0.9,"The article highlights the need for more support and compensation for victims, particularly from private insurance companies which are often insufficient. It also mentions efforts to organize discussions between parties involved in cases.",ok,4,-0.32499999999999996
qwen2.5:3b-instruct,29147828,-1.0,-1.0,-1.0,0.0,0.95,"The article focuses on the European East's perspective of WWII, highlighting their historical trauma and current suffering under Russian aggression, leaning heavily towards a left-leaning narrative.",ok,4,-0.75
qwen2.5:3b-instruct,29144921,,,,,,,fallback,4,
gemma3:4b,29152239,,,,,,,fallback,4,
gemma3:4b,29147304,0.0,0.2,0.7,0.6,0.8,"The article focuses on Swiss skiers' successes at the Olympics, primarily highlighting Franjo von Allmen's multiple wins and achievements. The tone is celebratory and emphasizes the historical significance of his accomplishments, favoring the positive outcomes of the Swiss team.",ok,4,0.375
gemma3:4b,29147162,,,,,,,fallback,4,
gemma3:4b,29134931,,,,,,,fallback,4,
gemma3:4b,29154335,0.0,0.0,0.0,0.0,0.9,This article reports on a natural event (a rockslide) with a focus on the actions taken to mitigate the risk. There is no discernible political leaning or biased treatment of any group.,ok,4,0.0
gemma3:4b,29153734,0.2,0.3,-0.4,0.0,0.8,"The article primarily focuses on the response (or lack thereof) of food companies to a product recall, highlighting concerns about delayed action. The tone is critical of the companies' reaction while reassuring the public that authorities are taking action.",ok,4,0.024999999999999994
gemma3:4b,29147820,0.0,0.1,0.2,0.0,0.8,"The article discusses a Swiss government proposal to address rising disability insurance claims, particularly among young adults. It focuses on measures to encourage workforce participation and stabilize the insurance finances, presenting a balanced approach.",ok,4,0.07500000000000001
gemma3:4b,29142365,,,,,,,fallback,4,
gemma3:4b,29151828,0.3,0.6,0.7,0.2,0.8,"The article primarily focuses on the opposition movement in Iran, framing it as a call for democratic change and international intervention. It features voices advocating for the overthrow of the current regime, largely supported by Western figures like Trump and Reza Pahlavi.",ok,4,0.44999999999999996
gemma3:4b,29147062,,,,,,,fallback,4,
gemma3:4b,29139994,,,,,,,fallback,4,
gemma3:4b,29150791,0.0,0.0,0.0,0.0,0.8,"The article presents a variety of cultural and musical events across Switzerland, with no clear political leaning. It focuses on diverse artistic performances and competitions.",ok,4,0.0
gemma3:4b,29152429,,,,,,,fallback,4,
gemma3:4b,29144178,0.2,0.3,0.1,0.0,0.7,"The article presents a factual account of animal neglect and subsequent investigation, with a focus on the systemic issues and preventative measures. It highlights the farmer's perspective while also incorporating the views of officials and agricultural representatives.",ok,4,0.15
gemma3:4b,29148270,0.1,0.0,0.1,0.1,0.8,"The article presents a balanced view of the situation regarding Ukrainian elections, citing both US pressure and Ukrainian concerns about security and ongoing conflict. It highlights the significant obstacles to holding elections in the current circumstances.",ok,4,0.07500000000000001
gemma3:4b,29148433,0.0,0.1,0.1,0.0,0.8,"The article presents a straightforward obituary for a deceased individual. The language used ('courage, foi et dignité') leans slightly towards a traditional, faith-based perspective, but the core focus is simply reporting the facts of his life and passing.",ok,4,0.05
gemma3:4b,29134900,0.7,0.8,0.9,0.2,0.8,"The article overwhelmingly depicts the dire humanitarian situation in Gaza, highlighting the ongoing suffering and lack of opportunity despite attempts at development. The focus on Israeli restrictions and the voices of Gazan residents clearly lean towards a critical perspective.",ok,4,0.65
gemma3:4b,29134266,,,,,,,fallback,4,
gemma3:4b,29153846,,,,,,,ok,4,
gemma3:4b,29143391,0.2,0.6,0.3,0.4,0.8,"The article focuses on concerns about potential links between Swiss scientific research and the Israeli military, framing the issue as a matter of ethical responsibility. The article presents a critical perspective on Israeli government policies and highlights the concerns of the activist group, while maintaining a neutral stance on the overall situation.",ok,4,0.375
gemma3:4b,29150974,0.1,0.2,0.2,0.0,0.8,"The article expresses concern about the treatment of lawyers and advocates for a fair trial, emphasizing the importance of judicial independence and respect for legal proceedings. It calls for restraint and a focus on the principles of the rule of law.",ok,4,0.125
gemma3:4b,29148256,0.3,0.6,0.8,0.1,0.8,"The article primarily focuses on the exploitation of a foreign worker in Switzerland, framing the situation as an injustice and highlighting the potential for abuse within the system. It leans towards a sympathetic treatment of the worker, Jonathan Manilo, and incorporates expert commentary reinforcing the need for stronger protections.",ok,4,0.45
gemma3:4b,28980688,0.0,0.2,0.3,0.3,0.8,"The article presents a largely neutral overview of Swiss-Iraqi economic relations, highlighting opportunities and challenges. It subtly favors a positive outlook by emphasizing Swiss strengths and the Iraqi government's desire for modernization.",ok,4,0.2
gemma3:4b,29123091,0.0,0.0,0.0,0.0,0.8,"This article is a straightforward announcement of a series of contests and giveaways associated with a Swiss television channel (RTS). It details the prizes, rules, and conditions without expressing any particular political leaning or favoring any group.",ok,4,0.0
gemma3:4b,29142442,0.0,0.1,0.1,0.2,0.8,"The article provides a straightforward account of the opening ceremony, highlighting key events and participants. It includes mentions of prominent Italian and Swiss figures, leaning slightly towards a neutral perspective due to the focus on celebrating the event itself.",ok,4,0.1
gemma3:4b,29138340,,,,,,,fallback,4,
gemma3:4b,29147331,0.0,0.0,0.0,0.0,0.8,"The article provides a neutral overview of Swiss performance in several winter sports events, focusing on results and athlete details. It highlights successes and failures across skiing, snowboarding, and biathlon.",ok,4,0.0
gemma3:4b,29115321,,,,,,,fallback,4,
gemma3:4b,29147656,0.1,0.2,0.1,0.0,0.8,"The article discusses the response to a tragic fire in Crans-Montana, focusing on financial aid and legal recourse for victims. It highlights the limitations of existing systems and the efforts to establish amicable settlements.",ok,4,0.1
gemma3:4b,29147828,0.9,0.8,0.9,0.0,0.8,"The article heavily frames the ongoing conflict through the lens of historical trauma, particularly focusing on the experiences of Poland and Ukraine due to the legacy of Nazi Germany and the current Russian invasion. It presents a deeply negative portrayal of Russian actions and highlights the enduring impact of war on civilian lives.",ok,4,0.65
gemma3:4b,29144921,,,,,,,fallback,4,
MichelRosselli/apertus:latest,29152239,0.0,-1.0,-1.0,0.0,0.85,"L'article présente un point de vue neutre, se concentrant sur les faits et les déclarations des deux parties sans prendre parti.",ok,4,-0.5
MichelRosselli/apertus:latest,29147304,0.0,-1.0,-1.0,0.0,0.95,"L'article se concentre sur les résultats de la descente olympique et du combiné, sans inclure d'opinion politique claire.",ok,4,-0.5
MichelRosselli/apertus:latest,29147162,0.0,-1.0,-1.0,0.0,0.98,"L'article traite de la réglementation européenne sur les déchets textiles, qui vise à réduire la destruction des invendus et à promouvoir une transition vers des pratiques plus circulaires dans le secteur textile.",ok,4,-0.5
MichelRosselli/apertus:latest,29134931,0.0,-1.0,0.0,0.0,0.65,"L'article traite un événement tragique sans prendre parti, mais il met en lumière les lacunes dans la gestion des zones de danger en Italie.",ok,4,-0.25
MichelRosselli/apertus:latest,29154335,0.0,-1.0,0.0,0.0,0.85,"L'article se concentre sur un événement naturel, sans inclure de points de vue politiques ou d'acteurs politiques.",ok,4,-0.25
MichelRosselli/apertus:latest,29153734,0.0,-1.0,-1.0,0.0,0.95,"The article focuses on the recent recalls of baby milk due to contamination with cereulide, a bacterial toxin. The director of the Office fédéral de la sécurité alimentaire et des affaires vétérinaires (OSAV) expresses dissatisfaction with the reaction times of companies involved and emphasizes the importance of immediate action in case of potential health risks.",ok,4,-0.5
MichelRosselli/apertus:latest,29147820,0.0,-1.0,0.0,0.0,0.95,"Le sujet est neutre (AI), le ton est critique envers les finances de l'AI, aucun invité politique clair.",ok,4,-0.25
MichelRosselli/apertus:latest,29142365,0.0,-1.0,-1.0,0.0,0.95,"L'article traite de manière neutre du sujet, sans favoriser un camp politique particulier.",ok,4,-0.5
MichelRosselli/apertus:latest,29151828,0.0,-1.0,0.0,-1.0,0.85,"The article discusses a large protest against the Iranian government, with participants calling for democracy and an end to the Islamic Republic. The opposition leader Reza Pahlavi is seen as a potential symbol of unity among different political factions.",ok,4,-0.5
MichelRosselli/apertus:latest,29147062,0.0,-1.0,-1.0,0.0,0.95,"Article focuses on Trump's comments about Switzerland and its economic relationship with the U.S., without clear political actors.",ok,4,-0.5
MichelRosselli/apertus:latest,29139994,0.0,-0.25,0.0,0.0,0.8,"L'article présente un fait mathématique et historique sans inclinaison politique évidente, mais avec une légère tendance à expliquer les phénomènes astronomiques et calendaires.",ok,4,-0.0625
MichelRosselli/apertus:latest,29150791,0.0,-1.0,0.0,0.0,0.95,"Le sujet et le traitement sont neutres, mais le cadre est légèrement à gauche.",ok,4,-0.25
MichelRosselli/apertus:latest,29152429,0.0,-1.0,0.0,0.0,0.75,"Le drame a été présenté comme une rixe entre militants d'extrême droite et d'extrême gauche, avec des accusations de violence physique. Le président Macron a appelé au calme et à la retenue, tandis que le parti LFI s'est défendu de toute implication.",ok,4,-0.25
MichelRosselli/apertus:latest,29144178,0.0,-1.0,0.0,0.0,0.85,"L'article traite de deux affaires de maltraitance animale dans la vallée de La Brévine, en Suisse. Il présente des témoignages anonymes d'un agriculteur qui a négligé son bétail et les réactions des autorités vétérinaires et du canton pour renforcer les contrôles.",ok,4,-0.25
MichelRosselli/apertus:latest,29148270,0.0,-1.0,0.0,0.0,0.85,"L'article traite de la situation en Ukraine et des obstacles à l'organisation d'élections, sans prendre clairement parti pour un camp politique.",ok,4,-0.25
MichelRosselli/apertus:latest,29148433,0.0,0.0,,0.0,0.5,Le contenu est principalement biographique et ne présente pas de biais politique clair.,ok,4,0.0
MichelRosselli/apertus:latest,29134900,0.0,-1.0,-1.0,0.0,0.95,"L'article met en lumière les conditions de vie difficiles et inhumaines dans la bande de Gaza, sans présenter un point de vue politique clair ou une analyse partisane des événements.",ok,4,-0.5
MichelRosselli/apertus:latest,29134266,0.0,-1.0,-1.0,0.0,0.85,"L'article aborde les tensions entre l'Europe et les États-Unis, en particulier concernant la dépendance de l'Europe envers le système militaire américain. Il met en lumière les divisions internes au sein de l'Union européenne sur la question de la défense collective et souligne la nécessité pour l'Europe d'acquérir une autonomie stratégique.",ok,4,-0.5
MichelRosselli/apertus:latest,29153846,0.0,-1.0,0.0,0.0,0.95,"The article discusses poverty in Switzerland, highlighting the increasing number of people living below the minimum vital income and the challenges faced by children from low-income families.",ok,4,-0.25
MichelRosselli/apertus:latest,29143391,0.0,-1.0,0.0,-1.0,0.85,"Le sujet de l'article est la mobilisation académique contre les liens entre la science et l'armée israélienne, ce qui peut être considéré comme un point de vue critique envers le gouvernement israélien. La framing bias est négative car l'article présente des critiques sur ces liens sans équivoque. Le traitement de l'information est neutre, avec une mention du collectif académique mais sans favoriser explicitement aucun côté. Les invités sont principalement les membres du collectif et Julia Steinberger, qui exprime un point de vue critique envers le gouvernement israélien, ce qui donne une bias guests négatif.",ok,4,-0.5
MichelRosselli/apertus:latest,29150974,0.0,-1.0,0.0,0.0,0.85,"Le communiqué des bâtonniers met en garde contre la médiatisation excessive et le climat de tension dans lequel se déroule une procédure judiciaire, sans prendre parti pour l'une ou l'autre des parties.",ok,4,-0.25
MichelRosselli/apertus:latest,29148256,0.0,-1.0,-1.0,0.0,0.58,"Le cas de Jonathan Manilo est présenté avec un ton critique envers les pratiques d’exploitation du travail en Suisse, ce qui suggère une tendance à gauche dans le traitement des informations.",ok,4,-0.5
MichelRosselli/apertus:latest,28980688,0.0,-1.0,0.0,0.0,0.85,"The article discusses Swiss-Iraqi economic relations, focusing on the potential for Swiss companies to invest in Iraq's reconstruction efforts. The tone is neutral and informative.",ok,4,-0.25
MichelRosselli/apertus:latest,29123091,0.0,0.0,0.0,0.0,0.5,"Le concours semble neutre politiquement, sans favoriser un parti ou une idéologie spécifique.",ok,4,0.0
MichelRosselli/apertus:latest,29142442,0.0,-1.0,0.0,0.0,0.95,"La cérémonie d'ouverture des Jeux olympiques d'hiver de Milan Cortina 2026 a été présentée comme un événement apolitique, mettant en avant la paix et l'harmonie culturelle. Les invités étaient principalement des artistes et athlètes internationaux, sans partis pris politiques évidents.",ok,4,-0.25
MichelRosselli/apertus:latest,29138340,0.0,-1.0,-1.0,0.0,0.95,"Le sujet de l'article est neutre, mais le ton et la narration sont légèrement négatifs envers les mesures proposées pour lutter contre le changement climatique.",ok,4,-0.5
MichelRosselli/apertus:latest,29147331,0.0,0.0,-1.0,0.0,0.75,"The article covers various sports events from the Winter Olympics, including skiing and snowboarding, with a neutral tone.",ok,4,-0.25
MichelRosselli/apertus:latest,29115321,0.0,-1.0,0.0,0.0,0.98,"L'article présente un point de vue critique sur la position des États-Unis et leur impact sur l'Europe, soulignant les tensions croissantes entre les deux parties. Il n'y a pas de prise de parti claire pour une partie politique en particulier.",ok,4,-0.25
MichelRosselli/apertus:latest,29147656,0.0,-1.0,-1.0,0.0,0.98,"L'article traite d'un incendie tragique qui a touché le Valais, soulignant les lacunes du système actuel en matière de soutien aux victimes et la nécessité de réformes. Le ton est neutre, sans favoriser clairement un camp politique.",ok,4,-0.5
MichelRosselli/apertus:latest,29147828,0.0,-1.0,0.0,0.0,0.85,"L'article traite de la guerre en Ukraine, mais il ne prend pas clairement parti pour une idéologie politique.",ok,4,-0.25
MichelRosselli/apertus:latest,29144921,0.0,-1.0,-1.0,0.0,0.75,"L'article traite d'un événement historique, sans favoriser une partie politique particulière.",ok,4,-0.5
